lot_id,model_name,line_no,prod_date,cell1_weight,cell2_weight,cell3_weight,cell4_weight,cell5_weight,cell6_weight,cell1_ginap,cell2_ginap,cell3_ginap,cell4_ginap,cell5_ginap,cell6_ginap,fill_weight,water_loss,voltage_1st,bath_no,circuit_no,soaking_time_sec,aging_days,voltage_2nd,electrolyte_temp,charge_amount,tank_temp
050C26A323622096H1,AGM50_H1,2,2026-01-22,149.215,147.769,147.101,150.683,150.387,153.158,44.19,46.18,45.22,43.55,45.48,44.35,446.2,27.3,2.03,2,12,1820,2,2.06,28.6,60.4,24.2
050C26A059505395H1,AGM50_H1,4,2026-01-24,151.9,154.166,156.078,158.687,149.966,156.558,44.54,43.98,47.39,46.47,45.47,45.15,453.6,28.8,2.07,5,15,2041,2,2.18,25.6,56.2,23.2
050C26A507146257H1,AGM50_H1,4,2026-01-26,147.378,153.439,149.917,148.991,154.492,150.301,43.68,46.51,43.87,42.72,45.77,44.36,451.1,33.5,2.04,5,12,2008,3,2.14,19.2,51.9,22.5
050C26A117190545H1,AGM50_H1,2,2026-01-03,150.106,146.54,153.822,154.53,147.88,146.685,44.3,45.84,44.85,45.93,45.73,45.69,456.3,32.8,1.98,4,17,1668,4,2.04,23.5,56.7,19.1
050C26A274330030H1,AGM50_H1,1,2026-01-26,152.604,147.465,141.501,147.949,150.28,147.947,45.35,46.07,45.24,44.46,43.99,44.6,476.3,43.2,2.01,5,10,1662,1,2.11,26.3,54.8,27.3
050C26A015708470H1,AGM50_H1,2,2026-01-01,143.511,156.17,153.515,152.704,155.029,150.879,43.1,45.43,44.9,44.98,43.73,45.01,435.2,35.6,2.05,3,7,1463,3,2.08,26.6,54.9,24.2
050C26A475593234H1,AGM50_H1,1,2026-01-12,146.826,146.343,141.641,145.991,144.598,143.75,45.33,44.85,45.88,45.89,45.28,44.92,441.7,26.9,2.11,4,10,2554,2,2.07,20.8,58.0,23.3
050C26A093907169H1,AGM50_H1,1,2026-01-27,150.102,150.306,147.677,150.158,151.034,145.832,45.81,45.9,43.45,44.79,45.01,45.63,442.3,33.2,2.11,9,12,1018,1,2.12,23.4,52.2,27.5
050C26A332585174H1,AGM50_H1,3,2026-01-11,154.339,153.447,153.59,160.076,158.29,155.09,44.49,46.13,45.6,45.91,44.49,44.43,450.1,28.7,2.01,5,3,1612,2,2.11,24.9,61.4,20.2
050C26A067683640H1,AGM50_H1,4,2026-01-22,156.119,154.14,152.307,153.536,149.863,148.527,43.61,44.46,45.78,46.28,44.07,45.98,445.5,31.6,2.03,6,7,2044,3,2.08,28.0,62.5,28.5
050C26A230740019H1,AGM50_H1,3,2026-01-15,141.894,144.763,151.746,148.551,142.514,156.814,44.88,44.24,44.95,45.51,45.79,45.19,457.1,38.6,2.06,2,3,2205,3,2.04,25.3,55.6,24.5
050C26A864989938H1,AGM50_H1,5,2026-01-13,147.476,145.098,153.338,142.803,147.373,146.376,47.29,44.33,45.28,44.92,46.49,44.97,453.7,38.4,2.11,6,6,1744,4,2.09,27.2,54.2,24.1
050C26A958675831H1,AGM50_H1,3,2026-01-05,142.324,142.868,143.817,150.411,144.147,143.676,44.53,47.45,43.24,46.73,45.73,45.84,438.0,38.6,2.06,5,9,2145,4,2.1,22.1,56.5,27.5
050C26B816513700H1,AGM50_H1,4,2026-02-27,152.593,154.909,153.927,150.736,155.55,154.675,45.03,45.53,46.06,44.89,45.03,45.21,436.7,34.7,2.0,4,17,1440,1,2.07,25.4,55.0,24.9
050C26B113774561H1,AGM50_H1,3,2026-02-07,156.721,163.103,152.332,161.133,154.143,162.599,45.27,46.05,45.87,45.34,45.3,44.87,447.9,34.0,2.09,5,7,1057,2,2.13,26.9,58.5,27.0
050C26B332192964H1,AGM50_H1,3,2026-02-16,138.199,152.661,140.877,157.674,150.947,148.301,45.09,46.05,45.4,43.88,44.04,42.56,449.9,49.6,2.04,7,8,1998,2,2.08,25.0,50.0,25.9
050C26B212963207H1,AGM50_H1,4,2026-02-23,147.748,148.785,147.943,149.31,148.849,147.918,43.57,46.24,45.32,45.64,45.41,45.75,440.3,26.0,2.02,5,6,1373,2,2.09,25.1,54.3,28.7
050C26B586282686H1,AGM50_H1,1,2026-02-13,150.73,153.707,149.36,151.788,149.207,154.625,45.65,45.23,45.45,43.35,44.41,43.91,454.6,29.5,2.01,6,6,2236,4,2.1,27.6,57.2,23.7
050C26B867968939H1,AGM50_H1,2,2026-02-13,152.482,154.823,155.417,151.786,153.624,151.204,44.72,45.49,44.03,44.41,45.0,45.26,449.3,35.7,2.04,7,14,1817,4,2.07,29.6,55.8,20.7
050C26B751066598H1,AGM50_H1,2,2026-02-22,159.078,158.146,154.747,160.024,158.13,158.071,45.16,44.51,45.68,45.36,42.84,45.43,466.5,39.0,2.03,4,16,1938,3,2.12,27.1,53.3,18.7
050C26B899401124H1,AGM50_H1,4,2026-02-17,142.368,142.41,143.852,139.834,143.936,144.838,45.02,44.59,44.91,46.7,45.62,42.45,453.1,32.1,2.08,8,9,1502,2,2.09,24.7,56.8,28.4
050C26B904427816H1,AGM50_H1,2,2026-02-19,149.27,157.024,162.983,159.691,149.82,151.944,43.86,44.9,43.27,46.34,45.5,46.86,459.5,43.3,2.03,8,15,1863,1,2.1,24.3,51.7,21.0
050C26B202666468H1,AGM50_H1,5,2026-02-25,151.879,151.184,149.478,152.395,149.009,153.915,45.36,42.07,44.15,45.41,43.64,46.54,448.0,34.2,2.07,8,11,1882,4,2.12,27.9,53.6,22.4
050C26B257491218H1,AGM50_H1,4,2026-02-18,150.436,148.289,146.828,149.505,150.441,152.855,46.41,45.02,44.94,46.18,44.0,45.86,443.8,37.4,2.03,7,6,1878,2,2.13,26.2,53.1,27.9
050C26B222822564H1,AGM50_H1,4,2026-02-03,141.743,143.641,141.226,143.956,146.934,144.493,45.41,45.45,46.58,44.34,44.82,43.98,455.8,40.1,2.02,6,2,2080,3,2.1,27.1,50.5,22.5
050C26B181178056H1,AGM50_H1,3,2026-02-13,155.724,160.548,154.83,150.372,165.685,157.03,46.09,46.29,44.9,45.19,46.19,45.28,451.5,53.2,2.04,9,4,1434,2,2.16,24.4,50.4,22.2
050C26C016667981H1,AGM50_H1,2,2026-03-05,146.471,146.062,144.331,144.432,145.722,140.59,45.18,44.27,45.46,44.67,43.57,46.41,450.6,38.8,1.99,4,15,1734,4,2.12,24.0,54.8,26.2
050C26C607608877H1,AGM50_H1,3,2026-03-12,153.163,150.641,148.011,147.277,150.702,147.093,46.46,46.67,45.48,44.97,45.48,45.01,451.0,35.9,2.06,3,8,1990,3,2.13,24.2,58.0,22.4
050C26C958645374H1,AGM50_H1,3,2026-03-23,141.108,142.226,144.434,149.501,150.573,143.617,44.2,44.16,45.15,46.18,45.67,43.4,461.1,43.6,2.04,5,10,1136,3,2.1,21.3,53.7,21.4
050C26C092613404H1,AGM50_H1,3,2026-03-25,148.6,152.4,150.063,143.497,143.106,148.469,44.63,44.02,46.78,43.27,43.96,44.46,468.0,39.6,2.03,5,13,1888,2,2.09,26.7,55.4,26.1
050C26C637438857H1,AGM50_H1,4,2026-03-16,145.598,144.372,145.601,148.765,146.941,146.993,45.84,44.89,45.62,45.63,44.33,44.7,443.5,30.6,2.11,5,1,1562,3,2.16,26.6,52.1,20.7
050C26C732610014H1,AGM50_H1,5,2026-03-11,148.975,148.153,147.799,148.541,145.868,148.478,44.7,45.96,46.39,44.99,45.05,46.78,455.6,33.5,2.07,6,11,2158,3,2.03,26.0,57.4,21.0
050C26C588019140H1,AGM50_H1,3,2026-03-03,145.081,153.513,147.212,150.215,149.467,144.865,43.3,45.88,43.93,44.28,46.42,45.21,455.6,35.5,2.02,3,17,1677,4,2.1,22.0,57.3,20.4
050C26C099056662H1,AGM50_H1,3,2026-03-16,142.28,151.107,155.088,157.803,156.374,145.846,44.14,45.49,42.45,44.24,43.22,43.71,431.4,41.9,2.01,5,7,1509,4,2.1,25.7,56.8,30.2
050C26C016727341H1,AGM50_H1,3,2026-03-12,150.387,152.477,146.988,151.603,150.506,146.569,46.42,44.95,44.32,45.81,45.38,45.51,450.7,36.7,2.05,5,4,1930,4,2.04,25.5,55.7,22.6
050C26C673644674H1,AGM50_H1,3,2026-03-26,150.46,154.19,155.013,152.502,152.917,153.304,44.83,44.76,46.46,43.41,47.11,43.15,445.2,32.1,2.01,9,15,2284,5,2.09,29.4,57.6,23.1
050C26C746372197H1,AGM50_H1,2,2026-03-12,147.927,149.922,150.416,147.184,148.042,146.246,45.91,44.47,45.61,44.84,45.35,45.43,453.3,28.5,2.05,6,5,1160,3,2.11,24.6,51.3,17.8
050C26C634038799H1,AGM50_H1,2,2026-03-04,141.176,150.838,144.224,153.729,146.99,145.617,45.87,45.11,44.43,45.82,45.1,46.22,435.2,31.8,2.06,4,18,1823,1,2.12,23.9,53.5,24.2
050C26C927725085H1,AGM50_H1,2,2026-03-26,142.475,144.686,142.523,141.307,143.192,143.949,44.91,44.37,45.2,45.67,45.23,44.09,452.6,30.6,2.04,10,10,1906,2,2.07,27.5,57.2,27.2
050C26D360848513H1,AGM50_H1,3,2026-04-26,147.559,148.996,153.121,154.372,154.552,151.936,44.4,44.94,46.79,45.62,45.75,45.37,449.1,32.8,2.06,7,12,1539,3,2.08,26.5,56.6,23.5
050C26D954513971H1,AGM50_H1,5,2026-04-07,147.353,144.425,146.827,153.95,147.802,147.095,46.15,47.04,43.27,44.66,45.21,45.32,462.0,46.8,2.06,4,16,1637,3,2.14,25.1,52.3,21.8
050C26D990852905H1,AGM50_H1,3,2026-04-14,136.228,139.183,143.254,143.589,140.998,138.038,44.73,43.62,45.07,46.28,46.4,44.76,446.1,43.0,2.08,5,16,1740,2,2.14,27.2,55.4,24.8
050C26D992972285H1,AGM50_H1,4,2026-04-18,152.161,152.125,156.783,150.924,157.949,152.331,44.66,43.92,44.61,44.58,45.51,47.32,461.6,34.6,2.01,4,7,2234,5,2.15,24.7,53.4,20.0
050C26D779090738H1,AGM50_H1,5,2026-04-15,141.727,143.501,143.626,140.894,144.447,144.251,45.72,43.48,45.82,45.76,45.06,43.5,461.2,44.8,2.11,6,17,1994,2,2.13,25.4,51.9,17.9
050C26D851598333H1,AGM50_H1,2,2026-04-18,151.962,152.75,154.563,151.62,151.589,156.0,45.8,45.01,42.66,46.05,43.98,44.63,445.9,32.0,2.07,7,6,2103,5,2.07,24.3,55.6,21.0
050C26D526924678H1,AGM50_H1,1,2026-04-19,158.811,151.173,149.539,150.039,147.02,151.694,44.7,46.68,46.08,43.45,43.76,46.39,452.0,43.3,2.08,4,16,1931,1,2.1,20.7,56.2,23.1
050C26D933995388H1,AGM50_H1,5,2026-04-05,156.8,156.81,154.715,157.107,155.636,154.829,46.43,43.51,43.44,45.68,46.25,43.22,434.7,42.9,2.04,5,12,1661,2,2.08,26.8,52.0,23.8
050C26D195332573H1,AGM50_H1,3,2026-04-14,140.459,147.665,147.11,149.506,152.77,138.177,44.97,44.37,44.91,44.16,43.93,45.71,463.6,44.5,2.09,7,10,1693,6,2.08,25.1,52.2,26.1
050C26D224124039H1,AGM50_H1,1,2026-04-04,151.824,144.31,148.815,152.331,150.133,152.22,45.8,44.87,43.66,45.81,46.18,45.58,450.0,36.5,2.01,5,10,2064,5,2.06,24.1,58.8,27.1
050C26D675260811H1,AGM50_H1,3,2026-04-06,149.961,148.616,149.929,148.717,149.875,149.492,44.91,45.54,42.65,44.74,46.26,44.94,445.0,22.8,2.05,4,14,1938,1,2.13,23.9,58.4,29.5
050C26D401932044H1,AGM50_H1,3,2026-04-24,150.835,140.617,151.535,149.641,148.563,151.639,44.44,44.71,46.57,46.71,44.62,43.71,455.5,41.0,2.05,3,6,1963,2,2.15,26.2,60.2,21.2
050C26D401798499H1,AGM50_H1,2,2026-04-12,151.626,153.376,154.579,147.096,150.663,149.804,46.2,44.94,44.67,46.33,42.95,46.05,439.2,37.0,2.08,6,6,1963,6,2.1,21.0,58.9,24.6
050C26E302327925H1,AGM50_H1,4,2026-05-07,147.027,151.435,151.839,149.783,145.194,149.257,43.5,43.64,44.78,45.89,43.74,45.32,456.4,35.7,2.06,5,12,1870,3,2.12,26.6,58.7,27.2
050C26E755488141H1,AGM50_H1,2,2026-05-01,149.935,149.344,149.786,149.709,151.229,148.21,44.97,44.38,43.64,45.26,47.08,45.15,434.0,32.2,2.05,8,2,2347,4,2.09,24.4,52.5,27.0
050C26E517552015H1,AGM50_H1,3,2026-05-21,146.981,151.225,147.286,149.15,145.344,148.163,45.73,44.72,42.93,44.96,46.15,44.11,458.4,28.8,2.05,6,8,1743,4,2.09,27.4,54.6,22.3
050C26E887405816H1,AGM50_H1,1,2026-05-07,149.557,151.262,148.526,145.666,148.698,149.794,44.98,44.19,45.62,45.63,46.12,46.42,455.5,28.2,2.06,6,11,2011,3,2.12,22.9,59.7,28.4
050C26E402330210H1,AGM50_H1,3,2026-05-07,157.437,156.556,142.793,150.299,150.206,153.489,45.28,45.93,46.0,46.47,43.89,45.03,454.1,45.5,2.03,9,8,1812,4,2.07,28.8,54.0,26.7
050C26E533987081H1,AGM50_H1,1,2026-05-20,143.223,145.791,143.256,146.875,147.891,146.554,44.61,44.78,43.83,45.78,44.58,44.7,479.8,36.9,2.04,7,16,1744,4,2.14,28.6,54.4,24.9
050C26E970761745H1,AGM50_H1,3,2026-05-03,140.091,145.439,149.914,150.465,144.278,146.343,44.73,45.36,45.28,45.52,44.7,44.33,453.4,30.0,2.01,4,6,1447,4,2.07,22.3,57.6,24.4
050C26E766324600H1,AGM50_H1,3,2026-05-08,147.231,151.183,151.47,146.643,151.151,148.024,46.76,45.28,42.88,45.34,45.3,46.21,443.7,35.5,2.0,2,3,1746,2,2.12,28.9,61.2,29.9
050C26E310585047H1,AGM50_H1,3,2026-05-06,150.133,144.503,149.997,140.414,147.777,150.589,44.73,45.17,45.63,44.75,45.93,44.23,452.5,44.6,2.05,5,8,2043,4,2.09,26.8,53.4,24.3
050C26E267469114H1,AGM50_H1,4,2026-05-23,142.31,146.791,142.998,146.622,147.543,139.669,44.54,45.89,45.09,42.4,45.47,44.98,456.8,36.0,2.04,6,7,1728,3,2.12,23.6,55.5,24.8
050C26E395673506H1,AGM50_H1,4,2026-05-23,146.761,150.932,149.038,149.6,144.928,150.314,44.54,45.4,44.99,44.9,45.04,44.68,437.4,27.5,2.08,6,10,2435,3,2.08,19.1,55.6,20.9
050C26E063733910H1,AGM50_H1,3,2026-05-19,149.43,151.614,152.135,154.72,147.596,151.645,46.93,46.1,45.14,45.53,45.6,46.39,455.1,34.6,2.05,1,2,1532,3,2.11,26.6,54.2,27.0
050C26E702823368H1,AGM50_H1,3,2026-05-07,152.853,151.403,151.56,147.145,155.42,154.489,44.43,45.7,43.88,45.18,44.8,44.63,459.1,42.8,2.05,4,14,1691,4,2.11,31.2,55.3,23.2
050C26F906078558H1,AGM50_H1,4,2026-06-10,152.544,153.912,148.641,149.98,154.312,149.425,43.83,44.97,45.86,45.36,45.0,44.59,451.6,28.6,1.99,4,10,2050,3,2.09,23.7,58.6,20.8
050C26F323529510H1,AGM50_H1,3,2026-06-27,149.411,150.904,145.756,147.018,153.314,145.624,46.5,43.62,43.63,46.46,45.31,45.9,452.8,34.7,2.04,8,15,1555,5,2.13,21.5,59.2,24.1
050C26F068507764H1,AGM50_H1,4,2026-06-19,150.334,152.288,157.423,144.671,145.34,146.376,44.55,45.27,44.86,44.63,43.73,45.69,461.4,41.3,2.06,5,9,1742,2,2.1,30.6,55.1,22.5
050C26F663369905H1,AGM50_H1,4,2026-06-04,152.381,155.4,146.955,156.541,149.874,150.318,44.97,44.41,44.92,44.66,45.44,43.68,457.7,32.7,2.1,4,7,1512,3,2.07,29.0,56.9,26.5
050C26F232218485H1,AGM50_H1,5,2026-06-15,147.769,149.194,152.634,150.003,151.266,149.299,45.26,45.69,43.6,44.67,46.74,45.1,458.4,29.3,2.09,5,10,1835,2,2.08,26.7,55.5,28.1
050C26F161102412H1,AGM50_H1,3,2026-06-14,156.576,157.44,154.378,154.616,156.299,151.04,45.08,44.84,44.43,43.93,46.27,44.42,438.9,30.6,2.06,6,4,2162,2,2.1,25.9,57.0,25.8
050C26F460726405H1,AGM50_H1,5,2026-06-01,154.611,152.886,160.335,155.443,156.071,155.65,44.44,44.5,45.32,44.1,45.47,43.76,440.4,33.4,2.05,7,9,1999,4,2.09,20.2,55.8,27.8
050C26F256214305H1,AGM50_H1,1,2026-06-11,157.529,157.371,151.354,160.328,155.177,156.067,44.05,44.73,45.4,45.67,45.2,44.6,442.2,30.8,2.07,6,12,1833,4,2.08,27.4,60.5,26.4
050C26F886256392H1,AGM50_H1,3,2026-06-16,150.393,151.257,151.772,146.662,149.49,151.445,46.18,46.11,43.75,44.38,44.63,45.32,464.5,37.0,2.03,8,8,2052,2,2.13,24.0,53.3,29.1
050C26F049304664H1,AGM50_H1,4,2026-06-11,158.061,157.003,152.888,149.912,151.251,146.326,45.73,45.58,44.98,44.46,44.16,44.72,441.5,45.3,2.03,6,8,1856,5,2.1,25.7,55.6,28.9
050C26F285542013H1,AGM50_H1,3,2026-06-16,142.938,151.417,136.636,138.258,138.567,141.942,46.24,44.67,45.64,46.68,44.91,44.74,458.7,46.1,2.03,8,2,1983,3,2.1,22.9,51.3,28.1
050C26F029018905H1,AGM50_H1,1,2026-06-03,150.033,148.518,148.859,149.194,149.818,146.996,45.18,43.5,45.9,43.76,45.32,45.52,444.8,35.2,2.03,8,10,1778,2,2.07,26.9,55.5,19.5
050C26F192034522H1,AGM50_H1,4,2026-06-22,156.188,152.469,154.417,153.136,153.623,151.771,45.33,45.54,45.04,42.9,44.55,47.17,444.8,38.1,2.02,3,10,1832,3,2.06,25.6,57.0,27.9
050C26G710739792H1,AGM50_H1,4,2026-07-14,148.861,148.756,147.435,150.721,152.664,147.87,45.25,45.17,45.45,45.88,44.88,45.25,452.1,25.4,2.06,6,18,1804,3,2.09,22.4,55.5,24.1
050C26G217207868H1,AGM50_H1,2,2026-07-24,158.71,151.981,150.967,156.102,158.219,152.727,43.79,43.13,46.46,44.75,44.15,45.93,456.2,39.2,2.08,7,5,2232,2,2.09,24.7,60.1,24.3
050C26G533142026H1,AGM50_H1,3,2026-07-16,151.702,140.032,152.451,149.248,143.014,151.012,44.55,45.59,45.77,46.96,45.24,43.68,457.4,42.0,2.1,4,14,2030,4,2.09,23.2,53.1,25.4
050C26G655635494H1,AGM50_H1,5,2026-07-09,154.591,153.397,156.078,152.397,159.636,154.379,46.62,45.13,43.88,44.73,44.21,46.4,438.8,38.8,2.0,6,6,1474,4,2.08,20.6,54.6,31.5
050C26G376976121H1,AGM50_H1,3,2026-07-22,150.365,145.807,149.189,146.697,143.247,148.756,44.42,45.33,45.67,46.78,42.74,45.09,442.2,39.0,2.04,5,5,1701,4,2.12,22.5,55.2,22.0
050C26G505068764H1,AGM50_H1,2,2026-07-22,146.882,146.344,144.236,139.59,146.088,148.422,45.86,45.66,45.0,45.09,43.63,46.37,457.1,30.2,2.05,6,15,1822,3,2.06,30.7,51.2,27.4
050C26G602425223H1,AGM50_H1,3,2026-07-14,160.481,151.51,150.414,152.719,149.435,153.178,46.0,44.93,44.45,44.87,44.42,45.93,439.6,28.2,2.06,4,12,1805,4,2.08,27.1,57.9,23.5
050C26G751693975H1,AGM50_H1,4,2026-07-01,146.087,151.708,147.199,151.4,146.539,151.758,45.0,46.19,45.05,46.13,42.93,45.85,453.4,36.8,2.1,4,3,1650,2,2.07,26.5,59.8,30.6
050C26G394730875H1,AGM50_H1,4,2026-07-11,149.443,148.995,148.455,149.139,150.125,153.679,44.09,43.2,46.38,44.58,45.72,45.09,451.9,37.5,2.07,2,7,1482,2,2.1,26.1,54.5,22.1
050C26G239338820H1,AGM50_H1,3,2026-07-03,151.674,158.149,150.457,155.114,148.473,155.922,43.77,44.81,44.0,46.97,44.37,44.02,457.2,46.6,2.04,5,8,1681,2,2.1,23.6,53.3,26.5
050C26G006733412H1,AGM50_H1,3,2026-07-16,148.883,143.568,153.063,145.419,152.29,153.64,45.05,44.31,46.05,46.16,44.67,45.74,447.8,35.8,2.07,8,7,1916,3,2.1,24.8,53.1,28.4
050C26G379816770H1,AGM50_H1,4,2026-07-19,157.559,154.963,155.834,153.029,163.284,153.549,45.29,44.57,43.64,45.96,44.49,45.48,452.1,41.3,2.04,7,8,1287,2,2.14,29.0,54.0,24.5
050C26G874041547H1,AGM50_H1,4,2026-07-13,154.01,149.533,147.892,154.321,151.719,148.601,46.15,46.75,45.63,43.73,43.62,44.6,443.8,36.3,2.0,8,13,2342,2,2.1,30.8,54.3,23.8
050C26H562494817H1,AGM50_H1,2,2026-08-08,154.583,148.516,146.252,145.411,146.194,150.198,46.23,45.41,45.24,46.57,42.03,44.97,443.1,31.5,2.13,4,9,1281,3,2.06,21.7,58.3,24.0
050C26H863327197H1,AGM50_H1,2,2026-08-02,138.448,151.868,139.489,143.842,139.894,151.865,43.74,44.81,45.52,43.4,45.83,44.36,434.8,40.2,2.01,6,10,2179,4,2.05,23.5,55.7,28.1
050C26H922919593H1,AGM50_H1,3,2026-08-02,153.172,152.302,154.85,157.294,155.401,148.698,43.99,44.0,44.49,45.9,44.59,45.18,448.5,38.5,2.02,4,13,1662,3,2.13,26.0,58.4,29.9
050C26H523674086H1,AGM50_H1,2,2026-08-17,142.43,140.334,143.077,152.047,147.071,151.889,46.05,45.34,44.5,45.73,46.11,46.34,455.4,35.5,2.1,3,14,1959,3,2.12,21.0,58.8,24.2
050C26H718494629H1,AGM50_H1,4,2026-08-17,146.849,157.608,153.799,150.824,147.332,158.761,44.83,45.23,45.67,44.42,46.34,46.28,461.5,42.6,2.08,5,12,2060,4,2.12,23.0,55.0,26.0
050C26H596835344H1,AGM50_H1,2,2026-08-02,151.162,148.425,147.808,149.104,148.069,148.455,43.94,45.48,45.0,46.11,45.28,44.42,454.0,38.9,2.1,5,7,1687,3,2.15,23.1,53.4,27.2
050C26H011435303H1,AGM50_H1,2,2026-08-20,152.332,151.829,151.535,152.629,150.611,151.971,45.41,43.87,46.47,45.09,45.95,43.31,444.0,39.6,2.03,8,7,1585,2,2.05,23.4,52.1,25.2
050C26H614649767H1,AGM50_H1,5,2026-08-23,150.009,149.973,145.215,149.672,149.754,149.141,45.22,44.51,43.5,44.59,45.27,45.07,442.5,25.2,2.01,8,4,1858,3,2.07,22.9,61.0,25.7
050C26H247887748H1,AGM50_H1,4,2026-08-14,147.291,144.669,142.185,146.248,147.373,150.326,44.32,45.57,43.67,45.36,44.75,45.35,420.5,36.7,2.04,4,3,1707,3,2.1,28.7,52.9,23.4
050C26H876110326H1,AGM50_H1,4,2026-08-19,154.434,149.923,152.16,153.209,153.8,152.964,44.05,48.89,44.05,44.87,44.96,44.58,436.1,28.6,2.04,6,6,1311,1,2.11,23.9,58.2,21.5
050C26H817728757H1,AGM50_H1,4,2026-08-04,151.842,153.127,153.509,150.595,151.674,153.231,44.34,46.46,44.54,45.51,45.63,43.55,434.3,34.3,2.04,5,9,1639,1,2.08,23.4,56.5,27.0
050C26H567776581H1,AGM50_H1,2,2026-08-02,155.095,156.124,145.693,162.901,151.741,152.443,45.2,46.76,44.78,45.09,44.46,45.07,452.7,45.1,2.04,5,9,1452,4,2.1,26.9,59.8,23.6
050C26H266975495H1,AGM50_H1,3,2026-08-20,144.201,147.797,145.608,144.686,146.889,149.19,43.78,43.86,46.04,42.54,44.7,44.86,443.8,39.5,2.06,6,8,2151,3,2.07,20.8,53.6,23.3
050C26I400465248H1,AGM50_H1,4,2026-09-19,145.256,147.483,149.806,146.666,149.362,147.249,45.84,44.2,45.71,43.76,45.0,45.67,447.4,31.7,2.04,6,11,1800,4,2.09,25.5,54.0,23.9
050C26I836125637H1,AGM50_H1,3,2026-09-07,152.315,147.22,146.414,149.337,149.44,152.146,43.84,44.3,45.89,44.94,45.22,45.72,441.0,32.4,2.09,5,2,1533,1,2.11,30.5,57.1,27.6
050C26I463952019H1,AGM50_H1,1,2026-09-05,149.451,144.815,155.152,155.743,151.045,149.502,45.74,45.28,45.41,45.23,44.3,47.19,439.3,38.1,2.0,3,9,1914,4,2.07,29.2,57.4,18.7
050C26I538596530H1,AGM50_H1,3,2026-09-08,149.858,152.047,150.146,151.958,148.384,149.39,46.48,44.37,42.92,46.68,45.04,44.36,448.6,31.9,2.07,3,6,2042,2,2.11,28.8,56.8,26.2
050C26I259839481H1,AGM50_H1,4,2026-09-13,146.595,156.952,148.03,151.343,154.334,152.761,45.22,46.39,45.49,44.33,43.75,44.77,428.7,39.2,2.05,6,12,1256,3,2.16,26.5,54.1,24.6
050C26I488471173H1,AGM50_H1,2,2026-09-18,150.245,144.839,147.67,148.762,145.869,146.042,44.36,44.63,45.02,44.31,42.77,43.34,447.8,32.2,2.04,2,8,2053,4,2.13,25.6,60.7,33.1
050C26I845500420H1,AGM50_H1,4,2026-09-23,148.661,148.412,148.756,152.437,143.715,145.978,45.25,45.42,44.13,45.94,44.6,46.16,443.3,34.1,2.09,6,11,1524,3,2.08,22.6,54.2,22.5
050C26I410224166H1,AGM50_H1,3,2026-09-02,152.338,153.278,151.846,157.87,153.522,150.581,44.58,43.78,45.33,44.64,46.45,46.51,446.3,34.5,2.06,6,8,2033,1,2.13,21.5,54.1,26.9
050C26I115748824H1,AGM50_H1,2,2026-09-20,152.217,148.234,148.283,148.025,152.453,150.296,44.21,44.14,43.35,45.66,44.54,43.41,441.6,33.9,2.04,5,9,1541,3,2.12,24.0,52.0,30.0
050C26I323562062H1,AGM50_H1,4,2026-09-20,151.842,156.843,159.655,151.898,156.77,151.744,44.2,44.77,45.77,44.33,45.26,44.91,459.5,45.0,2.07,5,13,2028,2,2.11,34.3,54.7,32.3
050C26I209835504H1,AGM50_H1,3,2026-09-10,149.501,149.149,150.253,148.335,150.567,149.321,45.98,44.21,44.7,45.37,44.27,45.03,447.0,26.8,2.02,4,8,1722,3,2.07,25.0,56.7,26.4
050C26I416960968H1,AGM50_H1,4,2026-09-07,147.776,140.447,148.677,144.533,142.561,138.564,42.57,44.18,43.69,45.1,45.9,46.07,440.5,35.8,2.04,8,9,2238,5,2.14,23.0,53.3,31.5
050C26I312795616H1,AGM50_H1,2,2026-09-06,146.023,147.475,152.741,147.509,145.193,147.223,46.71,47.65,44.42,45.03,44.69,45.55,457.3,30.8,2.05,4,12,1746,3,2.1,26.5,60.3,20.5
050C26J858759867H1,AGM50_H1,2,2026-10-24,153.027,150.034,151.479,155.414,154.307,148.49,43.75,45.11,45.12,43.32,44.86,45.91,444.9,38.3,2.03,5,5,1574,3,2.09,22.1,51.8,31.1
050C26J991949515H1,AGM50_H1,2,2026-10-15,149.489,148.024,145.256,154.338,155.931,159.425,44.56,45.43,45.77,45.84,45.5,46.02,473.1,44.1,2.07,5,13,1785,6,2.15,25.9,57.3,28.5
050C26J063251124H1,AGM50_H1,5,2026-10-13,143.681,147.066,150.226,150.692,151.544,140.006,45.25,45.47,43.4,45.59,44.78,44.69,443.5,30.8,2.08,7,10,2177,1,2.09,22.4,55.8,27.0
050C26J098779168H1,AGM50_H1,2,2026-10-22,145.045,138.526,145.764,145.864,144.873,150.343,46.1,44.75,44.36,44.41,45.35,47.49,459.6,31.1,2.0,8,10,1860,3,2.09,26.4,56.2,16.3
050C26J636368455H1,AGM50_H1,3,2026-10-19,148.827,145.224,148.529,150.685,146.592,148.559,46.4,45.47,46.29,46.06,45.14,46.19,442.9,32.1,2.07,3,7,1624,3,2.13,26.7,53.7,25.2
050C26J393058241H1,AGM50_H1,3,2026-10-01,154.529,156.249,152.835,154.012,158.507,158.027,46.45,45.39,43.66,44.8,45.41,44.91,440.3,30.2,2.01,4,10,1671,2,2.09,27.4,55.4,25.3
050C26J197053510H1,AGM50_H1,5,2026-10-02,146.748,156.144,159.899,149.974,149.954,150.128,44.74,45.51,43.62,44.29,44.21,44.09,441.9,42.8,2.05,5,10,1882,4,2.13,23.5,56.3,23.0
050C26J198321847H1,AGM50_H1,4,2026-10-22,147.771,147.388,147.265,145.756,146.295,147.022,45.0,44.78,44.67,44.06,44.23,45.72,450.4,34.9,2.03,6,7,1744,2,2.08,20.6,57.6,24.1
050C26J205213622H1,AGM50_H1,2,2026-10-07,143.033,142.356,141.013,140.731,143.549,140.181,45.17,45.19,46.04,43.84,45.19,44.96,444.2,25.4,2.03,7,10,1967,4,2.1,24.6,59.3,25.8
050C26J313776597H1,AGM50_H1,2,2026-10-16,150.316,153.122,151.294,152.325,155.842,154.678,42.53,46.26,45.87,45.3,45.82,42.94,440.0,44.2,2.08,5,16,1987,2,2.16,21.2,51.1,23.0
050C26J601207793H1,AGM50_H1,4,2026-10-11,154.84,162.061,165.393,153.669,145.785,152.789,45.03,45.72,44.96,42.63,43.87,45.24,445.5,44.0,2.08,8,14,1359,4,2.11,25.4,59.8,24.8
050C26J895557120H1,AGM50_H1,3,2026-10-18,148.863,145.071,143.683,146.566,148.422,146.061,44.54,43.81,45.87,44.25,45.8,44.25,456.5,26.0,1.99,4,3,2164,4,2.09,21.6,59.6,22.2
050C26J253388725H1,AGM50_H1,4,2026-10-06,148.896,146.519,151.06,158.248,150.496,154.746,45.86,46.04,45.41,43.7,45.5,45.51,464.5,48.3,2.03,7,13,1690,4,2.09,21.2,51.6,27.7
050C26K465703160H1,AGM50_H1,4,2026-11-16,161.235,161.439,149.834,153.368,155.316,154.748,46.28,45.04,46.34,44.76,44.91,44.44,440.2,31.4,2.06,7,13,1354,3,2.09,22.7,56.9,27.5
050C26K221331721H1,AGM50_H1,2,2026-11-08,142.176,143.41,146.176,138.516,149.847,146.624,45.72,44.38,45.27,44.79,44.39,44.81,446.0,40.4,2.01,4,3,2176,2,2.06,25.3,54.3,22.4
050C26K215696707H1,AGM50_H1,2,2026-11-20,146.758,146.705,148.579,149.653,144.622,149.983,44.07,44.69,45.17,43.79,45.64,44.81,452.8,42.1,2.07,4,12,1778,2,2.15,22.1,55.6,29.0
050C26K515010857H1,AGM50_H1,3,2026-11-08,150.889,144.471,150.748,149.179,146.858,147.229,45.06,46.82,45.88,46.23,44.93,44.83,450.0,39.5,2.07,3,20,1760,5,2.11,26.2,55.0,27.8
050C26K707075326H1,AGM50_H1,4,2026-11-01,152.491,151.125,157.972,146.196,150.756,150.087,44.69,46.62,44.65,46.35,46.44,46.46,441.2,34.0,2.06,8,10,2234,4,2.09,21.2,54.1,29.0
050C26K306845616H1,AGM50_H1,5,2026-11-10,145.696,146.96,155.808,151.203,140.554,149.151,45.96,44.59,45.03,46.24,44.2,47.09,458.5,44.5,2.01,4,9,1372,1,2.14,23.4,52.9,27.0
050C26K034354572H1,AGM50_H1,4,2026-11-17,149.114,151.483,150.333,148.735,148.31,149.0,43.36,45.51,45.02,46.68,44.18,46.46,451.8,27.7,2.03,5,11,1288,2,2.08,21.2,54.8,24.9
050C26K308587627H1,AGM50_H1,3,2026-11-03,150.522,155.881,149.806,150.653,154.967,154.818,45.51,46.28,44.62,44.86,44.14,45.66,449.2,35.1,2.09,7,12,2286,3,2.06,23.2,55.6,23.3
050C26K632287649H1,AGM50_H1,4,2026-11-07,156.321,155.91,157.424,156.052,155.286,156.752,42.72,44.6,45.7,43.62,44.44,46.16,456.1,36.3,2.08,2,11,1565,1,2.06,29.2,53.4,21.1
050C26K438311861H1,AGM50_H1,1,2026-11-24,149.102,156.132,156.999,150.492,159.605,154.994,44.63,44.48,45.37,45.9,46.74,45.59,448.2,37.5,2.04,4,14,1409,3,2.1,25.3,54.4,24.1
050C26K593418985H1,AGM50_H1,4,2026-11-25,144.283,152.969,146.968,146.805,149.135,150.436,44.59,44.36,44.68,43.81,45.35,44.77,461.2,41.3,2.09,7,4,1805,2,2.07,21.2,53.9,22.7
050C26K804966226H1,AGM50_H1,3,2026-11-14,139.428,138.24,146.117,142.976,146.546,137.98,45.43,43.63,45.4,43.99,44.98,43.39,460.1,38.9,2.02,9,9,1865,3,2.07,23.6,55.8,22.7
050C26K233001583H1,AGM50_H1,3,2026-11-21,143.696,145.528,148.806,149.311,144.836,156.055,45.5,43.25,44.67,43.28,44.08,44.65,461.4,46.3,2.08,4,3,1699,3,2.07,29.0,55.7,27.3
050C26L429329638H1,AGM50_H1,5,2026-12-20,152.724,148.572,155.594,154.937,151.484,148.893,47.39,43.55,44.59,42.95,44.19,44.34,454.3,39.8,2.09,7,12,1618,3,2.04,24.3,57.4,28.5
050C26L352252927H1,AGM50_H1,4,2026-12-05,147.375,149.264,145.609,149.98,144.738,145.88,45.86,44.29,45.76,44.66,45.49,45.45,445.0,37.6,2.05,4,13,1405,4,2.11,23.6,58.9,30.2
050C26L235375858H1,AGM50_H1,2,2026-12-01,148.255,148.469,149.547,152.505,150.094,152.193,44.19,44.93,44.15,44.3,46.84,43.84,452.7,33.4,2.04,5,10,2285,4,2.1,21.2,56.1,28.9
050C26L352558216H1,AGM50_H1,2,2026-12-14,143.025,146.285,147.251,145.385,145.093,145.582,45.9,45.36,45.63,44.95,45.87,44.59,438.6,25.1,2.02,4,20,1974,4,2.12,31.1,58.4,21.1
050C26L233508410H1,AGM50_H1,3,2026-12-27,151.648,148.923,146.44,152.913,149.643,149.814,44.98,44.8,46.09,44.3,46.32,46.94,446.9,36.2,2.05,1,12,2072,4,2.11,23.8,55.5,25.7
050C26L723163096H1,AGM50_H1,3,2026-12-12,152.291,148.414,147.897,146.678,147.72,153.267,45.64,45.57,44.88,45.11,46.45,46.78,465.6,34.6,2.06,4,5,1861,4,2.11,22.4,60.1,22.6
050C26L831046794H1,AGM50_H1,3,2026-12-18,150.643,156.455,153.529,158.811,156.553,149.095,45.38,43.35,45.69,44.76,45.96,44.48,437.1,29.1,2.04,3,9,1587,5,2.11,19.8,52.0,23.4
050C26L845562423H1,AGM50_H1,3,2026-12-04,146.365,144.733,143.676,150.135,143.423,141.777,43.6,44.75,45.88,44.41,44.8,45.2,449.0,36.1,2.12,3,11,1947,3,2.16,21.5,52.2,28.8
050C26L147394804H1,AGM50_H1,5,2026-12-11,148.828,153.132,147.075,149.242,145.251,145.698,43.95,44.22,44.22,42.38,44.94,44.85,444.8,42.4,2.06,1,8,1882,2,2.13,24.3,53.4,26.0
050C26L115456723H1,AGM50_H1,3,2026-12-07,155.279,147.822,150.097,157.825,150.218,155.541,46.13,45.98,46.2,43.79,45.4,45.19,437.4,37.8,2.03,4,7,1784,4,2.09,23.7,54.3,21.2
050C26L480004734H1,AGM50_H1,3,2026-12-25,156.361,153.896,152.776,153.682,150.63,156.888,44.97,44.84,44.11,45.91,44.0,44.49,451.1,45.1,2.08,7,14,1641,4,2.12,21.9,53.9,24.8
050C26L763941166H1,AGM50_H1,4,2026-12-27,155.641,154.206,151.825,154.394,151.31,154.909,44.72,43.38,44.93,43.74,42.87,45.82,429.8,32.4,2.02,8,8,1878,4,2.14,23.2,56.1,28.3
050C26L569245355H1,AGM50_H1,4,2026-12-21,149.09,152.676,148.634,148.302,152.222,150.651,45.38,45.59,46.55,46.55,45.42,45.02,448.6,27.7,2.04,4,14,2061,3,2.11,25.1,59.6,25.3
050C26A187708404Y1,AGM50_Y1,1,2026-01-17,150.46,149.152,150.05,152.559,145.5,150.268,45.38,44.46,45.48,45.27,44.11,44.11,449.2,43.6,2.1,6,4,1998,3,2.13,26.2,54.4,28.9
050C26A131460941Y1,AGM50_Y1,2,2026-01-13,150.986,156.946,158.961,166.698,168.967,163.078,46.65,43.73,44.71,45.06,43.85,44.6,449.5,43.4,2.05,8,12,1855,2,2.1,29.0,52.8,21.7
050C26A604823489Y1,AGM50_Y1,4,2026-01-10,141.405,148.626,145.874,145.632,148.425,147.903,45.85,45.71,44.89,45.53,45.94,47.43,444.9,46.0,2.03,6,8,2226,3,2.09,29.5,54.1,32.9
050C26A078580158Y1,AGM50_Y1,4,2026-01-26,150.21,145.747,149.474,151.483,152.918,148.656,44.94,44.76,44.24,44.53,45.21,43.91,437.4,33.1,2.06,5,12,2323,3,2.11,24.2,55.6,23.7
050C26A743052914Y1,AGM50_Y1,2,2026-01-01,144.04,151.121,152.375,150.25,147.2,150.306,45.68,45.12,45.84,44.53,44.52,45.75,447.6,32.8,2.09,6,3,1329,4,2.09,24.2,51.9,30.5
050C26A102233299Y1,AGM50_Y1,3,2026-01-04,152.929,152.074,145.883,151.326,147.215,154.175,45.01,44.1,44.64,44.36,45.91,46.01,457.2,33.0,2.05,6,8,1794,2,2.11,21.1,57.4,25.1
050C26A785577535Y1,AGM50_Y1,3,2026-01-21,148.561,145.939,145.399,151.636,146.779,147.684,44.04,43.7,43.97,46.81,44.8,45.56,452.0,33.5,2.07,2,6,1605,3,2.12,19.4,57.5,23.8
050C26A261740749Y1,AGM50_Y1,2,2026-01-05,155.816,154.698,153.211,151.15,154.51,156.279,44.96,45.44,46.82,45.0,46.62,45.21,441.8,32.2,2.06,3,6,1774,3,2.08,26.0,57.5,20.3
050C26A666409628Y1,AGM50_Y1,2,2026-01-04,152.126,154.368,160.522,153.783,150.223,155.894,45.2,46.04,45.79,44.76,42.71,45.69,445.9,38.2,2.01,8,15,2356,4,2.12,21.5,51.1,24.3
050C26A634515513Y1,AGM50_Y1,5,2026-01-06,148.828,148.777,149.891,152.852,149.98,150.809,45.74,44.61,44.63,44.97,45.03,44.39,462.0,33.5,2.08,8,7,1501,3,2.08,28.4,53.0,24.1
050C26A907266803Y1,AGM50_Y1,5,2026-01-23,142.407,148.358,144.173,150.895,145.755,147.477,46.57,43.95,45.1,44.78,45.16,44.43,454.4,41.0,2.02,6,8,1584,3,2.14,27.9,57.4,25.9
050C26A123292954Y1,AGM50_Y1,1,2026-01-09,147.614,152.02,148.181,151.512,153.414,146.483,44.74,45.85,43.47,44.0,45.0,44.99,452.2,35.8,2.03,7,3,2135,3,2.15,28.0,53.6,26.3
050C26A232618852Y1,AGM50_Y1,4,2026-01-04,150.091,154.037,148.615,148.57,144.92,148.354,45.15,44.26,47.02,45.31,44.2,45.21,443.8,41.6,2.03,1,8,1741,4,2.08,22.4,54.3,25.0
050C26B817226756Y1,AGM50_Y1,4,2026-02-25,153.489,148.969,151.441,157.34,153.078,152.038,44.32,46.09,45.53,46.13,46.43,45.72,441.4,42.7,2.06,6,6,1822,2,2.09,22.7,56.8,24.3
050C26B982282442Y1,AGM50_Y1,3,2026-02-05,150.051,153.977,146.32,143.023,150.835,150.007,44.57,44.27,45.45,43.68,44.61,43.3,458.0,37.3,2.05,4,2,1590,3,2.1,22.2,56.3,17.8
050C26B673920890Y1,AGM50_Y1,3,2026-02-21,150.82,140.087,147.535,145.1,147.268,149.366,46.46,46.04,45.35,45.84,46.2,44.48,444.8,42.4,2.08,6,7,1752,3,2.08,27.9,54.5,19.8
050C26B618247790Y1,AGM50_Y1,3,2026-02-06,146.608,147.014,148.872,146.889,144.886,149.744,45.25,44.0,44.86,45.72,43.78,45.17,457.2,32.2,2.03,7,12,1554,3,2.08,23.3,58.6,28.0
050C26B757795660Y1,AGM50_Y1,5,2026-02-10,144.332,151.712,147.506,153.276,142.9,147.298,44.04,46.31,44.72,45.9,45.07,44.08,444.6,39.2,2.02,6,7,2014,5,2.08,27.2,53.4,26.5
050C26B135939294Y1,AGM50_Y1,3,2026-02-17,154.824,153.476,152.837,154.135,153.013,152.15,44.64,44.19,44.89,44.15,44.89,43.27,441.4,34.7,2.0,6,14,1646,2,2.09,21.0,53.8,20.4
050C26B183424707Y1,AGM50_Y1,3,2026-02-17,151.846,152.529,151.66,155.705,154.827,151.296,44.71,43.69,45.5,44.74,44.45,46.04,449.0,35.8,2.01,4,11,1689,2,2.11,25.1,51.7,25.8
050C26B205627834Y1,AGM50_Y1,2,2026-02-21,149.467,147.124,150.956,152.155,151.874,149.183,44.3,45.26,46.42,45.95,45.48,44.9,461.0,29.9,2.04,3,10,1739,5,2.16,21.4,54.6,26.0
050C26B341628476Y1,AGM50_Y1,4,2026-02-16,144.906,154.464,151.958,148.453,154.47,148.903,43.97,44.62,44.55,45.69,45.73,45.11,447.1,33.5,2.03,4,11,1318,3,2.08,23.7,58.4,27.3
050C26B237939584Y1,AGM50_Y1,2,2026-02-06,149.042,143.233,145.088,143.248,147.964,142.556,44.1,44.83,42.35,43.11,44.65,45.35,450.2,47.4,2.06,3,9,2306,4,2.08,25.9,52.8,26.3
050C26B338990236Y1,AGM50_Y1,5,2026-02-16,153.829,147.615,149.941,142.864,139.431,154.022,43.81,44.3,45.27,45.83,44.92,45.91,438.3,40.2,2.05,6,4,2060,5,2.06,26.5,56.6,25.6
050C26B273680816Y1,AGM50_Y1,3,2026-02-21,148.073,148.959,149.119,150.806,151.484,150.143,43.98,43.94,44.72,45.11,45.5,45.66,446.2,37.0,2.03,4,14,2086,2,2.08,23.2,52.3,27.7
050C26B663336504Y1,AGM50_Y1,3,2026-02-23,152.8,146.157,150.326,151.244,148.399,153.097,45.82,44.77,44.81,44.61,45.31,42.79,442.5,31.2,2.06,3,9,1792,2,2.12,25.8,55.8,29.5
050C26C546616561Y1,AGM50_Y1,3,2026-03-07,145.732,151.776,153.943,147.639,150.566,152.507,44.31,46.65,45.17,46.61,45.71,44.42,450.4,34.2,2.02,5,1,1781,3,2.09,25.4,57.6,19.6
050C26C241438371Y1,AGM50_Y1,4,2026-03-13,148.043,147.007,149.148,151.559,150.255,145.265,46.03,44.52,45.35,44.45,46.19,45.53,434.3,36.3,2.0,5,4,2121,4,2.11,26.5,52.2,25.1
050C26C459380463Y1,AGM50_Y1,3,2026-03-16,151.424,142.81,149.15,148.992,149.564,143.938,44.07,45.62,44.98,45.31,43.24,45.74,441.0,40.5,2.03,6,10,1900,2,2.08,26.0,50.7,22.1
050C26C393087381Y1,AGM50_Y1,4,2026-03-16,156.445,154.436,153.192,154.993,155.898,154.62,45.97,45.29,45.41,45.02,44.39,46.07,454.9,33.0,2.09,4,6,2215,4,2.11,24.8,54.5,23.8
050C26C853655516Y1,AGM50_Y1,5,2026-03-24,150.675,154.742,152.31,150.927,147.526,152.952,45.83,43.39,45.21,45.83,45.75,42.52,449.1,41.0,2.03,8,13,1368,3,2.15,25.3,53.5,25.0
050C26C904369221Y1,AGM50_Y1,4,2026-03-08,144.866,148.742,144.45,144.016,145.614,148.498,43.19,45.34,44.14,45.15,45.31,45.46,462.6,38.1,2.02,6,9,1864,4,2.09,28.2,57.2,27.6
050C26C384268494Y1,AGM50_Y1,3,2026-03-04,147.685,140.153,154.62,149.02,148.265,148.975,44.93,45.05,45.87,45.95,44.56,44.81,451.7,35.4,2.06,3,15,2318,4,2.1,22.7,57.2,20.8
050C26C427002708Y1,AGM50_Y1,2,2026-03-27,159.548,153.74,154.523,154.137,162.528,151.071,44.19,42.93,46.15,45.82,44.89,44.25,444.6,34.2,2.05,6,17,1772,4,2.14,24.3,54.8,28.6
050C26C120696941Y1,AGM50_Y1,3,2026-03-20,151.734,158.478,159.595,153.259,154.376,144.261,45.19,44.11,44.17,45.07,44.57,46.25,444.7,47.6,2.09,4,5,1640,4,2.07,21.6,52.5,21.9
050C26C343390447Y1,AGM50_Y1,4,2026-03-14,149.04,146.267,148.835,150.099,150.546,148.434,43.36,45.94,46.79,45.17,46.13,45.38,448.3,33.8,2.12,7,7,1623,2,2.1,25.0,58.7,25.3
050C26C767887141Y1,AGM50_Y1,1,2026-03-12,147.76,146.051,140.871,148.104,148.111,146.596,43.65,44.55,44.53,45.82,45.83,44.81,450.4,39.9,2.06,5,9,1401,4,2.1,25.3,54.3,23.6
050C26C304038160Y1,AGM50_Y1,3,2026-03-06,149.665,147.103,150.804,149.281,149.984,146.763,45.86,45.37,46.53,46.44,44.69,43.2,461.8,40.4,2.04,6,18,1762,2,2.11,28.6,55.6,23.4
050C26C030584176Y1,AGM50_Y1,2,2026-03-03,165.058,153.786,149.177,146.234,152.427,146.802,44.21,45.53,44.85,45.59,45.17,44.63,457.8,43.7,2.08,7,10,2050,4,2.1,26.9,59.3,25.2
050C26D801576796Y1,AGM50_Y1,4,2026-04-20,149.784,149.82,151.979,142.434,146.779,149.007,46.81,44.74,45.78,43.2,42.66,44.07,446.7,40.3,2.02,3,9,1580,3,2.13,24.0,57.8,27.9
050C26D720413620Y1,AGM50_Y1,3,2026-04-03,151.142,141.14,145.317,149.086,156.577,147.558,45.56,45.53,44.31,45.89,45.19,45.47,450.4,32.0,2.03,6,14,2229,3,2.12,25.0,56.6,22.7
050C26D457550538Y1,AGM50_Y1,5,2026-04-04,154.4,152.364,144.941,147.934,144.575,146.969,45.55,45.92,46.15,44.56,46.48,46.14,472.7,36.6,2.06,6,9,957,1,2.1,24.9,57.0,26.4
050C26D839026297Y1,AGM50_Y1,3,2026-04-21,153.356,156.889,149.71,160.08,144.809,164.568,44.55,44.39,44.7,44.8,44.36,44.11,461.3,47.8,2.03,6,14,2109,3,2.1,25.4,51.7,27.4
050C26D651349472Y1,AGM50_Y1,5,2026-04-06,146.97,150.467,151.939,147.362,150.896,152.761,47.08,45.95,45.4,43.76,45.82,45.83,440.1,29.8,2.06,5,6,1862,2,2.11,21.3,56.4,24.8
050C26D081780868Y1,AGM50_Y1,4,2026-04-10,150.063,146.728,149.957,153.089,152.097,149.121,45.89,44.41,45.28,43.74,46.13,43.9,447.9,33.5,2.09,5,10,1661,3,2.06,23.3,59.3,27.8
050C26D451728581Y1,AGM50_Y1,3,2026-04-17,144.948,153.013,150.539,146.31,151.665,146.172,43.55,44.96,44.73,46.14,44.63,44.98,454.3,28.0,2.08,5,1,1814,1,2.09,20.9,58.2,27.1
050C26D893432011Y1,AGM50_Y1,3,2026-04-02,148.797,153.007,146.697,141.672,148.672,148.322,44.89,44.33,45.3,43.55,44.11,43.87,468.4,39.0,2.04,8,8,2420,4,2.13,26.8,55.4,28.3
050C26D449092524Y1,AGM50_Y1,2,2026-04-27,144.144,140.353,147.668,144.511,148.893,154.882,44.08,44.64,45.62,44.73,45.99,45.72,443.8,36.9,2.03,4,1,1467,1,2.07,19.5,50.0,27.2
050C26D799077899Y1,AGM50_Y1,3,2026-04-02,152.933,152.728,150.442,153.875,152.51,153.334,44.08,44.46,42.79,45.46,46.33,45.7,454.6,39.4,2.03,6,15,2029,3,2.11,23.7,58.3,22.5
050C26D647731012Y1,AGM50_Y1,2,2026-04-04,150.513,150.025,155.499,154.703,152.284,151.202,45.35,47.07,45.21,42.46,45.22,44.9,463.6,40.0,2.03,1,1,2088,4,2.17,23.4,62.5,30.3
050C26D844743936Y1,AGM50_Y1,2,2026-04-07,153.695,156.6,149.805,150.047,151.593,150.076,45.14,46.48,43.39,44.05,43.16,44.78,450.5,34.1,2.06,2,8,1694,2,2.09,27.5,57.4,23.7
050C26D630370687Y1,AGM50_Y1,3,2026-04-12,154.693,149.729,149.338,150.18,145.32,149.511,44.28,44.73,44.43,45.66,43.58,45.23,443.1,42.4,2.07,6,12,2179,3,2.12,27.3,52.1,25.2
050C26E467486705Y1,AGM50_Y1,3,2026-05-14,147.812,152.832,154.595,146.269,145.764,153.101,45.92,45.43,44.77,44.79,44.22,45.6,452.3,34.1,2.0,7,11,1969,3,2.08,24.2,53.4,24.8
050C26E355336284Y1,AGM50_Y1,3,2026-05-27,157.659,155.443,152.728,145.65,154.458,155.691,44.84,45.13,46.03,45.85,43.93,47.03,450.0,48.0,2.06,4,8,2484,2,2.06,30.5,52.4,24.5
050C26E837490687Y1,AGM50_Y1,2,2026-05-18,147.85,144.918,146.221,146.491,146.002,142.614,43.9,45.28,44.99,44.72,45.11,44.59,441.7,35.5,2.07,7,12,1873,3,2.1,22.7,59.3,23.9
050C26E213050197Y1,AGM50_Y1,3,2026-05-06,148.421,152.044,145.605,151.017,147.925,145.428,45.03,44.02,46.05,44.3,45.03,44.53,440.6,36.7,2.04,2,3,1611,3,2.06,26.2,53.0,23.0
050C26E075299920Y1,AGM50_Y1,3,2026-05-12,155.028,161.814,152.33,154.547,157.331,154.419,44.27,45.08,45.21,44.95,45.25,45.83,453.2,28.0,2.08,8,13,1930,3,2.11,23.6,56.4,23.4
050C26E697247923Y1,AGM50_Y1,4,2026-05-04,145.794,147.124,148.452,148.878,154.392,145.868,43.64,45.24,45.86,46.67,46.28,45.01,447.7,34.7,2.08,2,11,1385,3,2.09,26.8,53.2,25.8
050C26E554112525Y1,AGM50_Y1,2,2026-05-26,141.383,145.591,142.66,142.654,138.039,143.431,45.95,44.8,43.57,45.52,46.51,43.84,452.5,39.6,1.96,7,13,1902,3,2.09,26.1,50.7,18.6
050C26E261484160Y1,AGM50_Y1,4,2026-05-24,142.976,148.549,145.128,146.259,146.44,141.081,45.4,45.93,45.27,45.5,45.46,44.32,445.2,41.9,2.01,7,8,1734,1,2.04,22.7,59.8,26.0
050C26E066071665Y1,AGM50_Y1,4,2026-05-03,153.834,154.862,156.127,158.21,156.204,157.862,44.54,43.97,43.28,46.13,45.34,44.67,456.9,31.0,2.1,6,14,2404,2,2.11,29.1,58.7,29.4
050C26E471931979Y1,AGM50_Y1,3,2026-05-01,148.033,151.163,146.283,145.052,140.007,137.182,46.39,45.05,43.54,45.53,44.79,45.89,458.5,35.1,2.05,4,9,1982,2,2.08,22.8,56.9,21.7
050C26E113600343Y1,AGM50_Y1,3,2026-05-24,148.469,148.986,146.556,150.947,148.335,149.418,46.25,46.25,44.75,46.22,44.08,45.74,452.2,33.6,2.05,7,7,1254,4,2.14,24.4,58.1,23.2
050C26E124397954Y1,AGM50_Y1,2,2026-05-15,149.366,148.688,148.607,148.039,144.344,149.671,45.52,45.88,45.06,47.57,45.87,44.66,436.2,34.4,2.07,8,5,1648,4,2.05,24.0,59.5,31.5
050C26E372252781Y1,AGM50_Y1,2,2026-05-13,152.563,150.6,151.428,149.033,148.317,146.438,45.47,44.72,45.82,45.69,43.95,45.54,461.0,33.5,2.07,6,7,2521,3,2.1,24.9,53.7,26.0
050C26F053163292Y1,AGM50_Y1,1,2026-06-08,159.617,150.416,148.068,148.977,157.416,142.496,43.57,44.82,44.96,45.16,45.94,45.85,453.7,39.8,2.03,7,7,1554,2,2.07,24.8,57.1,26.4
050C26F972272264Y1,AGM50_Y1,3,2026-06-14,154.222,157.155,161.446,150.219,154.706,155.095,45.01,44.54,44.81,45.02,45.13,44.55,444.1,38.3,2.04,5,17,1887,4,2.1,20.8,50.0,23.6
050C26F579894449Y1,AGM50_Y1,3,2026-06-07,146.471,144.806,148.061,146.374,142.362,143.835,46.12,45.51,45.03,45.44,44.44,45.11,446.4,38.4,2.02,3,17,1223,3,2.06,24.9,56.5,22.5
050C26F904388119Y1,AGM50_Y1,4,2026-06-05,155.576,147.077,149.465,152.016,152.212,156.783,45.33,44.05,45.26,45.52,46.08,45.91,449.4,40.7,2.12,5,13,1993,3,2.04,28.2,57.3,18.2
050C26F728668439Y1,AGM50_Y1,5,2026-06-22,153.52,153.093,151.106,155.566,157.033,158.771,45.09,44.59,44.61,45.87,44.02,44.16,458.6,45.2,2.07,8,9,2084,3,2.03,21.6,50.3,23.3
050C26F921965589Y1,AGM50_Y1,4,2026-06-10,151.158,154.282,153.653,149.19,159.653,158.173,44.82,45.25,44.67,43.83,44.68,46.36,448.5,37.2,2.03,4,11,1746,2,2.13,20.5,55.0,32.9
050C26F855758651Y1,AGM50_Y1,5,2026-06-13,155.442,153.838,148.69,152.442,155.294,151.454,45.63,45.32,45.46,45.44,46.31,44.46,438.1,30.3,2.06,6,18,1790,3,2.12,24.9,58.0,27.4
050C26F874361430Y1,AGM50_Y1,3,2026-06-22,151.348,141.532,147.532,146.742,152.586,148.98,45.34,44.33,44.28,45.61,45.95,44.48,450.7,37.0,2.07,6,14,1893,4,2.11,27.0,53.4,25.4
050C26F503607751Y1,AGM50_Y1,4,2026-06-13,150.299,152.813,153.419,156.661,155.247,154.74,43.25,43.8,45.24,44.61,44.32,45.59,448.1,41.4,2.0,4,7,2111,1,2.15,28.2,54.8,24.7
050C26F863064207Y1,AGM50_Y1,4,2026-06-05,148.585,149.36,140.075,146.766,151.54,148.045,43.49,45.1,45.65,45.56,44.6,44.28,461.7,44.4,2.04,6,12,1555,2,2.07,27.1,52.3,21.5
050C26F007003107Y1,AGM50_Y1,4,2026-06-02,154.351,154.784,154.638,153.813,150.661,151.206,44.46,43.88,44.82,44.79,43.98,45.1,442.4,38.3,1.99,5,11,1721,3,2.1,32.2,61.1,29.1
050C26F116058831Y1,AGM50_Y1,4,2026-06-26,151.681,155.405,151.406,150.325,146.779,151.529,45.38,45.09,46.19,45.37,45.17,45.98,467.6,36.5,2.02,5,4,1926,4,2.11,23.5,54.5,21.1
050C26F325989053Y1,AGM50_Y1,5,2026-06-05,146.75,148.104,150.729,149.123,146.889,147.317,46.0,44.16,44.74,45.89,45.09,42.89,444.2,27.5,2.1,2,7,2095,3,2.13,22.3,57.7,24.6
050C26G752863825Y1,AGM50_Y1,3,2026-07-19,154.784,156.685,153.562,151.753,153.182,153.65,44.92,44.99,43.01,45.39,43.54,46.62,454.9,30.4,2.08,3,8,1897,4,2.1,25.8,54.6,23.0
050C26G481412689Y1,AGM50_Y1,2,2026-07-19,152.617,149.507,149.843,154.969,149.685,149.568,45.03,42.82,45.14,44.92,45.26,44.42,458.1,37.7,2.06,5,5,2367,2,2.13,23.7,50.3,24.3
050C26G662170742Y1,AGM50_Y1,2,2026-07-23,154.017,153.226,152.956,152.264,153.5,151.646,43.73,46.05,45.37,46.63,46.39,42.05,441.4,24.5,2.08,9,8,1679,4,2.13,29.3,58.0,19.7
050C26G308302434Y1,AGM50_Y1,3,2026-07-24,155.754,157.165,150.16,154.162,158.166,154.6,45.73,44.85,45.24,43.95,46.44,45.54,443.7,34.9,2.04,8,15,1671,4,2.07,29.3,54.0,20.7
050C26G567805289Y1,AGM50_Y1,2,2026-07-07,150.384,147.907,146.394,149.545,152.712,149.04,44.84,44.62,46.78,44.83,45.27,45.15,454.7,37.0,2.08,4,4,1973,2,2.12,24.3,55.1,23.9
050C26G570278739Y1,AGM50_Y1,4,2026-07-01,142.86,138.156,142.048,146.309,144.912,139.553,45.54,44.25,45.39,46.83,45.71,44.13,442.3,33.9,2.03,7,8,1961,3,2.1,25.8,59.9,23.1
050C26G333366125Y1,AGM50_Y1,4,2026-07-09,149.502,150.891,151.695,155.18,154.647,155.345,45.34,44.93,44.91,45.97,45.68,44.66,447.2,44.4,2.03,3,9,2087,3,2.08,21.7,53.1,30.2
050C26G147160842Y1,AGM50_Y1,1,2026-07-22,146.838,142.937,144.694,148.076,158.142,145.378,44.19,44.88,46.22,44.8,44.51,45.08,461.0,49.4,2.05,2,13,1973,2,2.11,24.4,54.9,28.0
050C26G196314514Y1,AGM50_Y1,2,2026-07-09,154.021,153.182,149.148,150.906,153.096,151.235,44.33,45.42,43.78,44.06,43.97,43.16,455.4,43.2,2.05,6,4,1559,4,2.12,20.7,52.8,25.9
050C26G407835173Y1,AGM50_Y1,1,2026-07-16,139.676,141.753,142.135,137.66,141.729,146.422,44.76,45.4,43.78,44.16,46.4,44.8,444.4,27.6,2.1,4,11,1418,3,2.02,28.5,57.6,24.9
050C26G519981047Y1,AGM50_Y1,3,2026-07-23,149.02,148.143,146.088,143.11,145.691,149.442,45.3,47.2,46.08,43.37,45.07,45.51,443.4,35.9,2.06,9,9,1449,3,2.06,25.3,59.3,29.8
050C26G340331159Y1,AGM50_Y1,2,2026-07-02,154.361,153.827,156.018,152.315,154.218,154.787,45.69,44.0,42.94,45.34,41.99,44.37,445.4,34.2,2.06,5,13,1954,2,2.09,29.8,53.3,21.7
050C26G644277390Y1,AGM50_Y1,2,2026-07-03,152.774,154.495,151.234,146.943,155.841,151.489,44.66,45.01,44.23,46.23,44.14,46.55,462.8,40.1,2.01,6,7,1722,3,2.09,28.5,55.6,22.4
050C26H321417058Y1,AGM50_Y1,2,2026-08-20,150.574,161.924,149.487,149.671,148.441,153.704,45.65,46.35,45.23,45.0,45.9,44.87,449.5,34.6,2.02,5,16,2066,4,2.13,20.2,62.3,21.8
050C26H810713681Y1,AGM50_Y1,2,2026-08-16,149.466,150.802,158.929,147.594,147.509,149.929,45.03,44.54,45.55,43.48,42.78,44.53,450.5,32.2,2.07,3,8,1855,3,2.07,25.7,60.8,26.2
050C26H795775142Y1,AGM50_Y1,2,2026-08-04,144.602,147.57,147.357,149.038,148.219,146.952,45.77,43.33,44.78,46.37,46.25,44.42,450.3,24.6,2.1,8,9,1867,3,2.11,28.0,61.4,26.7
050C26H760339609Y1,AGM50_Y1,2,2026-08-11,146.572,147.915,150.939,142.352,146.603,154.981,45.72,44.95,44.98,43.42,46.02,44.97,445.6,36.2,2.09,6,4,1754,3,2.14,22.6,50.7,23.7
050C26H894998161Y1,AGM50_Y1,4,2026-08-13,152.026,152.917,157.465,149.902,152.419,148.098,43.84,46.12,45.61,44.9,45.26,45.04,449.0,44.4,2.06,4,11,1941,4,2.11,26.2,55.5,21.6
050C26H338502883Y1,AGM50_Y1,2,2026-08-06,146.269,145.205,143.759,141.881,144.521,143.131,43.72,45.62,46.28,44.04,45.2,44.4,445.4,36.2,2.04,4,15,1561,3,2.09,25.3,55.0,23.3
050C26H033584221Y1,AGM50_Y1,2,2026-08-10,151.188,152.696,147.592,150.128,150.334,155.167,45.13,45.17,45.13,44.93,43.37,45.67,446.0,34.4,2.11,5,6,1774,3,2.09,20.0,52.4,25.4
050C26H749785559Y1,AGM50_Y1,2,2026-08-12,139.986,145.431,152.064,147.623,142.643,144.761,45.22,44.14,45.41,45.49,43.67,43.26,437.3,36.7,2.05,2,11,1783,3,2.1,21.7,59.0,24.7
050C26H800230455Y1,AGM50_Y1,2,2026-08-14,158.989,151.611,155.661,152.209,153.92,146.806,43.3,46.12,45.8,46.11,43.42,45.95,457.8,37.3,2.05,6,10,1642,4,2.11,23.0,60.5,31.5
050C26H382595069Y1,AGM50_Y1,2,2026-08-19,157.952,158.909,144.748,145.401,151.785,151.501,45.19,45.46,45.88,44.35,45.86,44.05,452.3,40.0,2.02,4,12,1677,4,2.11,29.0,59.0,27.4
050C26H334180412Y1,AGM50_Y1,3,2026-08-21,152.816,151.613,147.476,151.624,155.861,147.881,45.8,44.17,45.56,46.41,44.28,45.64,466.3,49.4,2.04,4,14,1875,3,2.09,31.9,50.0,22.2
050C26H129274952Y1,AGM50_Y1,3,2026-08-24,153.037,144.491,149.786,151.822,146.196,145.529,44.61,46.4,44.51,44.65,47.04,44.72,451.3,44.1,2.1,3,7,2071,3,2.14,27.9,51.5,24.6
050C26H484294549Y1,AGM50_Y1,3,2026-08-04,146.089,157.591,156.96,160.568,156.779,154.279,45.21,46.15,45.88,43.3,45.98,45.33,451.2,44.8,2.03,7,12,1559,4,2.08,17.7,57.5,22.7
050C26I429170401Y1,AGM50_Y1,2,2026-09-03,152.36,149.769,149.046,147.955,154.981,138.183,44.17,46.45,45.32,44.22,43.93,46.26,429.0,42.6,2.06,8,16,1880,2,2.07,28.3,52.7,22.8
050C26I239891526Y1,AGM50_Y1,4,2026-09-20,151.645,152.236,152.952,149.951,154.2,148.555,44.27,46.25,45.1,45.36,46.31,44.52,456.7,29.5,2.06,5,5,1964,5,2.1,24.6,60.4,24.1
050C26I913517878Y1,AGM50_Y1,3,2026-09-05,151.307,154.257,148.947,152.111,145.079,149.655,43.51,45.85,42.8,44.58,46.04,45.98,442.2,32.7,2.05,6,7,1981,5,2.09,25.4,56.3,21.4
050C26I750173680Y1,AGM50_Y1,3,2026-09-16,151.976,149.312,153.818,153.587,149.568,146.643,44.79,46.28,44.32,45.44,45.34,44.06,442.0,33.8,2.05,4,11,1940,3,2.1,25.9,57.1,24.6
050C26I537357735Y1,AGM50_Y1,3,2026-09-10,144.141,152.918,143.405,152.757,150.801,146.829,44.48,45.79,45.75,43.74,42.47,43.33,456.2,45.9,2.02,6,6,1130,3,2.07,25.4,57.8,22.7
050C26I418657532Y1,AGM50_Y1,2,2026-09-27,157.434,158.971,151.058,155.182,153.317,150.903,46.23,45.09,46.12,45.04,45.43,44.67,441.3,34.9,2.06,5,7,2108,1,2.05,22.1,60.6,21.5
050C26I955965894Y1,AGM50_Y1,3,2026-09-11,150.244,148.021,147.606,139.984,147.844,152.186,44.68,45.61,44.54,43.6,44.91,45.57,452.5,39.4,2.09,9,16,2112,3,2.11,26.9,62.5,29.1
050C26I841885694Y1,AGM50_Y1,3,2026-09-17,145.488,155.67,151.611,151.642,145.114,149.605,44.42,44.32,46.16,44.47,46.24,45.19,455.4,38.1,2.05,4,2,1611,3,2.11,30.0,56.6,27.4
050C26I992721901Y1,AGM50_Y1,3,2026-09-23,152.71,150.589,151.93,153.026,151.894,151.384,45.43,45.58,45.23,44.42,44.83,46.13,443.6,24.8,2.03,8,10,1258,3,2.09,26.0,52.4,25.8
050C26I002373795Y1,AGM50_Y1,3,2026-09-14,146.027,146.569,145.554,146.823,145.834,144.844,46.14,46.69,46.5,46.34,42.65,42.37,453.0,29.6,2.02,5,4,2223,3,2.13,24.5,57.4,23.8
050C26I730907511Y1,AGM50_Y1,2,2026-09-13,151.241,153.704,153.043,148.774,148.689,151.428,43.41,43.9,46.11,44.65,45.89,44.47,440.1,37.1,2.06,7,4,1935,3,2.1,26.1,51.2,21.1
050C26I562734129Y1,AGM50_Y1,3,2026-09-17,149.503,150.643,153.832,149.876,150.422,151.408,46.25,43.7,45.06,43.88,45.06,45.23,445.1,32.4,2.01,4,13,1896,3,2.11,26.5,55.8,23.4
050C26I522732916Y1,AGM50_Y1,3,2026-09-19,152.0,153.453,148.999,150.479,154.898,154.788,44.6,44.28,45.72,43.25,45.14,43.67,445.9,33.5,2.1,1,16,1883,4,2.07,21.6,58.1,23.5
050C26J850102746Y1,AGM50_Y1,2,2026-10-17,148.224,146.234,143.86,144.569,145.145,147.897,45.99,44.6,43.72,45.66,44.42,44.7,453.5,33.9,2.03,3,6,1711,3,2.14,29.7,57.0,22.6
050C26J607653275Y1,AGM50_Y1,2,2026-10-14,150.722,153.165,156.308,152.105,147.719,153.989,44.83,43.17,42.17,43.98,43.81,44.65,448.2,27.4,2.07,9,13,1744,3,2.08,24.5,56.4,27.9
050C26J467800691Y1,AGM50_Y1,3,2026-10-25,149.922,151.936,150.72,149.004,149.937,151.147,44.21,44.01,46.27,45.92,44.54,45.78,453.9,29.2,2.0,4,7,1817,4,2.12,28.5,53.5,19.9
050C26J887125271Y1,AGM50_Y1,3,2026-10-08,148.535,147.872,147.079,147.81,150.51,147.301,45.8,44.11,45.17,46.2,45.7,44.22,454.3,47.0,2.06,8,3,1647,3,2.14,22.9,50.0,27.0
050C26J876819352Y1,AGM50_Y1,4,2026-10-26,147.853,149.545,158.927,155.499,152.023,153.163,44.92,46.12,47.13,43.35,45.1,45.15,463.8,39.7,2.02,7,10,2050,2,2.08,29.3,54.1,30.8
050C26J071572374Y1,AGM50_Y1,3,2026-10-19,143.266,151.988,146.558,153.815,153.535,150.451,45.23,45.73,45.34,43.5,46.08,45.04,443.2,34.0,2.06,6,6,2487,3,2.03,24.4,57.5,30.2
050C26J601116452Y1,AGM50_Y1,4,2026-10-04,149.688,152.401,151.548,152.055,152.078,151.408,45.41,45.33,44.07,47.08,44.09,46.17,445.5,26.5,2.08,8,1,1558,3,2.08,25.4,61.4,22.2
050C26J001807893Y1,AGM50_Y1,4,2026-10-04,150.291,145.679,144.79,149.691,144.86,147.497,44.35,42.42,43.92,44.76,45.35,45.79,445.5,43.7,2.06,6,8,2321,3,2.13,22.1,54.3,25.9
050C26J822474980Y1,AGM50_Y1,3,2026-10-15,155.295,153.836,146.692,151.292,154.741,149.038,44.17,44.63,43.8,44.37,45.31,44.61,451.7,45.5,2.04,4,11,1694,2,2.06,25.3,52.6,25.9
050C26J538792947Y1,AGM50_Y1,2,2026-10-09,147.264,147.061,147.882,149.569,146.56,146.21,48.18,45.72,44.05,45.81,43.51,45.22,448.6,35.3,2.04,4,6,1830,2,2.17,20.9,51.2,29.8
050C26J796155997Y1,AGM50_Y1,2,2026-10-22,146.402,153.395,146.086,148.628,149.457,145.427,45.93,45.21,45.41,43.86,44.32,44.73,449.0,37.8,2.07,3,6,1643,3,2.15,21.3,53.1,22.7
050C26J785971206Y1,AGM50_Y1,4,2026-10-23,148.489,146.653,148.037,145.822,147.591,150.064,43.79,43.92,43.57,45.11,44.32,44.47,435.8,29.0,2.08,8,7,2030,4,2.06,23.0,55.9,27.5
050C26J528885603Y1,AGM50_Y1,3,2026-10-10,157.421,154.804,155.231,152.377,155.798,154.175,44.83,44.53,44.67,43.65,45.47,44.09,453.3,31.5,2.05,4,9,1475,2,2.08,25.2,51.8,29.3
050C26K785659847Y1,AGM50_Y1,4,2026-11-19,153.205,149.076,147.376,149.233,146.152,145.634,45.11,46.95,45.33,44.49,44.89,44.15,444.8,37.2,2.06,5,7,1632,3,2.13,25.5,57.0,27.1
050C26K722381564Y1,AGM50_Y1,3,2026-11-11,146.845,147.657,147.462,147.636,145.157,148.615,45.3,44.45,43.86,44.09,46.23,43.7,446.0,37.7,2.04,4,5,2040,1,2.11,20.7,52.0,29.7
050C26K262809612Y1,AGM50_Y1,3,2026-11-10,152.128,153.367,155.924,157.428,158.709,149.157,45.39,44.48,45.5,47.38,45.61,46.72,457.1,42.1,2.02,6,19,1493,5,2.11,33.3,56.3,19.1
050C26K652787081Y1,AGM50_Y1,3,2026-11-14,141.986,141.887,145.038,144.27,142.046,137.997,46.25,44.86,44.39,45.09,46.02,43.57,455.7,33.4,2.05,6,14,1588,5,2.07,21.8,60.5,25.5
050C26K103553630Y1,AGM50_Y1,5,2026-11-20,151.501,147.937,151.56,153.029,153.693,154.044,45.61,44.94,47.0,44.5,46.37,45.73,451.8,31.4,2.02,5,13,1516,4,2.07,26.2,54.5,22.5
050C26K779819417Y1,AGM50_Y1,2,2026-11-15,147.158,151.191,150.406,139.571,155.204,140.825,43.79,46.07,44.9,45.74,45.67,46.61,443.5,39.7,2.08,2,5,1641,3,2.06,21.6,56.9,22.1
050C26K800267908Y1,AGM50_Y1,4,2026-11-14,151.794,155.804,154.606,151.213,146.932,148.179,44.43,45.88,45.6,44.43,45.14,45.39,439.9,40.3,2.06,4,9,2274,2,2.1,25.3,53.9,20.1
050C26K073015575Y1,AGM50_Y1,3,2026-11-15,152.049,145.733,146.281,136.192,148.368,132.504,45.67,44.74,44.53,44.1,45.49,45.49,445.2,41.5,2.02,2,13,1481,2,2.08,23.6,55.6,24.3
050C26K071133418Y1,AGM50_Y1,2,2026-11-14,151.636,148.216,149.28,150.962,152.548,147.916,41.96,45.2,45.41,44.64,46.32,46.58,453.9,25.4,2.03,4,11,2355,4,2.1,24.1,57.5,27.9
050C26K770366389Y1,AGM50_Y1,1,2026-11-17,150.948,147.0,150.202,155.359,147.759,155.467,46.22,47.05,43.39,44.04,45.21,45.31,456.8,39.6,2.06,2,12,2128,4,2.08,17.0,54.8,27.8
050C26K253710956Y1,AGM50_Y1,4,2026-11-08,150.306,149.939,144.514,154.351,152.292,145.956,46.44,45.12,44.4,46.84,45.04,45.19,450.6,37.5,2.05,2,6,2095,3,2.13,23.2,53.0,27.7
050C26K896466466Y1,AGM50_Y1,2,2026-11-19,146.234,142.685,144.808,154.298,151.537,148.803,47.36,42.54,44.17,45.8,45.21,44.55,460.5,32.0,2.05,2,14,1731,4,2.11,24.1,60.4,26.9
050C26K914783927Y1,AGM50_Y1,3,2026-11-16,151.169,150.09,149.879,152.868,152.453,152.727,45.4,44.75,44.41,43.37,43.62,46.11,446.3,30.3,2.03,5,16,2201,3,2.13,26.0,53.9,21.6
050C26L910223242Y1,AGM50_Y1,2,2026-12-06,153.999,149.375,153.697,147.484,154.874,151.251,44.45,44.17,45.99,44.76,46.71,43.96,445.4,35.2,2.13,6,1,1737,4,2.08,29.8,53.4,24.9
050C26L966044538Y1,AGM50_Y1,3,2026-12-26,145.82,145.364,143.107,151.441,149.006,149.268,44.59,48.06,46.14,45.11,44.9,45.0,462.4,42.5,2.0,4,8,1910,4,2.06,22.8,55.9,31.1
050C26L113135993Y1,AGM50_Y1,1,2026-12-21,141.622,146.583,140.194,138.752,139.699,148.182,46.79,44.76,45.2,44.15,45.64,45.25,446.0,31.6,2.09,4,1,1450,3,2.08,24.2,55.3,24.5
050C26L894597198Y1,AGM50_Y1,1,2026-12-15,146.917,144.473,144.538,139.936,146.025,153.221,43.53,47.02,46.04,43.63,46.29,43.29,442.1,36.5,2.06,6,19,1726,5,2.13,22.3,55.1,21.0
050C26L782531995Y1,AGM50_Y1,3,2026-12-06,145.322,145.457,153.505,149.543,151.261,153.817,44.99,44.02,46.37,45.91,45.72,45.12,455.2,27.9,2.05,5,12,1883,4,2.06,23.9,55.9,20.3
050C26L314714889Y1,AGM50_Y1,3,2026-12-06,148.231,145.636,146.206,140.918,144.131,146.262,44.32,46.28,44.58,45.35,46.68,46.92,467.7,34.5,2.12,8,12,1776,3,2.07,28.7,60.1,20.3
050C26L969207294Y1,AGM50_Y1,5,2026-12-08,150.845,148.143,148.056,149.726,153.59,147.267,43.67,45.19,44.86,45.09,43.47,45.41,443.7,36.2,2.05,6,9,1688,1,2.13,26.3,54.5,23.1
050C26L048134023Y1,AGM50_Y1,4,2026-12-22,147.197,146.757,145.708,146.729,148.478,148.608,46.27,44.26,44.66,43.21,45.32,46.0,451.4,40.7,2.04,3,4,1768,4,2.14,22.7,53.4,24.0
050C26L042070267Y1,AGM50_Y1,2,2026-12-01,146.76,145.418,144.998,142.932,146.84,147.218,48.81,45.38,45.75,46.76,46.33,46.4,458.1,37.2,2.06,5,12,1176,2,2.13,21.1,52.6,27.6
050C26L710390168Y1,AGM50_Y1,4,2026-12-18,147.43,154.029,153.07,150.465,151.132,147.439,44.11,45.29,44.91,45.94,44.63,45.55,452.8,26.7,2.04,8,16,1673,2,2.11,23.5,59.8,24.0
050C26L350622813Y1,AGM50_Y1,3,2026-12-19,153.152,150.642,152.301,152.916,153.834,150.353,44.01,47.14,46.0,44.51,45.46,45.61,450.8,32.7,2.05,4,13,1951,2,2.11,23.2,55.6,20.1
050C26L892120027Y1,AGM50_Y1,2,2026-12-26,148.052,147.205,144.849,148.551,139.292,139.726,44.87,45.5,44.61,45.68,44.87,44.8,438.9,45.0,2.03,3,9,1841,4,2.09,21.5,58.3,24.7
050C26L471525830Y1,AGM50_Y1,2,2026-12-24,145.61,157.722,156.051,153.779,152.071,151.88,44.81,43.48,45.38,45.05,47.44,45.32,444.4,24.0,2.05,5,6,1907,3,2.13,27.0,59.5,27.7
060C26A109301411B1,AGM60_B1,5,2026-01-10,176.652,184.748,175.814,179.971,177.547,177.7,44.48,44.88,45.34,45.64,44.79,44.21,535.5,55.4,2.02,3,3,2314,4,2.14,25.7,61.9,31.9
060C26A664579675B1,AGM60_B1,4,2026-01-25,179.805,177.934,178.559,175.401,180.605,178.396,44.76,44.27,43.84,44.92,45.62,46.64,560.8,42.3,2.02,8,8,1449,1,2.08,22.7,63.4,24.6
060C26A363410510B1,AGM60_B1,3,2026-01-04,179.623,186.831,182.6,184.896,175.077,179.886,46.07,44.85,45.78,45.52,44.29,45.6,532.4,54.2,2.06,2,3,2066,1,2.08,22.0,63.7,24.3
060C26A675546145B1,AGM60_B1,2,2026-01-09,184.052,179.152,181.231,182.076,178.588,177.978,43.85,44.08,46.2,45.06,45.09,44.38,531.3,56.3,2.02,2,11,1222,4,2.1,21.4,66.5,24.7
060C26A500701167B1,AGM60_B1,3,2026-01-19,180.464,178.169,185.802,179.268,181.267,177.136,46.26,43.78,44.78,43.47,46.95,45.12,528.9,44.8,2.01,6,9,2113,4,2.12,24.5,66.4,22.2
060C26A922470878B1,AGM60_B1,3,2026-01-27,183.592,176.704,178.267,180.841,180.634,175.342,43.93,43.85,45.49,45.52,46.27,44.68,532.4,34.9,2.03,10,17,1150,1,2.11,28.0,73.7,22.9
060C26A146498304B1,AGM60_B1,4,2026-01-19,173.73,174.326,180.488,178.271,174.792,177.147,46.14,45.41,44.79,45.6,46.28,45.71,550.4,36.2,2.07,5,12,1484,2,2.15,25.0,67.3,29.6
060C26A520071666B1,AGM60_B1,3,2026-01-10,179.087,187.985,184.157,182.602,190.035,189.729,43.41,43.79,43.65,45.67,44.91,45.09,569.2,47.1,2.06,7,10,1694,3,2.12,24.6,66.1,23.0
060C26A822284206B1,AGM60_B1,3,2026-01-05,183.299,181.156,183.915,180.45,180.194,180.15,43.62,44.03,45.78,46.46,45.87,45.82,538.4,39.2,2.05,4,11,2463,3,2.1,26.3,66.6,26.8
060C26A874973519B1,AGM60_B1,4,2026-01-08,181.148,177.891,175.463,180.009,181.878,176.064,44.3,44.23,45.42,45.95,46.26,44.38,540.7,40.6,2.04,6,14,1772,4,2.08,29.8,75.0,28.1
060C26A674074489B1,AGM60_B1,4,2026-01-25,184.719,181.094,180.659,184.546,173.565,176.495,44.2,45.08,44.65,44.68,43.96,45.71,538.0,46.9,2.08,6,8,1880,3,2.13,26.8,66.3,29.2
060C26A004399963B1,AGM60_B1,5,2026-01-03,182.14,181.839,182.743,183.617,181.571,183.138,44.98,45.99,44.57,43.9,47.01,44.87,538.6,42.7,2.02,10,11,1700,4,2.11,20.6,64.6,23.3
060C26A923936044B1,AGM60_B1,3,2026-01-11,176.993,185.849,182.015,183.52,173.857,185.3,46.25,45.65,47.53,45.23,43.47,44.79,507.0,44.8,2.05,1,10,2225,3,2.08,27.5,62.6,23.5
060C26B076755072B1,AGM60_B1,3,2026-02-15,182.044,186.385,186.457,185.419,184.506,187.347,45.02,43.29,46.28,45.25,43.57,44.29,537.2,27.5,2.03,2,14,1394,4,2.07,22.5,68.3,24.9
060C26B657444811B1,AGM60_B1,3,2026-02-19,176.678,171.793,167.183,173.645,184.751,186.286,45.26,44.31,44.81,43.48,45.27,45.1,535.5,46.8,2.01,7,5,1747,4,2.17,22.1,67.3,27.3
060C26B841436301B1,AGM60_B1,5,2026-02-01,182.689,191.28,178.737,185.433,181.02,190.864,43.44,44.57,45.97,43.2,45.87,45.35,542.0,46.8,2.06,3,12,1818,2,2.06,24.8,65.1,23.5
060C26B670577913B1,AGM60_B1,4,2026-02-23,178.435,177.191,181.462,175.629,177.134,180.714,44.88,45.08,45.39,43.98,44.01,43.7,533.9,28.7,2.06,5,9,1626,5,2.11,22.6,72.0,26.4
060C26B766669885B1,AGM60_B1,3,2026-02-17,180.78,185.607,182.009,180.978,188.918,188.65,44.29,43.0,42.81,44.58,46.25,44.17,530.8,49.7,2.09,6,4,1877,3,2.11,22.7,60.0,26.9
060C26B174989113B1,AGM60_B1,4,2026-02-25,189.896,187.948,191.33,184.856,188.101,176.803,45.77,46.67,44.42,44.84,45.39,44.65,517.2,39.8,2.08,6,11,1990,3,2.12,23.8,69.0,24.4
060C26B654344273B1,AGM60_B1,3,2026-02-04,179.103,182.083,184.824,182.074,183.02,182.549,46.84,45.89,44.88,42.3,44.72,45.04,527.0,43.8,2.07,6,9,2298,4,2.11,25.6,65.2,26.9
060C26B944225908B1,AGM60_B1,2,2026-02-17,175.837,178.79,180.165,181.079,180.69,180.649,45.03,42.94,44.58,44.82,44.12,44.18,553.1,45.8,1.96,4,6,1429,1,2.07,26.3,60.0,25.8
060C26B073125751B1,AGM60_B1,3,2026-02-16,180.015,188.437,186.527,180.763,193.576,184.996,43.06,45.28,44.27,43.37,43.61,45.37,534.1,51.0,2.01,3,11,2075,4,2.11,30.1,64.7,23.0
060C26B867690886B1,AGM60_B1,2,2026-02-08,176.781,176.235,174.825,178.091,176.301,176.307,43.7,44.32,45.49,45.4,45.58,46.91,536.2,36.4,2.02,8,12,1791,2,2.1,24.1,65.5,30.1
060C26B360061585B1,AGM60_B1,3,2026-02-04,183.057,176.835,172.976,177.548,176.578,179.772,45.11,44.11,45.56,44.83,44.03,43.63,530.9,33.2,2.04,5,14,1600,2,2.1,27.6,74.9,24.2
060C26B862663491B1,AGM60_B1,2,2026-02-26,181.909,173.12,179.03,173.433,179.995,175.339,45.12,44.38,43.35,44.72,44.22,45.96,538.0,47.3,2.1,6,7,1754,2,2.13,22.0,69.7,21.0
060C26B741325258B1,AGM60_B1,3,2026-02-10,184.893,183.618,180.922,184.371,179.487,181.888,44.98,44.13,46.8,44.45,45.88,45.39,529.9,32.7,2.11,10,9,1292,3,2.03,25.4,75.0,25.8
060C26C142094300B1,AGM60_B1,4,2026-03-24,178.058,181.355,179.207,181.235,172.446,182.787,47.27,45.81,45.31,42.28,44.51,45.19,529.4,39.1,2.06,7,12,1671,3,2.07,25.3,73.9,22.8
060C26C354184763B1,AGM60_B1,2,2026-03-13,180.69,178.538,181.36,179.258,179.912,183.652,44.74,45.83,45.17,45.32,45.82,45.74,533.2,36.2,2.07,4,3,1514,3,2.07,24.8,72.0,27.2
060C26C252325409B1,AGM60_B1,2,2026-03-09,176.357,171.762,176.403,172.665,177.588,170.641,44.78,44.99,44.2,46.43,44.28,45.18,534.8,28.3,1.99,5,3,2015,4,2.16,23.2,68.1,30.3
060C26C642740965B1,AGM60_B1,3,2026-03-27,177.422,175.791,177.099,175.1,171.61,175.237,44.4,48.62,43.12,44.46,46.05,46.4,545.1,32.8,2.02,7,11,1768,2,2.1,23.2,66.1,23.0
060C26C078958938B1,AGM60_B1,3,2026-03-26,178.975,178.172,179.218,180.129,177.479,176.537,45.28,46.61,45.59,45.65,45.25,46.29,534.8,32.5,2.01,7,10,1752,4,2.1,23.1,73.6,25.2
060C26C426775673B1,AGM60_B1,3,2026-03-15,169.822,179.668,176.887,174.46,174.101,161.939,44.98,43.32,44.67,44.95,44.59,46.39,539.7,45.9,2.03,7,7,1567,2,2.1,27.0,71.7,25.1
060C26C651136002B1,AGM60_B1,4,2026-03-16,179.258,179.525,176.292,180.208,180.922,174.162,43.32,44.85,45.54,44.23,43.56,45.61,544.1,40.0,2.05,5,9,1889,1,2.17,33.2,67.7,20.9
060C26C726312390B1,AGM60_B1,4,2026-03-23,173.359,184.547,178.814,174.112,180.239,179.36,44.98,44.5,42.84,44.61,46.79,45.96,543.6,49.2,2.02,6,13,2183,4,2.06,24.1,69.7,23.3
060C26C936066820B1,AGM60_B1,4,2026-03-03,181.634,188.878,186.271,181.68,178.864,184.892,43.63,45.95,45.53,43.41,45.22,46.08,535.0,41.0,2.04,5,11,1679,3,2.09,28.8,67.0,27.5
060C26C973811384B1,AGM60_B1,3,2026-03-05,183.828,182.998,183.046,184.887,183.099,183.523,45.15,44.61,43.61,44.56,43.97,44.94,542.7,50.1,2.07,2,15,2206,3,2.08,25.7,63.3,29.9
060C26C663537873B1,AGM60_B1,4,2026-03-06,181.627,185.243,183.177,181.765,179.117,175.817,45.66,46.65,43.6,46.23,45.5,46.22,534.8,48.7,2.08,5,20,1559,4,2.08,30.2,65.5,21.5
060C26C417724834B1,AGM60_B1,2,2026-03-08,182.755,186.757,185.434,185.826,190.9,190.665,44.76,44.55,46.12,45.0,46.35,44.77,541.0,42.4,2.07,6,1,2147,3,2.09,20.5,67.3,22.9
060C26C205617718B1,AGM60_B1,3,2026-03-11,185.584,181.691,177.577,179.426,176.528,177.618,44.86,44.15,45.58,44.9,44.73,43.81,534.5,45.0,2.07,8,8,1560,4,2.14,24.2,66.9,25.9
060C26D661049094B1,AGM60_B1,2,2026-04-22,173.028,172.706,172.327,173.954,173.082,176.948,46.8,42.83,45.75,43.25,44.16,43.39,531.1,42.3,2.06,4,10,2185,2,2.12,29.3,64.5,21.5
060C26D323247921B1,AGM60_B1,4,2026-04-08,178.906,185.389,177.265,182.231,182.469,181.348,45.04,43.83,45.33,45.45,45.51,44.31,552.8,49.7,2.01,7,6,1774,2,2.13,23.3,67.5,29.6
060C26D809310949B1,AGM60_B1,3,2026-04-16,192.794,181.347,178.834,191.141,187.824,180.72,44.63,45.03,44.08,44.55,45.47,45.05,545.2,54.2,2.02,4,12,1769,2,2.06,24.5,61.4,23.3
060C26D028720088B1,AGM60_B1,4,2026-04-27,174.865,176.391,180.677,178.967,177.809,178.998,45.21,44.75,45.02,45.57,45.3,44.12,542.5,30.2,2.08,5,10,1864,4,2.1,28.4,67.0,22.0
060C26D524097353B1,AGM60_B1,3,2026-04-10,184.175,183.486,183.069,186.6,174.621,177.678,44.87,45.02,44.41,45.97,44.9,46.74,550.8,35.1,2.09,3,1,1579,4,2.05,20.7,75.0,23.5
060C26D686595313B1,AGM60_B1,2,2026-04-06,173.004,176.156,172.206,178.45,176.917,179.144,45.25,44.92,46.67,45.99,45.71,45.43,542.1,38.9,2.05,3,7,1706,4,2.08,26.6,66.0,26.7
060C26D563889151B1,AGM60_B1,2,2026-04-05,171.152,173.88,168.741,172.735,173.387,169.764,45.78,48.44,45.21,46.72,43.61,46.19,556.5,52.2,2.08,7,9,2093,3,2.14,26.2,70.9,27.7
060C26D010517151B1,AGM60_B1,3,2026-04-16,183.143,175.097,174.089,187.059,176.437,180.155,46.01,46.08,44.35,43.47,45.51,46.04,526.2,47.6,2.03,2,7,2112,4,2.13,27.7,63.6,20.3
060C26D032964948B1,AGM60_B1,4,2026-04-26,181.477,183.626,183.892,182.449,179.936,183.453,46.21,45.09,44.28,44.57,44.05,44.57,542.5,41.2,2.05,3,7,1738,3,2.13,23.3,70.1,24.8
060C26D702387264B1,AGM60_B1,3,2026-04-23,171.177,174.125,179.852,175.417,177.306,177.424,44.05,43.24,44.2,43.6,44.34,45.65,544.8,46.0,2.03,4,11,1821,5,2.11,22.3,71.3,25.8
060C26D142800662B1,AGM60_B1,3,2026-04-18,175.932,178.18,175.617,175.075,175.594,182.57,45.17,45.78,43.98,45.76,45.92,45.1,533.8,47.9,2.06,4,12,1717,3,2.12,21.5,68.0,28.5
060C26D914205324B1,AGM60_B1,3,2026-04-09,176.7,178.482,178.841,175.949,174.285,181.975,43.87,45.41,47.17,45.65,44.91,44.74,538.8,39.9,2.07,6,10,1824,3,2.12,27.4,65.4,24.8
060C26D635557441B1,AGM60_B1,4,2026-04-06,182.319,174.89,177.262,188.823,176.064,186.571,47.1,45.27,45.26,44.79,44.41,44.76,525.4,52.6,2.05,3,13,1314,3,2.1,22.4,67.2,29.6
060C26E159424589B1,AGM60_B1,1,2026-05-17,175.758,174.566,170.683,173.818,171.519,175.822,46.05,46.05,43.81,45.3,44.74,44.72,553.8,45.7,2.1,4,2,1401,2,2.14,27.7,65.5,23.6
060C26E927238875B1,AGM60_B1,3,2026-05-22,190.884,186.401,179.033,189.972,180.488,186.212,43.67,45.76,44.62,44.72,45.27,45.77,534.2,57.8,2.06,10,10,1295,3,2.08,25.9,67.3,24.1
060C26E482045421B1,AGM60_B1,2,2026-05-14,183.966,182.528,184.085,183.872,182.657,181.616,47.31,45.84,45.34,45.75,44.07,45.03,523.1,30.0,2.1,4,18,1867,3,2.08,20.8,68.0,27.1
060C26E345074547B1,AGM60_B1,4,2026-05-21,170.754,173.099,177.732,172.929,170.336,173.662,45.52,45.07,45.28,44.01,45.16,45.08,552.0,38.9,2.04,4,12,2331,2,2.1,25.5,73.6,17.3
060C26E951032274B1,AGM60_B1,2,2026-05-04,185.775,182.066,183.453,180.256,183.157,181.262,46.15,45.08,45.37,45.83,43.56,44.61,539.0,34.3,2.06,5,8,1972,1,2.09,23.3,71.0,25.7
060C26E843724840B1,AGM60_B1,2,2026-05-01,182.848,172.789,183.891,169.31,173.49,183.62,45.91,44.61,47.39,45.4,44.01,46.57,535.4,53.8,2.06,8,8,2076,3,2.08,24.4,67.6,25.3
060C26E822066332B1,AGM60_B1,3,2026-05-20,177.315,186.577,177.482,177.466,181.035,176.551,44.11,44.88,44.81,44.89,43.83,45.2,534.1,43.3,2.04,4,15,2041,2,2.15,30.3,65.0,23.0
060C26E767743045B1,AGM60_B1,4,2026-05-22,179.452,179.586,185.522,181.359,182.903,175.364,43.95,46.69,46.18,45.38,41.55,45.02,544.2,34.0,2.07,4,8,1870,4,2.13,23.3,73.1,24.2
060C26E895803791B1,AGM60_B1,3,2026-05-27,185.209,179.823,173.714,174.481,184.502,183.216,43.45,45.07,45.6,45.92,45.38,46.03,546.0,47.2,2.1,2,14,1888,4,2.11,25.3,72.2,17.0
060C26E691697731B1,AGM60_B1,1,2026-05-27,172.577,173.006,172.74,173.52,180.06,177.472,43.06,43.54,47.42,43.25,46.09,45.25,523.9,45.4,2.02,6,12,1535,5,2.11,22.2,68.2,22.5
060C26E556487787B1,AGM60_B1,4,2026-05-01,172.419,183.332,174.9,174.409,177.019,181.885,46.08,44.95,44.66,44.85,44.76,44.49,534.7,45.5,2.05,1,9,1365,3,2.13,31.3,65.2,19.2
060C26E787984418B1,AGM60_B1,2,2026-05-19,185.986,188.645,184.596,190.622,183.088,185.837,45.12,43.79,43.48,45.25,46.61,44.43,537.0,49.7,2.08,4,10,1683,3,2.13,23.3,60.0,23.8
060C26E548348711B1,AGM60_B1,3,2026-05-20,176.572,170.809,175.323,172.037,177.313,176.036,45.59,44.38,44.17,43.96,44.47,44.43,524.0,41.7,2.05,4,12,1796,1,2.09,27.4,68.0,28.7
060C26F478290928B1,AGM60_B1,3,2026-06-23,185.993,178.337,179.086,181.74,178.165,176.53,44.29,45.37,43.29,46.06,45.49,45.42,528.8,54.2,2.03,9,7,2067,4,2.08,19.7,66.5,23.1
060C26F115300530B1,AGM60_B1,4,2026-06-15,187.107,183.367,183.534,182.023,180.0,184.897,44.81,44.14,44.0,45.32,45.29,44.83,546.9,48.4,2.05,2,14,1720,4,2.14,24.4,63.9,26.2
060C26F419381269B1,AGM60_B1,2,2026-06-08,177.121,175.122,181.567,181.879,180.933,175.682,44.75,44.44,46.52,46.64,44.64,44.88,532.5,44.7,2.04,5,8,1854,4,2.08,19.4,71.4,24.8
060C26F000774968B1,AGM60_B1,2,2026-06-22,183.031,177.314,176.322,172.52,184.683,182.418,45.13,44.11,45.38,45.78,45.15,43.98,549.3,51.0,2.05,7,14,1912,2,2.08,27.5,61.2,19.3
060C26F778863366B1,AGM60_B1,4,2026-06-02,181.742,178.552,180.338,177.646,182.0,178.94,46.18,45.04,44.46,45.55,46.13,44.37,543.1,47.1,2.06,5,13,2065,3,2.06,25.1,69.7,29.9
060C26F782991184B1,AGM60_B1,3,2026-06-22,180.657,182.672,176.981,183.622,179.943,178.055,44.53,45.97,45.57,45.85,44.83,44.26,549.7,51.3,2.05,5,5,2096,3,2.1,22.9,63.4,21.6
060C26F087148776B1,AGM60_B1,4,2026-06-27,176.842,175.192,180.079,175.192,175.236,178.985,46.21,46.48,44.5,44.82,45.19,44.61,542.9,47.4,2.09,6,8,1721,3,2.11,20.2,63.5,23.1
060C26F054244301B1,AGM60_B1,3,2026-06-01,183.003,179.386,179.837,182.734,181.903,183.124,44.6,45.25,45.96,46.21,43.26,45.14,541.6,40.6,2.06,3,9,1773,3,2.07,22.7,61.4,18.9
060C26F396409794B1,AGM60_B1,3,2026-06-01,177.65,175.684,179.949,177.043,184.735,176.764,43.61,44.88,45.53,46.02,46.7,46.51,542.5,56.4,2.06,5,2,1333,4,2.07,24.5,64.3,24.1
060C26F563546506B1,AGM60_B1,3,2026-06-18,181.924,186.608,183.769,187.693,180.056,185.887,46.07,43.87,45.97,45.95,45.63,45.74,528.8,33.7,2.02,2,11,1602,3,2.1,23.7,70.8,27.7
060C26F151385183B1,AGM60_B1,3,2026-06-18,184.737,185.89,188.126,192.746,184.708,187.892,45.97,44.78,43.69,44.28,45.48,43.7,542.3,45.2,2.04,2,9,2033,3,2.1,27.3,62.6,30.4
060C26F336288309B1,AGM60_B1,3,2026-06-27,176.971,176.766,173.866,179.539,180.182,178.71,46.02,44.23,45.31,47.92,45.43,43.48,530.7,44.4,2.07,5,8,2126,2,2.08,27.1,67.1,28.5
060C26F485524792B1,AGM60_B1,2,2026-06-23,178.261,174.601,180.055,175.02,178.447,173.848,44.23,44.43,45.06,45.32,46.8,45.08,538.3,49.2,2.01,7,7,1393,4,2.11,31.7,63.9,22.3
060C26G481126129B1,AGM60_B1,2,2026-07-22,173.568,175.032,168.936,174.573,175.175,174.769,45.59,46.73,45.69,44.53,44.05,45.81,529.2,35.3,2.07,5,6,1215,3,2.09,29.5,65.1,20.5
060C26G796937050B1,AGM60_B1,1,2026-07-17,178.092,176.269,175.707,177.133,177.742,177.15,46.44,47.23,45.54,43.25,45.56,45.09,524.0,42.2,2.06,3,12,2015,4,2.11,21.7,61.7,26.6
060C26G749737823B1,AGM60_B1,3,2026-07-26,176.091,178.657,185.283,180.466,172.568,172.22,44.05,43.96,44.77,43.67,44.65,46.03,557.4,54.8,2.06,6,13,1866,3,2.08,29.9,65.8,20.4
060C26G722110271B1,AGM60_B1,2,2026-07-19,182.017,178.779,178.634,175.229,170.633,174.055,45.33,45.07,44.05,46.18,45.96,46.17,538.5,21.5,2.06,5,10,2199,2,2.14,20.6,74.2,30.1
060C26G497632581B1,AGM60_B1,3,2026-07-16,179.021,178.929,179.014,181.98,183.507,181.617,45.25,45.66,46.04,44.89,44.02,45.28,543.1,47.3,2.04,6,5,2239,3,2.09,32.0,62.5,25.3
060C26G266210198B1,AGM60_B1,3,2026-07-21,183.459,183.107,183.002,181.406,181.194,178.686,44.65,44.73,44.56,42.59,46.03,45.48,532.9,26.8,2.05,2,6,1542,2,2.12,29.5,74.3,23.3
060C26G681674554B1,AGM60_B1,4,2026-07-03,178.104,185.065,178.041,185.238,175.576,179.856,45.48,44.45,45.76,44.54,45.39,44.98,553.6,35.6,2.05,4,13,1823,4,2.1,29.7,69.7,23.8
060C26G908647095B1,AGM60_B1,4,2026-07-10,175.679,173.48,173.471,173.872,174.814,174.913,46.31,43.13,44.53,44.44,45.99,45.04,535.5,31.3,2.07,8,1,1093,2,2.09,28.3,70.3,22.8
060C26G648484481B1,AGM60_B1,2,2026-07-04,179.069,181.591,178.227,178.001,177.615,185.253,46.7,45.95,44.46,43.33,43.73,44.55,539.2,48.4,2.02,7,2,1638,4,2.13,28.4,67.1,26.0
060C26G998264307B1,AGM60_B1,4,2026-07-09,183.022,185.892,183.016,181.72,184.055,192.104,44.45,45.53,43.77,45.71,47.8,43.67,542.6,48.2,2.04,2,13,2311,4,2.12,24.4,68.0,26.0
060C26G505782152B1,AGM60_B1,1,2026-07-25,179.555,184.364,178.589,179.045,184.223,181.119,44.83,45.88,43.47,44.09,43.55,45.73,550.2,40.8,2.04,4,6,2155,3,2.03,29.4,69.4,18.7
060C26G827164674B1,AGM60_B1,4,2026-07-01,184.837,187.524,184.35,183.261,186.162,180.981,47.13,45.36,44.95,45.41,44.66,43.87,527.6,29.4,1.97,3,18,1875,2,2.08,31.4,70.5,28.4
060C26G123817479B1,AGM60_B1,5,2026-07-15,181.97,191.036,189.599,185.933,183.146,190.71,43.91,42.99,45.62,46.52,44.05,44.13,561.0,42.3,2.02,3,14,2188,2,2.13,20.9,71.0,23.4
060C26H689037573B1,AGM60_B1,4,2026-08-06,186.064,188.199,186.228,186.269,186.516,186.89,45.01,43.72,44.21,45.42,46.02,44.87,556.6,43.0,2.04,4,12,1952,5,2.09,25.3,67.3,23.8
060C26H400473756B1,AGM60_B1,2,2026-08-18,175.739,180.684,177.708,175.712,177.394,179.81,45.33,44.63,45.43,45.33,45.54,44.44,507.4,32.3,2.04,5,9,2030,3,2.14,23.3,64.1,25.0
060C26H535683209B1,AGM60_B1,3,2026-08-26,183.551,178.609,184.11,176.272,179.233,178.626,45.52,45.59,44.65,45.23,45.81,45.86,530.6,40.9,2.0,2,6,1928,3,2.09,24.2,65.1,25.4
060C26H559328689B1,AGM60_B1,4,2026-08-04,181.781,176.221,181.321,180.911,181.694,175.969,46.34,44.88,46.36,45.39,45.69,44.67,531.6,58.6,2.04,5,6,1467,2,2.08,27.3,60.0,28.1
060C26H279693717B1,AGM60_B1,3,2026-08-15,182.644,178.11,179.3,178.431,181.33,178.95,44.94,44.67,45.63,46.46,44.2,45.05,527.9,45.4,2.09,5,12,2233,2,2.11,27.6,60.9,25.9
060C26H996465340B1,AGM60_B1,2,2026-08-18,178.163,177.416,178.258,178.207,178.408,177.205,45.57,45.4,46.38,43.43,44.35,45.21,536.8,22.7,2.09,7,6,1850,1,2.11,24.7,70.1,24.5
060C26H538729002B1,AGM60_B1,3,2026-08-07,180.069,177.042,180.81,183.108,176.885,171.877,43.58,44.38,42.04,45.47,45.4,43.67,536.6,50.0,2.06,3,4,2199,2,2.08,24.3,63.8,25.6
060C26H652917082B1,AGM60_B1,3,2026-08-04,182.697,177.275,177.236,175.965,179.528,174.931,44.73,42.74,44.19,43.57,46.29,44.68,558.4,31.0,2.05,6,13,1539,2,2.07,25.0,71.7,26.1
060C26H464536506B1,AGM60_B1,3,2026-08-11,186.261,183.253,181.709,180.028,182.037,185.187,43.71,45.11,44.72,46.55,44.66,45.68,533.6,42.1,2.12,8,5,1373,3,2.08,26.0,72.6,23.3
060C26H863893605B1,AGM60_B1,4,2026-08-15,183.087,175.844,179.063,172.476,187.691,186.898,45.78,44.18,44.29,44.7,44.32,46.58,526.6,42.3,2.04,4,13,1933,4,2.1,21.9,63.2,27.3
060C26H171750380B1,AGM60_B1,3,2026-08-01,182.777,179.592,171.852,184.962,180.213,172.901,43.55,44.95,44.69,46.12,46.68,47.37,551.1,54.9,2.05,5,17,1765,2,2.07,34.3,70.1,28.5
060C26H321274468B1,AGM60_B1,5,2026-08-23,174.95,176.423,176.524,174.874,176.046,176.524,45.12,46.42,44.03,44.6,45.03,46.46,536.0,32.6,2.07,4,9,1631,4,2.12,29.2,67.4,23.4
060C26H545107145B1,AGM60_B1,3,2026-08-12,177.348,184.32,185.65,185.345,187.102,179.881,46.59,43.34,44.58,44.69,44.18,46.11,521.3,41.1,2.07,7,11,1518,3,2.11,23.3,65.7,23.2
060C26I546665426B1,AGM60_B1,2,2026-09-03,175.197,174.781,184.626,178.439,175.359,180.344,45.53,45.3,43.28,46.3,44.59,44.53,557.7,41.8,2.08,8,8,1580,4,2.08,22.9,68.7,25.3
060C26I787848540B1,AGM60_B1,2,2026-09-19,179.396,177.482,179.281,184.101,178.252,180.438,42.64,45.93,45.52,45.03,45.43,44.84,533.9,44.6,2.04,3,20,2186,2,2.15,25.9,65.9,24.9
060C26I711266605B1,AGM60_B1,2,2026-09-27,186.147,178.297,182.014,179.299,182.692,185.224,44.68,44.54,45.17,44.58,45.14,45.33,529.8,38.0,2.09,9,10,2498,2,2.09,28.3,64.8,28.0
060C26I357122056B1,AGM60_B1,3,2026-09-05,180.036,179.347,180.941,184.9,175.465,177.857,45.16,45.45,44.81,45.92,45.21,46.18,549.9,51.5,2.03,3,15,1959,3,2.11,22.7,67.4,25.8
060C26I734326813B1,AGM60_B1,3,2026-09-14,182.984,188.177,186.484,190.678,181.874,182.137,46.22,43.79,44.28,45.54,45.85,44.46,520.5,30.3,2.07,4,8,2070,4,2.1,23.7,74.2,19.4
060C26I890503371B1,AGM60_B1,2,2026-09-08,182.771,182.637,183.385,181.761,180.858,178.325,43.71,43.85,43.98,45.1,45.57,45.83,538.2,43.8,2.09,2,3,1664,2,2.12,26.1,67.1,21.2
060C26I341613539B1,AGM60_B1,2,2026-09-11,184.173,181.458,182.524,185.665,180.018,177.201,44.36,45.43,44.1,44.22,45.32,44.34,579.0,48.2,2.08,6,16,1592,4,2.08,29.0,66.2,23.7
060C26I174886357B1,AGM60_B1,3,2026-09-07,191.251,179.825,181.893,180.011,187.222,190.881,46.37,45.43,44.56,45.15,44.29,45.39,539.3,46.1,2.08,5,16,2355,4,2.07,24.4,62.1,22.8
060C26I448125639B1,AGM60_B1,4,2026-09-22,173.88,176.789,174.872,180.952,178.102,178.293,43.66,44.8,44.52,44.14,43.42,44.17,550.0,50.3,2.0,4,11,2163,4,2.1,26.1,61.4,18.3
060C26I536990522B1,AGM60_B1,4,2026-09-07,177.311,179.937,175.938,179.161,177.011,179.904,46.4,44.77,44.88,45.78,44.74,43.49,540.7,35.4,2.01,8,7,1673,1,2.12,23.7,69.8,26.8
060C26I460422141B1,AGM60_B1,3,2026-09-03,174.749,173.073,173.839,174.934,174.973,175.77,44.88,45.54,45.83,44.46,44.31,46.36,539.5,40.2,2.09,5,5,1911,2,2.13,25.6,64.9,22.2
060C26I017189304B1,AGM60_B1,4,2026-09-03,181.776,179.389,180.611,182.206,179.399,170.933,46.43,43.5,45.57,43.53,44.49,44.38,543.5,44.1,2.01,4,8,1928,2,2.15,25.6,63.8,28.5
060C26I477044831B1,AGM60_B1,3,2026-09-03,164.782,187.695,176.215,178.829,177.54,178.151,44.09,44.73,46.09,44.82,45.24,45.23,565.0,50.4,2.02,5,12,1158,2,2.12,24.8,70.7,21.6
060C26J286338070B1,AGM60_B1,4,2026-10-02,186.873,182.889,187.466,184.035,185.083,186.283,45.4,45.1,45.27,43.91,44.86,45.21,546.0,49.6,2.06,6,6,1473,3,2.07,23.1,64.2,26.5
060C26J925855074B1,AGM60_B1,4,2026-10-26,171.215,182.59,181.307,181.294,172.25,180.804,43.79,45.26,45.42,46.44,48.01,46.37,528.8,43.2,2.11,5,6,2195,3,2.1,28.4,66.7,30.0
060C26J667192609B1,AGM60_B1,2,2026-10-20,181.101,177.844,181.145,177.98,176.902,184.292,45.87,45.66,44.91,45.16,45.52,45.41,555.7,47.5,2.06,5,11,1548,4,2.12,27.1,71.3,22.5
060C26J876299371B1,AGM60_B1,1,2026-10-12,179.149,182.27,174.456,178.637,178.53,178.495,44.33,43.21,45.25,45.01,44.64,44.95,542.1,40.2,2.08,3,12,2146,4,2.1,24.8,68.8,19.7
060C26J829085634B1,AGM60_B1,5,2026-10-11,173.718,180.584,179.488,176.717,178.345,171.255,45.03,44.37,44.02,44.66,45.13,46.07,540.6,58.0,2.02,6,10,1720,4,2.06,21.4,60.4,23.6
060C26J770335661B1,AGM60_B1,3,2026-10-08,189.598,181.768,189.321,181.348,186.142,183.555,45.27,45.36,46.57,45.02,43.73,44.26,536.3,38.3,2.07,3,13,2116,2,2.07,24.9,70.3,22.0
060C26J777491601B1,AGM60_B1,4,2026-10-18,185.666,185.552,186.19,186.297,185.158,184.523,45.31,44.33,47.62,45.22,43.64,45.46,552.2,50.9,2.08,5,9,1670,3,2.11,23.7,63.7,26.3
060C26J265924479B1,AGM60_B1,4,2026-10-01,182.802,180.624,172.91,175.345,179.739,174.27,45.28,44.05,44.71,43.99,43.63,44.07,559.9,62.6,1.98,8,9,2131,2,2.1,22.9,63.3,26.9
060C26J175448259B1,AGM60_B1,3,2026-10-02,182.226,181.253,188.037,184.308,186.157,189.146,44.82,44.55,45.8,46.58,44.7,42.52,542.3,49.3,2.04,5,7,2028,3,2.11,23.1,60.4,19.5
060C26J223274348B1,AGM60_B1,3,2026-10-21,181.471,180.654,180.828,181.168,181.254,181.972,44.84,44.71,44.45,43.07,42.25,44.61,561.0,25.6,2.06,3,17,1783,2,2.15,26.3,69.6,27.1
060C26J518185137B1,AGM60_B1,1,2026-10-10,188.427,194.051,188.527,185.885,196.027,184.831,43.29,45.92,43.6,44.34,44.87,45.89,546.9,40.9,2.03,3,5,1869,2,2.11,24.5,72.4,29.7
060C26J864644731B1,AGM60_B1,3,2026-10-02,177.749,177.091,174.14,183.427,182.015,177.933,46.82,45.49,44.5,46.05,44.4,45.06,548.7,33.4,2.1,7,4,1495,4,2.1,24.3,73.9,23.8
060C26J169006895B1,AGM60_B1,4,2026-10-14,179.088,186.252,181.583,183.045,183.168,180.731,44.11,46.75,45.7,46.19,45.38,43.76,541.1,38.7,2.05,3,7,1307,3,2.12,29.7,68.5,28.5
060C26K982908555B1,AGM60_B1,2,2026-11-24,183.694,185.413,183.234,195.146,188.703,193.273,44.34,46.41,45.7,44.58,44.89,43.55,527.7,58.7,2.02,9,2,1642,3,2.03,24.7,63.3,27.0
060C26K272679719B1,AGM60_B1,3,2026-11-22,176.41,180.013,178.244,179.591,180.974,180.85,44.01,44.76,44.21,45.33,44.43,44.38,535.9,37.7,2.03,2,10,2183,1,2.14,24.2,67.1,27.1
060C26K726770804B1,AGM60_B1,3,2026-11-25,181.493,181.541,175.011,180.389,178.096,182.015,45.68,43.79,42.89,43.9,45.22,45.84,540.1,49.3,1.99,2,8,1982,3,2.11,25.2,66.4,27.3
060C26K987134029B1,AGM60_B1,2,2026-11-24,165.792,174.504,175.475,177.356,174.113,176.213,44.94,44.26,46.24,45.69,45.96,44.37,538.8,48.9,2.11,8,7,1838,2,2.09,21.3,65.4,22.2
060C26K627116051B1,AGM60_B1,3,2026-11-02,170.816,173.634,173.024,173.689,172.804,171.039,44.44,45.1,43.14,45.26,44.49,46.07,524.9,51.3,2.04,6,8,1900,5,2.12,23.4,65.5,20.9
060C26K864631909B1,AGM60_B1,3,2026-11-20,178.481,181.987,185.878,183.938,185.223,172.321,44.08,45.46,42.54,43.56,46.96,43.78,560.4,43.9,2.06,7,8,1919,4,2.09,26.1,73.6,23.8
060C26K872482203B1,AGM60_B1,2,2026-11-24,171.843,175.031,179.203,176.105,177.774,177.686,45.79,46.78,45.43,45.47,46.29,46.15,535.9,38.4,2.05,6,18,1407,2,2.05,22.0,69.8,25.4
060C26K228850008B1,AGM60_B1,5,2026-11-22,174.034,180.831,171.091,166.993,178.336,169.347,46.16,44.04,45.83,44.73,46.04,46.43,561.3,51.9,2.07,2,8,2159,2,2.11,22.3,67.9,24.4
060C26K059899040B1,AGM60_B1,3,2026-11-18,180.085,184.04,178.222,180.689,177.721,179.174,45.8,44.1,47.52,45.74,45.18,45.0,552.7,45.5,2.09,2,16,2334,2,2.18,17.4,68.2,26.7
060C26K937572894B1,AGM60_B1,2,2026-11-08,181.952,180.047,180.536,181.028,180.913,181.115,44.68,45.05,44.94,43.96,45.05,44.53,523.0,38.9,2.08,5,15,2289,3,2.09,29.0,61.0,19.3
060C26K524172178B1,AGM60_B1,3,2026-11-16,181.247,181.11,184.379,189.217,178.326,182.731,44.79,44.87,44.63,45.29,45.1,46.12,556.7,51.1,2.0,5,12,2069,5,2.11,26.6,67.1,22.7
060C26K086892448B1,AGM60_B1,3,2026-11-05,180.741,179.02,188.518,179.903,183.385,182.883,44.78,46.46,46.05,46.17,44.78,44.76,533.5,29.7,2.05,4,10,1661,4,2.09,28.7,70.2,27.4
060C26K757527315B1,AGM60_B1,3,2026-11-20,187.606,183.169,182.374,186.47,189.237,176.566,43.19,45.25,44.7,44.32,45.16,45.94,553.6,38.7,2.02,8,18,2529,3,2.11,30.6,70.7,21.5
060C26L229711181B1,AGM60_B1,2,2026-12-21,175.851,179.732,174.482,183.829,179.963,174.867,46.55,45.69,44.69,44.06,44.65,46.24,528.6,45.2,2.07,4,12,1473,3,2.08,30.8,69.3,27.5
060C26L194146704B1,AGM60_B1,3,2026-12-22,186.307,190.771,186.355,188.044,188.944,183.879,44.38,43.8,42.46,45.49,44.98,44.88,534.9,56.5,2.13,7,6,2345,3,2.1,31.3,63.5,23.9
060C26L379106253B1,AGM60_B1,1,2026-12-18,175.912,178.021,169.953,170.216,168.547,179.904,44.95,45.58,44.75,46.62,44.47,46.04,544.0,46.2,2.05,9,8,1531,3,2.11,22.7,68.5,25.3
060C26L078568891B1,AGM60_B1,5,2026-12-04,177.524,175.07,181.471,177.135,174.863,173.384,46.13,47.24,44.44,43.97,44.29,44.73,543.5,36.6,2.05,5,11,1935,2,2.1,23.1,67.9,22.2
060C26L992661540B1,AGM60_B1,4,2026-12-25,172.434,174.645,174.043,174.546,175.166,181.25,46.29,45.61,46.54,43.34,44.49,44.69,541.9,36.5,2.05,4,18,1850,2,2.09,23.9,71.8,28.7
060C26L887827951B1,AGM60_B1,3,2026-12-15,177.748,176.353,175.58,174.319,179.366,185.669,46.45,45.49,43.76,44.94,45.92,43.94,540.7,52.2,2.07,3,4,2136,3,2.12,28.5,60.0,22.9
060C26L905302031B1,AGM60_B1,1,2026-12-04,174.571,173.959,191.413,177.057,178.625,182.87,43.69,46.98,44.89,45.37,47.64,45.43,554.3,47.2,2.06,7,11,1608,1,2.09,30.3,67.4,24.2
060C26L745657986B1,AGM60_B1,3,2026-12-25,184.302,184.995,184.208,188.146,182.044,185.378,44.66,46.49,45.73,45.69,45.96,45.07,524.8,53.4,2.08,3,4,1949,4,2.14,24.6,61.4,22.2
060C26L836587378B1,AGM60_B1,2,2026-12-19,177.25,179.982,185.71,186.279,169.517,183.183,44.07,45.34,46.59,45.24,46.15,45.65,527.8,53.5,2.05,7,6,1841,3,2.03,28.6,75.0,25.0
060C26L738257623B1,AGM60_B1,4,2026-12-07,183.434,181.945,183.374,183.047,181.384,181.541,43.58,44.99,45.52,42.85,45.15,45.35,546.0,41.4,2.02,3,11,1909,3,2.12,24.1,66.0,17.5
060C26L486053493B1,AGM60_B1,4,2026-12-13,181.729,186.768,183.241,183.739,178.301,182.158,46.18,44.02,44.51,44.31,43.06,45.87,548.7,42.3,2.1,6,11,2086,4,2.09,21.4,65.5,27.7
060C26L401922364B1,AGM60_B1,2,2026-12-18,177.856,174.589,182.085,175.029,170.425,178.233,44.93,44.9,45.23,45.41,44.44,44.01,530.9,52.1,2.03,4,11,1487,2,2.13,24.6,62.0,29.3
060C26L620362136B1,AGM60_B1,3,2026-12-11,192.555,184.034,185.288,186.549,183.211,190.207,46.43,45.29,46.53,46.12,44.97,43.75,511.2,35.5,2.04,2,8,2156,4,2.11,24.2,72.1,29.4
060C26A665749511C1,AGM60_C1,2,2026-01-14,179.04,179.359,176.495,179.469,178.208,178.582,44.62,46.34,44.44,46.11,44.05,45.06,551.7,39.3,2.04,4,14,1567,3,2.13,26.5,69.7,24.4
060C26A067761442C1,AGM60_C1,5,2026-01-02,180.633,178.934,180.015,180.873,179.895,180.897,47.03,45.89,45.6,44.3,43.49,45.38,534.5,21.4,2.08,4,10,1843,2,2.07,23.2,70.6,25.7
060C26A571840645C1,AGM60_C1,4,2026-01-20,182.931,180.212,175.474,170.794,179.472,169.512,46.08,45.19,44.25,46.69,44.99,45.86,550.6,43.3,2.05,2,13,1841,4,2.07,22.6,64.9,27.6
060C26A016289638C1,AGM60_C1,4,2026-01-01,177.55,179.071,178.094,180.25,177.189,175.754,43.11,43.82,46.68,45.06,44.61,44.83,523.7,40.6,2.08,2,5,1652,3,2.1,23.1,66.7,28.7
060C26A250787366C1,AGM60_C1,2,2026-01-12,173.774,177.988,177.437,176.901,175.803,178.87,45.23,44.74,44.71,45.24,45.14,44.96,540.8,28.7,2.04,7,9,1689,3,2.11,23.4,70.1,21.3
060C26A496523801C1,AGM60_C1,3,2026-01-06,175.299,172.18,174.647,173.826,175.319,175.475,45.28,45.06,44.86,43.63,44.38,43.41,552.0,30.9,2.02,4,16,1969,3,2.08,25.0,72.5,21.2
060C26A139639095C1,AGM60_C1,4,2026-01-06,176.63,176.262,175.802,177.452,176.354,176.627,44.41,45.74,44.95,45.52,45.91,46.48,546.2,33.3,2.06,6,8,2137,4,2.12,27.1,68.9,23.4
060C26A298581653C1,AGM60_C1,5,2026-01-02,184.84,186.051,183.065,184.465,177.213,185.239,46.43,44.82,45.02,45.56,45.65,45.11,533.7,40.2,2.08,4,7,1636,2,2.12,24.4,62.1,19.4
060C26A688354613C1,AGM60_C1,1,2026-01-13,180.447,178.026,186.835,185.439,184.084,182.078,44.7,44.62,45.51,43.55,46.02,44.82,532.3,32.3,2.03,5,14,2135,4,2.11,33.1,67.6,22.6
060C26A418452704C1,AGM60_C1,3,2026-01-10,182.289,168.528,178.885,181.607,171.846,176.038,44.54,45.4,44.48,43.81,45.46,45.79,545.6,50.8,2.06,5,13,1174,2,2.1,23.3,64.1,24.1
060C26A472210553C1,AGM60_C1,3,2026-01-08,178.887,179.388,171.163,169.725,178.375,171.655,45.38,44.71,44.6,43.28,43.64,45.33,523.6,41.7,2.05,7,4,1195,3,2.09,28.4,65.3,20.4
060C26A971377039C1,AGM60_C1,3,2026-01-24,183.388,181.545,183.897,186.414,178.152,179.501,42.9,47.19,44.59,44.17,44.86,45.09,525.5,37.3,2.01,5,15,1255,3,2.1,26.6,63.1,27.5
060C26A713430293C1,AGM60_C1,3,2026-01-06,179.639,177.456,186.404,180.685,181.147,182.253,45.36,45.09,45.25,44.64,45.13,43.73,540.3,44.2,1.99,4,7,2126,2,2.12,24.4,69.7,26.2
060C26B051076255C1,AGM60_C1,2,2026-02-01,179.746,179.059,178.495,179.32,181.275,183.442,46.22,45.75,46.23,46.16,48.24,45.5,540.7,37.8,1.98,2,12,2022,1,2.1,24.7,72.3,19.4
060C26B557269636C1,AGM60_C1,2,2026-02-13,184.902,184.901,179.025,189.06,181.737,182.917,46.09,45.74,45.3,45.64,45.64,45.42,541.3,54.7,1.96,5,7,1761,2,2.08,23.5,75.0,23.2
060C26B965408601C1,AGM60_C1,1,2026-02-03,175.29,178.296,174.224,179.416,177.049,171.099,45.33,43.73,45.5,45.58,45.43,44.09,538.2,47.4,2.04,1,9,1654,3,2.11,28.0,68.1,25.2
060C26B428336386C1,AGM60_C1,3,2026-02-26,183.818,174.853,180.031,175.614,173.206,183.689,44.97,47.31,46.28,44.23,44.55,46.05,553.0,57.0,2.05,5,12,1688,3,2.09,26.9,63.8,24.9
060C26B424745743C1,AGM60_C1,2,2026-02-10,188.409,185.992,179.914,188.038,184.947,189.336,46.14,44.0,45.03,45.65,46.78,43.02,527.7,35.5,2.08,6,12,2147,3,2.08,19.8,73.6,22.5
060C26B553814994C1,AGM60_C1,3,2026-02-23,180.325,179.225,178.594,180.58,178.999,182.503,43.58,46.49,44.93,43.28,44.7,44.42,528.5,32.5,2.04,3,7,1912,4,2.09,26.1,66.7,28.1
060C26B140566827C1,AGM60_C1,2,2026-02-09,184.907,183.91,183.084,182.405,175.983,186.067,43.33,44.2,43.55,44.6,44.92,44.2,518.5,46.0,2.04,7,6,2237,3,2.07,25.7,63.6,23.6
060C26B389307530C1,AGM60_C1,2,2026-02-20,180.763,179.047,177.427,178.528,175.157,178.379,46.11,46.41,43.8,44.7,44.99,45.63,531.2,41.2,2.02,8,12,1983,4,2.12,22.4,63.5,28.5
060C26B425144078C1,AGM60_C1,2,2026-02-07,176.667,180.004,175.494,179.549,177.482,180.301,44.95,45.37,44.63,45.41,45.36,45.62,531.8,31.3,2.05,6,4,2099,3,2.09,26.5,67.6,24.5
060C26B402595853C1,AGM60_C1,2,2026-02-08,173.605,175.931,174.463,171.449,175.847,174.187,43.06,45.1,45.83,45.11,46.99,43.6,541.3,51.7,2.05,4,6,2204,4,2.08,23.7,67.8,22.4
060C26B113888411C1,AGM60_C1,4,2026-02-23,183.392,181.557,183.277,179.869,181.05,179.149,44.98,46.08,46.2,44.53,44.25,46.19,535.9,41.1,2.08,3,5,1649,2,2.13,24.8,62.7,21.3
060C26B562162619C1,AGM60_C1,3,2026-02-18,192.525,183.067,185.931,184.579,183.622,193.162,45.99,46.09,45.14,45.48,45.18,45.79,521.1,56.0,2.05,1,11,1977,2,2.13,24.9,64.1,27.4
060C26B858500880C1,AGM60_C1,2,2026-02-15,183.807,177.722,179.397,186.175,184.244,178.937,44.56,43.53,44.21,45.21,43.74,43.55,540.0,49.3,2.09,5,9,2038,5,2.1,22.2,63.8,20.9
060C26C919133955C1,AGM60_C1,1,2026-03-03,178.492,183.237,183.931,183.63,173.442,181.513,43.76,43.01,44.47,45.63,44.74,45.69,534.8,48.8,2.04,5,12,1980,4,2.11,25.9,64.8,27.9
060C26C079936409C1,AGM60_C1,3,2026-03-10,187.626,180.936,186.418,185.283,182.598,186.356,44.96,45.65,44.26,46.38,45.14,44.41,541.5,38.7,2.06,1,12,1314,3,2.12,24.7,66.5,26.6
060C26C430123635C1,AGM60_C1,3,2026-03-03,173.358,180.436,181.85,179.178,177.328,179.313,45.21,43.22,44.69,43.94,45.12,45.92,557.2,30.9,2.02,6,9,1706,4,2.07,24.7,70.4,22.5
060C26C997385188C1,AGM60_C1,5,2026-03-02,177.13,169.244,181.299,176.121,175.959,170.041,45.51,44.31,44.91,45.68,45.61,47.01,537.4,55.5,2.07,6,9,1562,4,2.1,28.5,61.7,24.4
060C26C176049635C1,AGM60_C1,3,2026-03-20,177.102,175.16,178.727,176.809,179.898,176.67,46.22,43.82,44.8,43.66,45.74,46.44,541.1,37.9,2.04,5,13,2172,4,2.07,28.9,66.2,23.7
060C26C730665325C1,AGM60_C1,3,2026-03-10,182.505,179.679,178.217,175.314,177.652,175.939,44.25,43.84,44.91,45.77,43.96,44.47,520.8,45.8,2.08,3,12,1759,3,2.1,21.6,66.4,27.8
060C26C108869537C1,AGM60_C1,4,2026-03-11,168.094,174.848,171.467,174.429,174.008,179.332,44.52,43.74,45.5,46.21,45.26,46.47,547.3,40.7,2.05,7,3,2072,3,2.04,24.2,66.1,29.8
060C26C672348768C1,AGM60_C1,3,2026-03-05,176.941,182.292,174.557,177.498,178.504,173.003,44.34,46.8,46.27,46.95,45.98,47.42,537.5,43.9,2.01,3,13,1898,5,2.14,23.8,60.4,22.8
060C26C385896612C1,AGM60_C1,2,2026-03-27,185.178,177.907,178.659,178.266,180.733,184.313,45.57,45.3,42.91,46.76,43.54,44.03,518.9,40.8,2.06,6,14,2112,3,2.09,23.6,71.5,22.6
060C26C966397630C1,AGM60_C1,3,2026-03-20,174.121,179.039,185.178,179.394,179.971,176.299,46.29,46.08,46.55,45.25,43.57,46.5,540.9,37.8,2.08,9,13,1706,3,2.11,28.1,68.8,24.7
060C26C706944275C1,AGM60_C1,2,2026-03-20,184.576,183.874,182.4,181.362,181.638,183.479,45.16,45.99,44.42,45.71,46.22,47.38,537.5,44.9,2.03,6,12,2048,3,2.13,24.3,66.1,22.8
060C26C582121550C1,AGM60_C1,2,2026-03-17,176.123,179.711,171.586,176.99,178.688,190.738,44.66,45.17,46.58,44.59,43.98,45.14,535.9,33.2,1.99,6,9,1479,3,2.12,29.1,68.9,30.5
060C26C232448219C1,AGM60_C1,2,2026-03-14,181.111,186.658,179.21,187.543,180.332,185.879,45.86,45.08,45.4,44.96,45.31,45.26,555.9,47.1,2.03,2,15,1709,3,2.12,26.2,68.7,25.2
060C26D542074658C1,AGM60_C1,1,2026-04-05,178.59,176.602,179.317,178.115,179.842,179.885,45.24,44.64,46.02,43.54,45.98,45.68,531.2,32.2,2.07,1,12,2047,3,2.14,22.1,70.2,21.9
060C26D042815621C1,AGM60_C1,2,2026-04-12,181.205,179.558,176.634,174.92,179.328,184.623,43.39,43.28,43.55,45.25,45.09,45.74,543.5,48.4,2.07,5,8,1662,4,2.12,21.2,62.0,24.7
060C26D638665183C1,AGM60_C1,3,2026-04-05,181.407,178.109,174.586,180.635,177.763,175.034,46.56,46.81,44.7,47.53,44.31,45.87,551.5,50.3,2.1,3,7,1537,2,2.12,29.5,69.0,23.1
060C26D420072921C1,AGM60_C1,4,2026-04-27,181.279,172.712,171.725,171.049,175.57,177.549,43.65,43.38,43.87,46.1,45.44,43.77,545.4,38.2,2.01,3,13,1551,3,2.12,27.8,68.5,29.6
060C26D060647288C1,AGM60_C1,3,2026-04-25,179.445,178.491,180.763,178.322,180.877,182.875,45.95,46.36,46.5,46.72,45.15,45.46,527.5,38.1,2.03,7,9,1944,2,2.1,20.5,67.2,24.7
060C26D138283263C1,AGM60_C1,3,2026-04-14,176.174,176.362,179.596,174.322,178.237,189.156,45.06,47.19,45.1,45.31,45.79,46.04,557.6,43.9,2.04,6,9,2357,5,2.08,20.3,63.3,21.1
060C26D489244737C1,AGM60_C1,2,2026-04-17,168.263,168.609,175.874,172.545,178.543,170.526,46.0,44.58,43.74,44.07,44.28,44.27,556.0,42.2,2.07,9,5,2164,3,2.08,28.1,65.8,19.9
060C26D371079070C1,AGM60_C1,4,2026-04-04,176.707,180.981,176.014,171.616,181.886,178.958,45.08,43.92,47.42,44.24,45.11,46.43,552.4,49.5,2.07,3,12,1247,3,2.1,23.7,65.2,17.6
060C26D241791958C1,AGM60_C1,1,2026-04-01,187.59,185.936,183.869,185.015,186.147,186.047,43.04,44.47,45.45,44.96,45.41,44.77,527.8,48.9,2.06,6,10,1900,3,2.06,24.2,67.1,23.9
060C26D130022155C1,AGM60_C1,3,2026-04-01,185.697,182.91,181.7,181.031,179.865,176.581,45.11,45.79,44.96,43.38,44.28,44.81,555.3,41.7,2.04,3,16,1499,3,2.08,24.9,68.8,23.9
060C26D680800454C1,AGM60_C1,3,2026-04-07,180.911,178.699,175.615,182.054,182.85,179.519,44.98,43.02,42.67,46.12,43.25,45.31,533.2,48.1,2.05,4,10,2004,1,2.06,25.3,64.6,23.9
060C26D710449229C1,AGM60_C1,3,2026-04-10,179.798,186.044,187.016,182.639,182.3,177.923,45.06,44.01,46.54,44.31,45.28,44.6,539.7,35.5,1.98,1,9,1523,4,2.08,24.0,67.2,17.4
060C26D524234308C1,AGM60_C1,4,2026-04-03,182.168,187.611,181.377,185.865,185.048,181.397,45.18,46.08,44.86,45.67,45.07,44.6,531.7,50.1,2.05,3,10,1311,3,2.09,22.3,65.5,21.5
060C26E969105909C1,AGM60_C1,4,2026-05-19,187.012,181.032,175.889,185.58,174.482,179.991,45.9,43.08,45.29,45.82,44.89,43.15,535.6,47.3,2.02,6,17,1938,2,2.13,22.5,67.2,25.1
060C26E173239971C1,AGM60_C1,4,2026-05-02,179.989,180.88,187.726,188.076,187.327,189.485,43.48,43.77,44.45,44.33,45.37,46.14,520.7,39.4,2.05,6,12,1877,4,2.06,23.2,71.6,25.9
060C26E656183887C1,AGM60_C1,3,2026-05-11,188.063,194.528,185.893,188.499,186.596,187.58,43.57,46.64,46.38,46.89,45.03,46.44,530.6,50.9,2.03,2,8,1746,4,2.12,31.7,60.0,27.8
060C26E574758506C1,AGM60_C1,4,2026-05-24,182.213,181.368,182.929,184.783,179.434,180.095,46.74,44.14,45.97,46.13,44.54,45.55,546.8,40.6,2.03,7,10,1768,4,2.08,24.2,67.6,22.7
060C26E228698608C1,AGM60_C1,2,2026-05-11,182.775,179.753,182.012,181.401,180.719,180.626,45.16,43.25,45.22,45.15,44.12,46.84,545.6,51.5,2.01,9,7,1451,5,2.11,25.0,65.2,24.2
060C26E272644846C1,AGM60_C1,2,2026-05-09,169.785,181.001,179.73,174.733,170.305,170.657,45.13,46.02,46.35,45.15,45.37,44.67,544.2,36.0,2.03,6,8,1424,4,2.12,28.8,69.5,29.1
060C26E376310703C1,AGM60_C1,4,2026-05-25,186.577,180.362,188.603,183.207,176.302,188.504,46.08,45.02,45.51,46.59,45.6,44.59,547.5,40.9,2.03,4,4,1866,4,2.06,27.8,70.5,23.6
060C26E773098500C1,AGM60_C1,3,2026-05-10,185.205,186.079,182.436,183.671,186.093,185.666,46.22,45.84,45.06,43.97,44.74,46.83,533.5,42.5,2.03,5,19,1946,4,2.07,23.2,69.5,31.1
060C26E318668938C1,AGM60_C1,3,2026-05-24,175.776,172.074,178.013,193.258,177.557,172.391,44.73,43.99,43.0,48.02,44.03,44.75,538.4,50.3,2.08,7,16,1818,3,2.09,22.5,67.2,22.1
060C26E108424289C1,AGM60_C1,2,2026-05-02,175.445,174.583,177.436,175.235,174.694,177.778,44.35,45.65,46.1,45.79,45.89,45.02,545.7,43.6,2.02,4,7,2022,2,2.08,30.4,60.0,23.4
060C26E198600809C1,AGM60_C1,2,2026-05-14,179.671,187.463,188.31,185.125,184.747,192.683,44.37,43.71,44.05,46.48,46.03,46.51,540.6,37.5,2.05,3,10,2042,3,2.09,23.9,66.3,24.1
060C26E336823442C1,AGM60_C1,3,2026-05-01,183.155,178.999,179.666,176.67,180.321,182.74,46.57,43.3,43.5,44.66,46.0,45.19,536.0,46.1,2.09,9,9,2284,3,2.15,26.7,70.5,23.0
060C26E336039197C1,AGM60_C1,3,2026-05-03,179.933,177.149,180.498,175.1,176.883,180.055,45.89,45.1,45.17,44.75,43.92,44.04,527.6,22.5,2.07,4,19,1468,2,2.13,30.7,71.8,25.8
060C26F244744885C1,AGM60_C1,2,2026-06-09,192.537,180.444,185.205,182.786,183.9,181.635,46.05,44.36,47.57,44.72,44.8,45.28,535.1,32.7,2.06,3,7,1835,3,2.06,28.1,73.3,30.7
060C26F850822981C1,AGM60_C1,4,2026-06-27,185.816,187.117,188.055,186.664,196.456,183.408,46.51,46.12,45.97,46.28,44.06,44.25,527.4,63.3,2.03,4,6,1482,5,2.12,27.3,61.6,29.3
060C26F824990896C1,AGM60_C1,4,2026-06-19,185.827,184.38,185.828,182.988,177.873,186.244,46.24,46.07,44.71,45.78,43.33,44.2,547.8,35.1,2.03,4,8,2007,3,2.09,25.6,71.7,21.6
060C26F702508975C1,AGM60_C1,2,2026-06-13,182.105,178.648,180.848,183.43,181.925,183.351,43.68,45.17,45.07,46.09,45.79,46.21,527.1,44.0,2.03,1,11,1170,4,2.07,23.8,68.6,25.2
060C26F146126577C1,AGM60_C1,1,2026-06-26,180.274,179.511,183.051,178.979,179.408,180.229,44.98,44.27,43.91,44.03,45.99,44.8,545.0,46.8,2.03,6,13,1599,4,2.16,19.9,61.8,25.2
060C26F701086291C1,AGM60_C1,2,2026-06-25,179.385,178.079,178.122,180.255,178.821,175.578,45.82,45.72,44.82,45.95,44.61,44.62,529.0,39.1,2.04,5,8,2053,5,2.14,24.0,67.2,25.9
060C26F308713039C1,AGM60_C1,4,2026-06-19,174.42,176.116,173.914,175.14,174.489,179.639,45.81,44.65,45.72,45.36,43.46,46.02,540.2,48.7,1.99,4,10,1540,3,2.11,24.4,66.3,26.9
060C26F896028008C1,AGM60_C1,3,2026-06-04,180.618,184.761,181.799,178.253,184.141,183.703,46.18,45.62,44.04,45.97,45.39,45.04,526.4,33.6,2.08,8,7,1380,1,2.08,24.1,69.7,23.1
060C26F727318110C1,AGM60_C1,3,2026-06-16,180.191,182.205,183.95,182.363,183.514,180.953,47.5,45.3,46.34,44.61,46.23,43.78,527.2,32.2,2.04,3,20,1818,3,2.06,27.5,67.5,28.7
060C26F312874811C1,AGM60_C1,2,2026-06-18,181.265,182.317,179.729,182.275,185.949,183.6,45.87,47.54,45.48,46.62,45.3,44.35,565.0,50.8,2.06,4,3,1792,4,2.07,26.8,68.5,21.5
060C26F450871683C1,AGM60_C1,4,2026-06-06,167.74,168.146,175.53,181.638,171.779,179.838,44.49,44.23,44.26,46.08,44.28,45.69,531.1,59.6,2.03,3,8,1707,2,2.09,26.7,66.8,26.5
060C26F965839628C1,AGM60_C1,4,2026-06-24,181.59,178.766,181.996,180.43,181.796,177.421,43.65,43.21,44.55,45.89,45.61,44.17,528.6,42.6,2.06,3,14,2225,3,2.13,28.1,67.2,24.1
060C26F105092968C1,AGM60_C1,2,2026-06-27,180.9,180.096,185.85,184.831,185.772,184.723,44.16,44.78,44.32,44.77,45.63,45.44,537.5,38.0,2.06,4,7,2040,2,2.05,24.8,71.1,26.8
060C26G902427587C1,AGM60_C1,5,2026-07-08,173.233,170.236,180.458,173.746,180.799,175.241,45.44,45.54,45.8,44.85,46.32,45.46,531.8,50.8,2.01,3,11,2079,3,2.1,31.2,64.2,29.3
060C26G508938501C1,AGM60_C1,5,2026-07-25,178.618,179.006,174.803,178.689,174.272,178.527,44.09,44.15,46.1,44.63,46.39,44.24,526.3,43.2,2.08,8,13,1738,4,2.1,30.6,68.2,24.4
060C26G696869826C1,AGM60_C1,2,2026-07-08,177.252,177.289,180.343,176.604,178.287,180.987,46.31,45.15,46.82,42.92,44.7,45.49,549.7,49.0,2.08,3,15,1787,3,2.11,29.1,72.0,24.0
060C26G610391055C1,AGM60_C1,2,2026-07-05,187.098,183.748,182.505,189.95,190.845,186.327,45.7,45.35,46.67,44.98,45.78,44.49,535.7,46.8,2.08,7,14,1746,3,2.12,25.9,65.4,24.8
060C26G034567666C1,AGM60_C1,4,2026-07-20,180.134,187.156,182.936,184.463,190.347,188.471,43.98,46.9,45.41,44.56,44.57,45.24,532.2,46.3,2.04,8,7,1972,6,2.09,22.2,67.8,17.6
060C26G702305782C1,AGM60_C1,3,2026-07-23,179.873,187.834,179.406,186.268,179.57,184.475,45.31,46.38,45.14,44.84,47.38,46.06,545.1,40.7,2.08,5,11,1739,4,2.06,23.9,70.7,22.7
060C26G729623889C1,AGM60_C1,5,2026-07-20,181.754,181.804,181.34,181.55,182.098,182.037,45.8,45.45,45.7,45.77,44.97,45.27,530.2,27.5,2.04,2,7,1802,3,2.11,26.5,73.2,22.4
060C26G734934229C1,AGM60_C1,2,2026-07-05,181.121,178.623,179.21,177.659,180.872,181.643,42.91,43.65,43.64,43.29,44.4,44.83,536.9,27.5,2.06,1,10,1605,4,2.1,31.2,68.9,26.8
060C26G043589451C1,AGM60_C1,5,2026-07-23,172.08,174.945,175.143,179.722,177.396,175.558,44.86,46.06,44.59,44.65,46.14,44.54,526.4,41.1,2.01,4,7,2035,3,2.05,25.1,68.7,23.2
060C26G423468373C1,AGM60_C1,4,2026-07-18,189.115,190.103,195.878,187.397,191.804,190.247,43.05,46.11,43.53,44.88,44.97,45.66,553.7,49.8,1.98,3,1,2043,2,2.14,28.6,66.2,28.7
060C26G458271149C1,AGM60_C1,4,2026-07-23,177.751,188.054,181.139,187.297,184.377,183.013,44.49,44.24,46.56,45.0,47.28,44.15,537.4,45.8,2.06,5,12,1880,4,2.04,21.6,65.1,28.7
060C26G464515773C1,AGM60_C1,3,2026-07-24,179.363,177.856,178.555,182.085,177.961,174.836,46.36,46.1,43.71,44.45,43.38,45.46,549.6,40.3,2.01,4,10,1909,2,2.14,27.2,66.1,24.2
060C26G614713718C1,AGM60_C1,2,2026-07-09,181.404,179.917,180.087,175.919,185.647,179.883,44.98,43.66,44.87,45.34,45.3,45.54,540.7,50.2,2.06,5,8,1965,3,2.08,24.9,71.2,27.1
060C26H615238825C1,AGM60_C1,2,2026-08-20,181.086,183.488,183.959,183.516,180.43,183.15,44.66,45.36,42.65,44.19,46.29,44.7,536.2,33.1,2.04,5,7,1323,1,2.1,29.0,67.2,23.9
060C26H788916908C1,AGM60_C1,4,2026-08-02,190.214,187.464,184.193,184.555,187.121,182.499,45.49,44.65,45.43,44.06,45.53,43.52,538.0,42.5,2.06,8,13,1553,2,2.08,20.7,65.2,25.2
060C26H238462812C1,AGM60_C1,4,2026-08-08,185.702,185.856,182.674,183.108,180.973,183.254,45.51,45.66,45.56,45.65,43.92,45.64,528.6,35.7,2.06,8,13,1794,2,2.07,23.1,68.7,21.7
060C26H895711379C1,AGM60_C1,4,2026-08-04,187.656,174.895,186.908,186.167,179.012,188.877,46.92,43.98,44.81,45.15,46.0,45.13,547.7,46.0,2.03,4,3,1369,2,2.08,29.5,63.4,23.1
060C26H503049647C1,AGM60_C1,2,2026-08-08,178.657,177.22,182.515,175.41,184.638,179.823,45.51,45.65,44.73,45.73,44.57,42.63,526.5,39.8,2.07,6,12,1654,4,2.06,28.2,69.8,28.1
060C26H410677021C1,AGM60_C1,2,2026-08-08,185.784,185.772,185.322,185.507,185.265,180.6,45.55,44.74,44.36,45.33,45.2,46.37,533.6,48.3,2.05,6,10,2077,2,2.08,21.3,63.6,21.7
060C26H475347413C1,AGM60_C1,3,2026-08-20,180.653,189.482,183.354,181.283,187.706,183.764,47.05,44.36,43.16,44.9,45.85,45.91,538.9,44.5,2.08,7,13,2108,4,2.09,20.3,61.2,32.8
060C26H735723015C1,AGM60_C1,4,2026-08-07,181.871,172.059,176.081,177.493,175.361,178.665,45.96,44.31,45.47,44.47,44.44,44.98,545.6,45.1,2.06,9,8,1119,2,2.07,28.5,73.3,23.5
060C26H065905006C1,AGM60_C1,3,2026-08-14,180.084,181.188,189.053,181.93,175.534,187.48,46.0,44.47,42.82,43.13,43.87,44.29,565.4,52.1,2.02,5,13,1846,3,2.11,21.1,60.7,26.0
060C26H120424713C1,AGM60_C1,4,2026-08-27,176.743,176.794,181.108,171.486,174.621,175.337,44.21,43.82,44.98,45.57,44.92,44.88,541.4,47.2,2.08,5,9,1907,4,2.08,29.7,63.2,23.0
060C26H401941716C1,AGM60_C1,3,2026-08-23,180.515,179.048,176.841,185.836,181.127,181.48,46.92,46.2,45.93,46.63,43.63,44.78,542.4,53.1,2.07,5,12,1741,3,2.05,18.8,67.5,21.6
060C26H957616957C1,AGM60_C1,3,2026-08-08,183.815,182.805,189.786,186.281,184.919,184.693,43.32,45.49,44.44,44.05,45.56,44.56,545.4,47.0,2.05,5,8,1815,3,2.12,24.2,70.6,25.1
060C26H835798298C1,AGM60_C1,2,2026-08-27,169.308,179.302,177.508,178.321,184.391,175.476,45.12,45.26,43.65,45.06,44.86,45.64,551.7,43.3,2.01,5,12,1552,2,2.06,27.4,64.3,26.2
060C26I990171584C1,AGM60_C1,4,2026-09-14,181.866,188.413,187.176,185.533,180.589,181.153,45.04,45.05,45.04,44.34,44.39,44.32,522.7,49.7,2.04,2,12,1932,3,2.06,24.6,63.2,24.0
060C26I156634685C1,AGM60_C1,2,2026-09-09,178.744,175.779,180.711,178.007,177.014,179.403,44.68,43.34,45.48,45.32,43.33,45.78,541.3,42.5,2.08,4,6,1863,3,2.11,25.4,70.2,23.0
060C26I719629269C1,AGM60_C1,3,2026-09-04,185.954,186.758,184.664,188.141,189.865,186.895,43.68,44.24,45.09,44.85,44.16,44.75,546.1,41.5,2.04,4,6,1729,1,2.07,21.2,61.8,24.8
060C26I051844070C1,AGM60_C1,2,2026-09-17,181.912,177.819,179.041,175.243,183.376,176.816,47.05,45.57,44.14,45.25,45.19,45.55,543.0,46.1,2.06,7,7,1779,3,2.1,22.7,69.8,27.4
060C26I597003082C1,AGM60_C1,3,2026-09-24,178.691,174.355,176.222,174.779,172.989,178.792,46.59,45.15,45.05,44.87,44.96,46.02,551.5,49.4,2.02,5,6,1611,4,2.12,28.8,61.5,26.3
060C26I263838105C1,AGM60_C1,2,2026-09-24,179.217,179.357,183.866,181.674,179.304,179.783,44.36,45.15,44.14,46.34,45.43,46.19,537.7,57.2,2.04,5,10,2154,5,2.1,22.0,64.7,26.8
060C26I249211630C1,AGM60_C1,5,2026-09-14,175.38,176.166,176.594,180.955,174.931,178.388,44.53,43.28,44.42,45.26,45.76,44.89,534.6,54.4,2.05,6,7,2531,2,2.09,24.5,67.2,27.1
060C26I398735712C1,AGM60_C1,5,2026-09-20,181.198,182.752,180.754,172.683,177.886,182.422,43.66,46.82,45.25,43.52,44.69,45.41,514.4,43.7,2.02,4,7,1215,3,2.1,24.9,66.0,31.7
060C26I764294399C1,AGM60_C1,3,2026-09-19,176.915,183.692,180.275,182.522,179.965,174.048,45.74,45.1,45.71,44.09,42.88,46.19,538.6,42.9,2.02,6,8,1318,4,2.04,21.2,67.1,23.4
060C26I869889015C1,AGM60_C1,3,2026-09-17,176.382,178.971,177.675,178.909,178.069,179.362,43.76,45.49,44.13,45.61,44.94,45.86,529.1,39.6,2.06,7,12,2115,3,2.13,25.8,71.2,24.2
060C26I791610282C1,AGM60_C1,2,2026-09-06,177.054,179.671,182.587,177.389,178.55,178.871,45.25,44.36,44.36,42.48,44.84,44.7,551.6,41.2,2.03,4,15,1246,4,2.09,20.7,68.4,21.8
060C26I474956503C1,AGM60_C1,4,2026-09-02,182.587,178.195,183.598,178.649,180.214,179.076,44.25,45.45,45.12,44.99,45.73,44.12,543.7,36.2,2.02,5,7,2268,4,2.05,22.3,65.6,22.8
060C26I178065335C1,AGM60_C1,3,2026-09-20,174.483,172.416,173.162,173.682,170.976,177.865,43.66,43.38,45.94,45.77,43.71,45.73,532.7,40.4,2.08,5,10,1796,2,2.09,24.1,72.1,21.7
060C26J120704027C1,AGM60_C1,3,2026-10-06,182.544,181.62,181.025,176.486,178.937,179.507,45.02,42.88,45.94,46.19,45.16,45.5,527.9,36.2,2.02,5,7,1760,4,2.1,25.3,66.8,26.0
060C26J214075050C1,AGM60_C1,4,2026-10-19,176.127,182.013,172.787,172.706,167.717,179.262,44.63,45.71,45.86,44.47,45.93,47.01,533.4,46.2,2.03,2,13,1299,3,2.09,26.0,66.1,32.1
060C26J379072104C1,AGM60_C1,2,2026-10-07,183.23,184.304,181.767,180.67,182.101,179.497,45.68,47.59,45.36,46.61,44.21,43.06,526.6,27.6,2.07,5,7,1490,3,2.04,25.2,73.4,24.3
060C26J051687242C1,AGM60_C1,3,2026-10-01,180.758,174.538,179.094,172.691,176.712,176.405,45.74,44.09,45.84,46.18,43.73,43.91,549.7,43.9,2.09,3,10,2270,3,2.05,21.3,64.7,26.5
060C26J797826714C1,AGM60_C1,3,2026-10-26,185.932,185.399,176.838,172.73,183.789,183.335,45.27,45.3,46.2,46.51,45.23,46.03,527.0,37.8,2.04,1,2,1728,3,2.18,25.4,72.0,22.0
060C26J131782946C1,AGM60_C1,4,2026-10-07,179.584,181.025,179.881,178.397,182.973,181.711,46.55,45.5,45.21,45.3,45.08,42.63,551.6,35.9,2.06,5,10,2115,4,2.1,25.5,67.0,25.0
060C26J977296261C1,AGM60_C1,2,2026-10-08,191.026,187.502,192.692,186.725,187.093,197.072,44.23,44.8,46.62,43.65,45.82,43.91,535.6,45.3,2.03,5,9,1700,3,2.05,26.3,70.4,23.4
060C26J622382378C1,AGM60_C1,3,2026-10-03,177.925,179.197,180.26,177.889,174.808,174.315,42.71,44.63,46.25,44.13,47.13,44.91,533.5,32.5,2.04,8,8,1933,3,2.15,23.4,66.7,25.2
060C26J552327845C1,AGM60_C1,3,2026-10-12,182.74,184.168,183.77,184.754,184.643,184.482,44.71,45.66,44.46,45.46,45.04,46.15,538.6,31.6,2.03,6,10,1917,2,2.09,22.4,68.6,25.5
060C26J729907492C1,AGM60_C1,3,2026-10-15,180.471,179.393,179.851,176.099,180.641,178.43,45.64,46.93,46.15,43.37,44.43,44.72,545.4,34.6,2.09,3,7,1510,3,2.11,21.2,68.9,26.2
060C26J055402685C1,AGM60_C1,4,2026-10-20,190.741,182.358,183.984,185.521,182.44,180.848,44.18,45.22,46.78,46.31,43.93,44.56,550.4,37.5,2.03,7,10,1856,3,2.1,21.9,70.3,25.5
060C26J299354865C1,AGM60_C1,2,2026-10-24,191.023,184.027,189.722,181.117,187.511,182.449,46.0,44.74,45.56,44.44,45.92,43.54,536.6,43.8,2.06,5,3,1299,4,2.07,21.4,65.2,23.3
060C26J033684972C1,AGM60_C1,3,2026-10-13,179.861,180.376,171.387,174.368,176.328,175.234,45.33,47.0,46.16,46.34,43.71,44.3,534.8,45.7,2.08,5,13,1458,3,2.14,25.0,67.8,23.2
060C26K434482621C1,AGM60_C1,4,2026-11-03,174.016,172.166,182.439,182.704,180.542,181.644,43.7,44.01,46.18,45.83,46.82,45.73,527.5,45.2,2.01,3,13,1623,4,2.11,26.8,66.1,20.5
060C26K524829439C1,AGM60_C1,4,2026-11-22,173.449,176.757,171.321,175.7,176.272,180.235,45.47,46.96,45.47,46.79,46.41,45.68,552.3,45.2,2.01,4,8,2690,3,2.07,27.4,70.9,23.0
060C26K161967417C1,AGM60_C1,2,2026-11-02,177.205,177.03,174.549,175.649,175.292,174.915,45.7,46.26,45.31,46.19,44.03,44.99,545.5,28.9,2.07,6,11,2173,3,2.13,20.3,71.9,27.2
060C26K920169091C1,AGM60_C1,2,2026-11-22,188.103,180.427,175.168,181.355,184.8,174.553,43.04,44.78,45.09,44.49,45.42,44.35,541.6,44.6,2.04,6,15,1659,4,2.09,24.2,68.6,28.0
060C26K441375331C1,AGM60_C1,4,2026-11-24,188.61,188.668,184.93,183.456,189.918,189.06,46.55,43.45,45.6,43.57,44.79,45.53,534.8,40.9,2.09,3,6,1859,2,2.09,22.2,64.0,23.8
060C26K956688995C1,AGM60_C1,1,2026-11-09,178.172,176.491,173.704,185.223,178.487,179.658,44.92,46.34,45.88,45.54,44.53,46.3,537.5,31.1,2.12,3,8,1632,3,2.07,29.6,71.5,25.6
060C26K781268459C1,AGM60_C1,5,2026-11-05,178.774,181.547,178.515,181.361,177.534,181.476,45.21,45.13,45.0,46.09,45.7,46.47,532.6,44.1,2.01,6,3,1598,4,2.11,24.5,67.2,22.7
060C26K470278619C1,AGM60_C1,3,2026-11-08,171.622,171.935,175.744,175.713,175.798,175.625,45.11,47.08,45.04,45.42,44.48,44.72,525.3,35.6,2.08,4,7,1375,4,2.08,23.9,67.1,21.3
060C26K863980133C1,AGM60_C1,4,2026-11-05,181.846,175.847,181.777,179.363,183.403,184.856,43.01,46.03,44.85,46.04,46.11,45.05,530.1,46.4,2.05,6,13,1802,4,2.13,26.3,66.5,24.8
060C26K588974128C1,AGM60_C1,2,2026-11-15,180.16,177.794,177.578,179.093,176.762,175.559,44.38,45.44,44.99,44.65,44.91,45.29,540.0,51.5,2.08,5,10,1591,4,2.05,29.1,67.7,27.3
060C26K658548203C1,AGM60_C1,2,2026-11-24,179.404,181.642,179.527,184.233,176.149,179.524,45.09,44.36,44.88,44.4,45.93,44.25,527.3,34.0,2.08,6,7,1807,5,2.09,23.8,69.7,29.2
060C26K224309583C1,AGM60_C1,4,2026-11-22,177.298,181.098,175.608,174.028,176.758,183.086,45.55,45.13,44.6,46.55,44.25,46.63,543.2,40.9,2.02,3,12,2196,1,2.1,21.5,67.0,22.6
060C26K432154995C1,AGM60_C1,1,2026-11-08,175.651,174.12,177.57,178.73,170.236,175.387,43.89,47.31,46.12,44.77,43.25,44.8,524.6,34.8,2.04,5,11,1609,2,2.11,27.8,70.0,25.7
060C26L927672435C1,AGM60_C1,2,2026-12-01,177.386,178.666,180.397,180.454,175.78,175.174,42.56,44.39,44.86,43.69,44.79,45.81,534.2,35.2,2.05,4,5,1819,1,2.1,24.7,70.1,23.1
060C26L871616880C1,AGM60_C1,2,2026-12-04,184.723,184.134,182.319,184.69,186.816,184.513,43.23,45.46,46.04,44.74,45.96,43.98,539.5,45.8,2.02,5,12,1627,3,2.07,22.9,60.0,26.3
060C26L725999203C1,AGM60_C1,4,2026-12-23,181.882,179.295,184.472,184.379,182.031,182.395,44.2,44.58,44.7,44.44,45.8,44.64,548.5,45.9,2.11,3,15,1771,4,2.13,24.9,65.9,20.0
060C26L908278194C1,AGM60_C1,3,2026-12-10,178.424,178.09,176.479,175.659,176.028,179.961,45.65,43.45,45.19,42.99,45.73,45.63,540.5,37.2,2.12,5,11,1905,3,2.08,26.5,69.4,25.3
060C26L166641522C1,AGM60_C1,2,2026-12-13,173.645,177.164,181.78,177.728,175.288,174.925,43.61,44.24,45.16,45.55,44.84,44.7,524.0,34.7,2.07,3,9,1732,3,2.1,24.3,64.8,29.5
060C26L211630640C1,AGM60_C1,4,2026-12-26,177.639,175.905,177.64,179.853,173.817,185.267,45.35,44.02,46.38,43.62,46.53,44.62,532.5,41.7,2.01,6,15,1490,2,2.05,24.3,68.7,23.8
060C26L892134198C1,AGM60_C1,4,2026-12-23,180.516,176.049,177.157,178.416,175.566,171.805,43.31,45.57,44.29,45.18,45.21,45.42,536.3,37.7,2.04,4,8,1669,4,2.08,21.4,69.9,24.7
060C26L703972382C1,AGM60_C1,3,2026-12-09,175.862,166.891,168.534,162.674,175.8,167.134,46.7,45.16,45.48,44.68,44.54,45.16,543.0,52.8,2.05,5,8,1887,2,2.06,25.5,65.1,19.2
060C26L944244628C1,AGM60_C1,4,2026-12-03,179.895,179.492,179.206,177.997,184.938,178.796,45.4,45.21,46.06,44.7,45.43,45.26,531.7,44.7,2.12,5,8,1802,2,2.14,29.8,68.5,28.9
060C26L515266628C1,AGM60_C1,4,2026-12-26,170.423,173.548,171.611,171.14,172.614,170.002,45.09,44.49,44.43,44.66,43.66,45.24,536.0,47.1,2.07,4,12,1565,2,2.1,21.9,62.0,21.3
060C26L744858788C1,AGM60_C1,3,2026-12-03,181.372,179.472,184.931,181.335,177.05,178.111,46.24,43.67,45.02,42.39,45.66,42.88,547.8,44.2,2.09,7,9,1808,3,2.08,15.8,68.8,24.6
060C26L603695840C1,AGM60_C1,5,2026-12-10,178.283,179.307,179.008,179.46,180.784,183.65,44.02,43.83,45.43,46.17,43.77,45.71,527.6,36.3,2.01,2,5,1671,4,2.09,29.0,71.3,26.3
060C26L921281716C1,AGM60_C1,1,2026-12-12,186.495,184.657,183.756,183.06,186.603,181.955,44.21,44.23,46.33,45.05,45.15,44.01,560.4,48.3,2.04,7,6,1208,1,2.07,23.9,66.4,28.3
060C26A107779833D1,AGM60_D1,3,2026-01-05,182.108,176.46,178.104,181.104,172.857,189.214,44.83,45.05,44.25,44.31,44.53,44.32,544.9,37.4,2.06,6,4,1956,3,2.11,30.2,68.0,22.2
060C26A763623960D1,AGM60_D1,2,2026-01-18,181.859,181.307,178.07,186.855,180.35,186.54,45.13,44.76,44.08,43.62,45.37,46.03,531.3,46.9,2.04,8,12,1936,3,2.09,27.3,63.6,31.4
060C26A403107849D1,AGM60_D1,2,2026-01-23,184.906,183.817,180.579,183.09,183.17,185.145,44.92,45.27,43.83,43.71,45.61,45.2,539.2,40.5,2.04,7,9,1156,5,2.1,24.3,70.3,26.9
060C26A410754994D1,AGM60_D1,2,2026-01-23,179.95,178.892,178.878,178.924,179.785,180.183,45.03,45.26,46.74,46.6,46.59,46.6,554.2,34.8,2.07,3,7,1935,3,2.14,25.4,67.6,25.3
060C26A622323249D1,AGM60_D1,3,2026-01-11,184.692,188.207,181.179,182.052,181.713,184.403,47.17,45.19,44.71,45.06,46.59,44.27,544.8,31.1,2.06,10,8,1657,3,2.13,16.5,67.9,26.7
060C26A218439206D1,AGM60_D1,3,2026-01-26,181.677,176.548,181.496,178.934,178.438,182.203,48.04,43.91,43.11,44.18,45.52,44.33,520.5,40.2,2.07,6,7,1893,3,2.07,26.6,70.7,25.2
060C26A621067593D1,AGM60_D1,4,2026-01-12,182.497,181.471,178.273,181.351,181.568,179.786,45.38,44.94,43.26,43.35,45.86,44.69,545.8,39.7,2.0,4,9,1872,4,2.1,29.1,65.9,23.5
060C26A037146754D1,AGM60_D1,3,2026-01-06,177.375,176.922,176.036,176.718,177.478,177.429,45.08,44.48,44.79,45.72,44.3,45.72,548.0,44.0,2.01,7,9,1434,4,2.1,28.6,66.7,27.2
060C26A075237473D1,AGM60_D1,4,2026-01-03,182.576,173.319,182.641,173.891,173.968,179.015,46.44,45.39,46.47,44.71,46.15,43.78,560.8,52.2,2.11,3,9,2217,3,2.09,24.1,70.3,29.4
060C26A831475927D1,AGM60_D1,3,2026-01-16,180.337,182.928,180.879,183.131,181.857,180.673,44.83,45.32,44.45,44.84,43.14,45.15,527.9,29.8,2.07,3,11,2086,4,2.08,20.1,68.3,20.3
060C26A219355203D1,AGM60_D1,3,2026-01-18,174.373,177.482,175.682,177.964,175.896,178.711,43.71,45.42,43.73,44.29,44.22,45.67,528.5,36.0,2.08,7,8,1806,3,2.02,24.9,70.3,24.6
060C26A876525750D1,AGM60_D1,3,2026-01-27,181.703,185.016,178.094,182.987,178.336,182.254,45.11,44.45,46.38,44.88,46.16,45.6,536.1,45.4,2.05,5,5,2207,2,2.1,27.4,66.9,26.4
060C26A406733019D1,AGM60_D1,3,2026-01-03,177.901,176.102,177.808,182.937,177.273,182.827,46.51,45.49,45.2,45.9,44.19,46.4,512.6,47.3,2.02,5,5,1625,2,2.11,19.4,67.9,23.4
060C26B310182268D1,AGM60_D1,4,2026-02-13,187.793,179.199,183.715,180.417,173.735,186.677,45.57,45.25,44.17,44.92,45.7,44.6,539.1,47.6,2.01,4,13,2110,4,2.14,25.2,64.4,28.0
060C26B498037234D1,AGM60_D1,2,2026-02-20,178.005,179.287,181.599,177.06,184.44,180.013,44.25,44.22,44.33,44.1,46.34,43.75,557.0,49.1,2.07,6,11,1768,4,2.1,29.2,67.2,19.2
060C26B187875322D1,AGM60_D1,3,2026-02-24,181.652,183.734,184.476,184.785,180.426,180.691,46.35,44.18,45.7,45.92,43.01,44.35,549.4,36.5,2.03,1,12,1762,1,2.08,23.3,69.2,24.7
060C26B911907226D1,AGM60_D1,1,2026-02-24,182.655,184.714,183.433,184.127,180.037,184.445,43.37,45.75,45.51,44.7,46.4,46.15,558.2,50.5,2.05,5,10,2197,3,2.08,23.3,63.9,25.8
060C26B273407020D1,AGM60_D1,2,2026-02-10,188.035,182.605,185.984,182.405,177.63,183.534,43.54,45.93,45.48,45.67,45.31,45.84,542.3,42.9,2.02,3,16,1547,3,2.16,25.3,68.3,32.8
060C26B244238446D1,AGM60_D1,2,2026-02-16,184.924,179.018,184.527,183.414,179.855,177.604,44.21,44.59,45.53,45.66,45.56,45.32,536.7,46.4,2.06,6,7,2062,3,2.12,24.7,68.6,25.5
060C26B668717420D1,AGM60_D1,2,2026-02-15,181.065,187.781,177.188,181.604,178.829,178.905,45.32,45.98,45.94,43.98,44.41,44.95,530.3,43.2,2.05,3,7,2044,4,2.09,25.9,67.3,27.9
060C26B046730080D1,AGM60_D1,2,2026-02-09,192.89,187.628,181.964,185.193,183.918,182.075,46.36,44.51,45.58,43.26,45.97,44.39,533.1,51.7,2.04,6,14,1829,3,2.07,30.2,63.8,29.2
060C26B850282926D1,AGM60_D1,5,2026-02-01,180.27,176.87,167.475,173.385,170.987,181.371,45.4,43.97,45.86,44.83,44.85,45.02,552.0,40.9,2.09,2,9,1953,4,2.11,26.5,66.4,22.9
060C26B205221301D1,AGM60_D1,4,2026-02-06,176.025,179.77,169.391,179.886,182.838,179.478,44.23,46.76,46.77,43.97,44.68,46.75,556.9,60.6,1.99,3,13,1792,3,2.12,25.6,70.7,30.8
060C26B820679811D1,AGM60_D1,3,2026-02-01,179.59,178.187,178.875,179.914,176.16,176.462,45.61,43.2,43.73,45.22,46.42,46.04,542.4,39.1,2.02,5,3,1372,1,2.14,25.2,75.0,22.7
060C26B031551862D1,AGM60_D1,2,2026-02-01,179.082,178.639,177.982,178.304,177.856,179.617,44.57,44.63,43.67,45.47,44.91,44.37,548.4,49.3,2.06,2,13,1482,5,2.13,21.7,62.9,27.5
060C26B155569972D1,AGM60_D1,3,2026-02-07,171.364,176.51,171.894,173.73,175.401,172.135,43.86,46.0,44.71,45.35,45.36,42.95,547.6,41.8,2.03,1,5,1869,3,2.04,27.5,70.9,27.9
060C26C218601553D1,AGM60_D1,3,2026-03-11,181.259,190.318,185.963,185.768,182.953,181.872,43.84,43.18,44.38,45.45,45.63,45.75,555.7,33.2,2.03,6,5,1878,3,2.05,24.4,75.0,27.5
060C26C232113609D1,AGM60_D1,4,2026-03-13,181.31,174.456,175.401,176.7,174.558,177.862,45.67,45.39,43.73,43.07,43.64,45.58,544.6,41.5,2.08,6,15,1727,3,2.06,25.4,68.7,16.3
060C26C557240806D1,AGM60_D1,3,2026-03-23,174.465,172.864,174.427,174.347,173.648,173.819,44.24,45.07,45.18,45.5,46.04,44.34,539.1,34.5,2.01,5,5,1661,3,2.06,24.4,66.6,26.9
060C26C199695197D1,AGM60_D1,4,2026-03-23,180.884,175.779,187.14,176.658,182.732,177.485,44.63,42.58,46.61,44.96,45.04,45.62,538.8,49.0,2.03,3,15,1581,3,2.09,28.2,65.8,22.4
060C26C931169840D1,AGM60_D1,4,2026-03-11,183.659,180.488,176.625,180.09,184.121,185.114,43.94,44.07,44.79,45.48,45.61,42.75,537.2,36.5,2.05,4,13,1540,4,2.1,24.9,66.5,31.7
060C26C530940095D1,AGM60_D1,2,2026-03-01,182.187,191.549,181.796,188.078,188.881,187.08,44.85,44.03,44.27,45.88,44.93,46.43,550.6,49.1,2.03,7,15,1882,3,2.12,23.9,66.3,28.1
060C26C492752004D1,AGM60_D1,4,2026-03-04,176.437,184.347,181.856,182.822,180.067,180.565,46.29,43.85,46.54,46.56,43.59,45.3,543.9,30.1,2.01,4,9,1988,3,2.17,27.1,65.6,29.4
060C26C210215834D1,AGM60_D1,3,2026-03-21,179.052,176.75,178.743,175.83,173.672,177.889,44.51,44.69,43.43,45.77,45.09,45.81,532.2,46.4,2.09,5,8,1531,2,2.06,22.2,71.8,21.8
060C26C432953830D1,AGM60_D1,2,2026-03-05,179.907,180.395,183.054,177.712,179.665,184.171,42.68,45.24,43.16,44.47,46.38,46.87,488.0,52.6,2.07,5,9,1553,6,2.15,25.2,60.0,23.0
060C26C416708578D1,AGM60_D1,3,2026-03-06,183.514,186.601,181.92,180.927,177.425,181.846,45.01,46.05,45.97,45.01,45.91,45.73,554.2,36.2,2.02,2,12,2090,4,2.07,22.0,74.8,17.1
060C26C184664414D1,AGM60_D1,4,2026-03-13,185.856,181.925,178.951,183.24,182.685,185.507,42.74,44.91,45.53,46.65,44.01,44.69,542.4,36.6,2.04,4,16,1172,4,2.11,22.7,67.6,32.3
060C26C484414503D1,AGM60_D1,1,2026-03-12,177.443,174.369,181.882,176.015,176.989,181.182,45.22,43.52,45.25,45.59,44.7,46.05,540.1,39.7,2.05,5,5,1595,4,2.09,21.7,67.5,22.0
060C26C633936019D1,AGM60_D1,4,2026-03-23,186.476,186.528,182.701,178.768,190.121,184.161,43.39,46.41,45.08,46.15,43.53,44.59,545.6,48.8,2.07,4,11,2052,2,2.1,23.9,67.5,26.1
060C26D923139115D1,AGM60_D1,5,2026-04-07,185.356,180.45,185.239,180.108,179.025,176.807,45.04,44.79,44.11,46.05,44.8,44.71,541.3,44.0,2.04,3,4,1890,5,2.14,22.1,70.3,20.9
060C26D544335138D1,AGM60_D1,2,2026-04-06,164.171,166.606,170.975,171.192,163.531,173.341,46.33,45.26,43.84,43.99,46.75,43.83,542.7,57.4,2.01,8,13,1849,2,2.06,29.5,60.5,24.2
060C26D880554468D1,AGM60_D1,3,2026-04-12,170.014,174.351,176.591,175.481,175.327,170.325,44.25,43.79,45.58,46.01,43.58,45.63,544.1,29.8,2.01,3,9,1812,4,2.13,26.5,70.2,20.2
060C26D948156144D1,AGM60_D1,4,2026-04-01,179.918,172.128,181.003,177.719,175.529,172.05,45.73,44.69,44.17,46.03,45.26,45.17,550.5,45.8,2.04,8,9,1435,4,2.08,28.7,66.4,25.9
060C26D054015189D1,AGM60_D1,3,2026-04-27,175.628,180.901,178.045,180.122,178.845,170.545,46.28,46.06,44.42,42.81,45.98,45.55,533.0,50.0,2.02,3,8,1551,3,2.12,26.4,67.0,27.8
060C26D591588706D1,AGM60_D1,3,2026-04-25,179.684,179.991,181.927,180.005,175.876,181.913,44.54,45.19,46.32,45.67,44.62,46.05,546.2,45.6,2.05,4,8,1204,2,2.08,30.3,65.3,20.9
060C26D803197007D1,AGM60_D1,4,2026-04-09,183.563,184.055,182.962,183.324,184.105,185.302,44.96,45.21,46.43,44.93,44.8,45.84,539.5,47.3,2.03,9,9,1305,4,2.08,29.4,66.6,25.7
060C26D939249942D1,AGM60_D1,2,2026-04-23,183.882,178.548,185.337,179.944,182.376,182.809,45.66,43.66,45.0,43.65,44.53,44.54,547.8,35.2,2.06,7,7,1951,4,2.15,26.5,74.1,20.8
060C26D278545212D1,AGM60_D1,3,2026-04-07,168.714,179.228,181.506,179.358,182.346,175.545,45.04,44.12,44.9,45.35,45.32,43.85,535.9,41.1,1.99,5,12,1702,4,2.06,25.2,71.1,29.1
060C26D590078564D1,AGM60_D1,2,2026-04-12,178.273,170.678,173.887,179.754,182.761,173.345,43.62,43.1,44.47,45.06,46.82,45.74,544.3,55.9,2.07,2,11,1788,3,2.11,21.7,60.0,21.2
060C26D835570203D1,AGM60_D1,3,2026-04-19,174.577,173.742,173.043,173.898,173.922,175.002,44.61,44.47,44.39,45.07,45.5,45.1,539.5,32.5,2.04,6,4,1629,3,2.09,28.9,75.0,18.3
060C26D533702334D1,AGM60_D1,2,2026-04-15,172.437,170.402,176.118,172.599,179.945,177.264,47.52,41.92,43.71,44.11,45.46,44.16,547.7,55.3,2.05,7,17,1731,3,2.11,19.4,61.9,22.8
060C26D218243306D1,AGM60_D1,2,2026-04-19,179.026,179.305,182.425,181.569,183.494,181.588,43.74,45.26,47.09,44.2,45.46,44.65,541.6,45.3,2.06,5,10,2069,2,2.1,21.5,68.1,26.3
060C26E636348534D1,AGM60_D1,4,2026-05-07,178.044,183.823,177.262,179.255,177.62,184.318,46.06,46.18,44.16,46.4,44.79,45.02,563.5,28.4,2.03,3,10,1597,3,2.1,25.8,73.0,30.2
060C26E736621464D1,AGM60_D1,3,2026-05-27,173.372,181.76,184.612,178.689,181.822,181.673,46.02,44.79,44.24,45.08,45.52,44.88,525.4,45.8,2.0,6,9,1939,4,2.07,25.0,70.6,32.4
060C26E853648270D1,AGM60_D1,3,2026-05-15,182.349,185.037,178.885,185.495,177.961,181.343,45.47,45.64,45.51,46.01,44.04,46.29,541.2,43.3,2.05,6,17,1465,4,2.11,25.9,69.0,23.7
060C26E627052465D1,AGM60_D1,2,2026-05-21,180.137,180.818,182.264,184.739,185.136,188.525,45.61,44.33,45.48,43.23,42.72,45.84,526.4,47.1,2.07,5,10,1960,3,2.07,19.5,66.6,22.8
060C26E699145162D1,AGM60_D1,5,2026-05-23,185.245,191.657,190.505,180.739,187.818,186.764,44.97,46.64,45.7,44.03,44.97,43.62,543.5,51.2,2.08,2,4,2126,3,2.12,21.6,65.1,28.2
060C26E703826963D1,AGM60_D1,4,2026-05-27,180.327,182.172,181.224,179.332,181.941,181.252,44.5,44.48,46.68,44.76,45.94,46.9,534.2,36.3,2.05,4,14,1835,4,2.12,26.1,62.9,24.1
060C26E130396477D1,AGM60_D1,3,2026-05-21,186.043,175.327,178.294,174.322,178.127,179.303,46.14,43.87,44.19,44.59,45.82,45.43,542.3,43.1,2.0,9,7,1947,2,2.17,21.7,72.2,24.6
060C26E889659927D1,AGM60_D1,4,2026-05-14,180.122,179.505,176.94,178.814,178.386,182.297,44.57,45.28,44.38,45.3,45.59,45.5,554.9,31.0,2.07,4,13,1750,4,2.04,22.5,66.2,26.6
060C26E250853334D1,AGM60_D1,2,2026-05-01,184.796,181.661,180.908,185.855,181.82,187.692,43.91,45.24,46.59,45.95,44.1,46.03,545.1,36.8,2.07,5,10,1280,2,2.07,24.7,75.0,29.2
060C26E317988857D1,AGM60_D1,5,2026-05-16,174.624,180.673,180.595,179.39,174.931,176.921,45.91,43.62,44.88,43.71,46.41,44.42,535.7,48.0,2.05,6,6,2168,4,2.14,25.2,60.0,24.7
060C26E961016292D1,AGM60_D1,3,2026-05-16,183.107,185.228,183.295,184.661,184.315,186.611,43.78,45.73,44.79,44.49,45.71,45.1,525.1,41.1,2.0,8,16,2046,4,2.14,26.4,67.6,29.2
060C26E597324411D1,AGM60_D1,3,2026-05-08,173.978,178.451,175.134,178.017,175.668,176.182,45.81,45.64,46.28,46.15,46.13,45.89,541.1,35.6,2.11,6,11,1594,5,2.11,23.9,61.3,24.4
060C26E949736541D1,AGM60_D1,3,2026-05-02,182.52,188.584,185.666,187.84,187.341,189.495,43.04,44.19,44.72,44.02,44.29,46.38,551.0,42.4,2.04,9,14,962,3,2.09,23.7,64.5,28.2
060C26F101741041D1,AGM60_D1,3,2026-06-24,175.41,173.204,168.05,180.08,169.962,172.577,44.16,46.24,45.22,45.26,42.82,46.4,526.9,39.3,2.03,3,12,1359,2,2.06,26.2,68.7,24.8
060C26F220300351D1,AGM60_D1,3,2026-06-18,179.631,180.482,181.034,178.569,179.879,180.375,43.83,44.29,46.16,45.19,46.23,45.71,534.9,34.2,2.03,4,3,1994,3,2.12,20.9,67.3,21.2
060C26F764534931D1,AGM60_D1,2,2026-06-10,177.74,182.031,174.631,175.764,181.857,183.5,46.41,44.26,44.31,43.19,42.77,44.98,562.2,40.5,2.04,6,18,1726,4,2.11,23.1,68.1,23.4
060C26F582793723D1,AGM60_D1,3,2026-06-03,177.221,177.839,174.705,177.523,174.919,175.196,45.07,45.19,44.85,45.55,45.44,42.79,535.7,36.4,2.07,4,10,1987,3,2.08,26.4,68.3,25.1
060C26F598324734D1,AGM60_D1,3,2026-06-22,177.051,176.917,181.958,183.288,183.328,180.528,44.79,44.41,43.65,43.44,44.82,43.93,540.8,37.3,2.08,2,6,1746,3,2.11,27.2,74.7,22.9
060C26F118656911D1,AGM60_D1,2,2026-06-01,179.839,181.253,183.07,177.972,179.374,180.576,45.95,46.31,47.57,45.06,43.76,43.83,547.4,45.2,2.05,7,8,1822,3,2.1,28.6,66.9,24.0
060C26F793474964D1,AGM60_D1,2,2026-06-22,177.643,175.624,176.146,182.65,181.792,185.735,44.11,44.49,44.17,45.43,44.74,46.96,552.3,36.1,2.07,10,5,1830,3,2.11,27.6,69.4,26.7
060C26F433416202D1,AGM60_D1,4,2026-06-13,181.046,179.77,182.719,182.636,180.796,179.406,45.77,45.36,45.04,46.38,45.68,45.43,541.1,41.6,2.02,7,5,1086,2,2.1,24.5,63.0,25.8
060C26F195297666D1,AGM60_D1,4,2026-06-15,179.482,181.889,182.336,181.234,179.66,179.394,44.31,43.28,45.97,44.52,45.55,45.63,548.5,37.5,2.08,6,14,1686,3,2.09,23.9,68.6,24.1
060C26F999115783D1,AGM60_D1,2,2026-06-11,181.599,183.643,186.004,188.066,185.16,183.941,45.06,45.67,44.98,45.84,45.74,46.57,521.1,42.1,2.09,7,8,2118,2,2.01,25.0,68.2,20.8
060C26F167506359D1,AGM60_D1,2,2026-06-06,182.365,181.508,184.862,182.953,182.651,181.488,44.18,43.97,44.99,44.48,46.0,45.41,506.5,22.9,2.04,1,15,2080,3,2.05,26.8,72.9,26.1
060C26F314663518D1,AGM60_D1,1,2026-06-27,184.604,184.699,180.31,182.281,178.731,170.032,45.24,43.58,44.13,45.37,44.68,45.57,543.3,58.5,2.03,3,10,1790,3,2.09,27.7,69.4,25.1
060C26F098768500D1,AGM60_D1,3,2026-06-15,183.635,183.234,192.187,188.974,182.14,186.281,45.51,44.92,43.87,45.47,43.35,45.8,535.6,54.4,2.03,5,8,1953,2,2.06,25.2,61.7,24.2
060C26G058311409D1,AGM60_D1,4,2026-07-25,179.597,179.4,181.772,179.623,182.368,175.254,45.79,43.92,45.46,45.72,43.45,46.3,524.8,44.4,2.07,3,14,2318,2,2.12,21.1,68.2,34.1
060C26G568433830D1,AGM60_D1,2,2026-07-22,183.177,181.561,186.332,184.496,180.782,187.54,45.58,45.54,45.84,44.8,44.06,46.56,527.8,55.7,2.09,6,9,2042,1,2.13,26.0,60.0,21.8
060C26G878609000D1,AGM60_D1,3,2026-07-04,188.636,186.784,184.948,186.446,187.656,186.692,44.92,44.01,45.9,44.92,43.97,45.82,528.2,37.0,2.08,4,17,2318,4,2.15,23.6,67.6,23.8
060C26G156087098D1,AGM60_D1,3,2026-07-02,180.775,179.652,177.989,176.875,176.123,178.614,46.35,46.77,44.63,45.55,44.29,45.45,520.4,41.4,2.05,9,9,1696,5,2.08,27.7,62.6,27.6
060C26G655386933D1,AGM60_D1,4,2026-07-03,178.6,175.88,172.959,180.467,174.487,173.883,44.88,44.46,44.49,44.76,45.39,46.79,545.0,41.3,2.05,4,15,1658,1,2.11,28.5,68.1,29.9
060C26G974768658D1,AGM60_D1,2,2026-07-11,188.227,177.62,187.873,185.063,177.82,181.489,44.87,44.56,45.52,46.23,46.03,45.68,540.8,37.3,2.07,7,17,2459,5,2.11,25.2,64.8,24.8
060C26G041946896D1,AGM60_D1,1,2026-07-10,179.334,176.468,181.755,180.72,178.571,180.919,44.5,44.08,46.64,45.6,44.0,45.07,530.7,40.6,2.03,2,18,1680,3,2.1,27.6,67.6,23.9
060C26G535413144D1,AGM60_D1,2,2026-07-23,176.861,176.573,175.232,177.066,177.675,177.704,44.09,43.99,44.12,46.7,44.06,45.53,548.9,32.1,2.09,7,13,2345,2,2.08,27.5,69.9,24.7
060C26G926543571D1,AGM60_D1,1,2026-07-26,192.009,185.996,185.208,180.563,184.686,177.733,44.8,44.52,45.02,43.86,45.99,44.39,541.5,44.2,2.03,5,6,1760,3,2.1,24.1,65.4,25.0
060C26G997597128D1,AGM60_D1,4,2026-07-19,174.916,171.859,174.562,183.581,183.43,171.482,42.86,46.69,44.54,44.72,45.66,45.35,522.5,45.2,2.03,5,11,1989,3,2.12,27.7,70.2,29.7
060C26G232179179D1,AGM60_D1,4,2026-07-20,184.066,185.45,181.258,186.654,185.409,183.829,44.41,44.15,46.19,44.99,46.39,45.78,547.2,43.4,2.07,6,7,1453,2,2.13,21.4,65.9,28.2
060C26G142767203D1,AGM60_D1,4,2026-07-01,182.902,183.361,185.109,183.739,181.81,180.422,43.94,45.97,44.78,44.98,46.24,44.18,553.8,44.8,2.12,2,15,1018,5,2.05,24.2,66.0,24.0
060C26G072592565D1,AGM60_D1,4,2026-07-11,177.734,183.726,173.293,174.374,175.257,174.012,46.43,44.75,46.39,44.77,47.65,45.32,540.4,48.1,2.05,6,12,2041,4,2.13,29.6,72.0,25.3
060C26H844869518D1,AGM60_D1,4,2026-08-02,170.006,182.682,174.636,184.617,179.172,172.963,45.72,46.01,45.91,45.85,45.65,45.49,529.0,38.3,2.02,4,10,1443,5,2.12,25.2,69.2,21.1
060C26H199213660D1,AGM60_D1,2,2026-08-24,175.404,178.397,183.923,179.22,181.661,174.987,44.12,47.06,44.59,44.85,44.2,45.03,541.9,46.2,2.06,4,12,2539,3,2.13,25.1,71.0,30.7
060C26H022144577D1,AGM60_D1,2,2026-08-27,182.899,182.422,178.528,190.334,185.669,179.839,47.47,45.55,44.96,43.76,46.71,44.99,548.3,46.8,2.04,5,11,1300,3,2.12,24.2,68.4,23.3
060C26H555338782D1,AGM60_D1,4,2026-08-17,195.858,187.203,180.5,187.388,175.107,185.944,44.33,43.9,46.34,43.96,45.32,46.09,523.9,38.6,2.04,2,11,1543,3,2.1,21.5,70.8,21.1
060C26H526172223D1,AGM60_D1,3,2026-08-21,183.51,179.023,178.191,180.455,178.662,181.221,45.13,45.05,43.41,44.1,46.35,45.66,541.6,34.5,2.1,6,11,1742,2,2.09,21.7,63.6,24.9
060C26H011542217D1,AGM60_D1,4,2026-08-07,176.372,175.275,177.514,177.812,181.388,176.109,44.79,45.0,45.56,45.54,45.08,44.79,554.8,45.6,2.0,5,13,1343,3,2.1,28.2,66.4,27.6
060C26H851884397D1,AGM60_D1,3,2026-08-24,176.102,178.873,176.803,179.261,174.93,178.6,46.4,44.2,45.24,46.2,44.9,45.36,527.6,35.0,2.02,7,8,1894,4,2.11,24.6,68.3,32.5
060C26H467019271D1,AGM60_D1,1,2026-08-14,171.781,176.146,179.906,173.54,179.225,178.895,45.68,46.77,45.0,45.12,45.36,45.15,528.3,56.2,2.02,8,7,1559,4,2.07,24.3,62.3,20.9
060C26H024747800D1,AGM60_D1,5,2026-08-22,167.001,167.188,167.244,173.642,172.405,179.185,45.26,46.68,45.31,45.23,46.66,45.09,541.4,42.4,2.07,1,10,1912,2,2.09,20.3,70.1,27.4
060C26H910787289D1,AGM60_D1,3,2026-08-15,172.944,180.699,171.129,176.009,175.859,172.225,46.41,45.4,44.22,45.37,45.07,43.97,511.3,50.5,2.04,4,5,1666,4,2.1,27.1,69.6,21.3
060C26H873644767D1,AGM60_D1,3,2026-08-04,181.348,182.544,185.908,181.836,186.809,183.821,43.83,45.42,46.45,43.86,46.11,45.6,535.0,36.9,2.03,3,10,2016,4,2.07,16.7,65.2,25.1
060C26H115185077D1,AGM60_D1,4,2026-08-24,187.719,184.214,181.486,179.655,183.67,184.371,44.38,45.14,46.23,44.74,45.0,44.15,568.5,55.6,2.05,5,1,1816,3,2.11,27.8,66.4,26.4
060C26H439101428D1,AGM60_D1,3,2026-08-23,175.858,172.251,178.247,179.685,174.012,180.681,47.42,44.71,45.11,44.54,44.26,44.41,551.7,35.1,2.04,5,8,1830,5,2.11,26.5,71.4,19.9
060C26I788136322D1,AGM60_D1,3,2026-09-25,179.726,180.183,182.064,183.058,184.215,183.34,45.63,46.06,45.47,46.21,45.23,45.79,554.6,47.8,2.08,3,7,2030,3,2.08,27.1,62.4,20.9
060C26I988445681D1,AGM60_D1,3,2026-09-17,180.824,184.042,185.079,178.99,178.705,178.32,45.8,46.51,47.22,44.78,44.58,45.31,541.0,48.3,2.1,7,12,1836,3,2.14,28.1,68.5,26.8
060C26I340434840D1,AGM60_D1,2,2026-09-16,182.295,195.153,192.668,187.697,192.17,191.292,44.76,47.04,44.26,43.89,45.39,44.38,544.3,52.7,2.05,5,15,1454,4,2.11,26.9,64.5,22.7
060C26I978969505D1,AGM60_D1,4,2026-09-23,183.086,185.805,178.963,182.881,184.245,186.184,45.32,44.93,47.22,44.27,45.47,46.04,545.8,39.3,2.06,6,4,2721,4,2.11,28.8,69.5,27.5
060C26I815443329D1,AGM60_D1,4,2026-09-13,176.743,180.903,183.564,179.993,180.434,177.215,45.82,44.98,45.38,43.98,42.18,45.23,539.6,52.7,2.06,3,10,1926,3,2.06,30.9,66.2,26.1
060C26I288989491D1,AGM60_D1,2,2026-09-19,181.227,177.766,180.827,182.094,179.982,179.564,43.88,44.56,44.44,44.55,44.47,46.32,541.7,45.0,2.08,6,3,1685,3,2.12,22.5,65.7,23.6
060C26I620063937D1,AGM60_D1,3,2026-09-04,186.438,191.674,185.11,193.404,185.129,191.678,46.08,44.31,44.88,45.26,45.79,44.72,553.4,43.9,2.06,1,15,1884,1,2.09,24.1,62.5,27.1
060C26I522526278D1,AGM60_D1,1,2026-09-21,176.823,175.627,175.377,179.216,166.939,176.971,46.09,44.17,45.78,45.15,43.65,43.48,541.6,54.6,2.04,3,11,1631,4,2.11,24.5,67.6,23.8
060C26I479191350D1,AGM60_D1,3,2026-09-27,179.042,179.406,182.526,182.22,183.888,182.901,44.71,44.27,46.69,46.64,43.62,46.37,541.0,47.0,2.07,6,17,1350,5,2.12,19.6,70.3,29.4
060C26I380294346D1,AGM60_D1,1,2026-09-14,172.859,182.006,179.101,176.744,172.971,180.913,43.77,44.15,45.8,44.79,45.41,45.38,551.4,51.7,2.07,3,10,1460,2,2.08,24.8,67.9,21.0
060C26I427152906D1,AGM60_D1,4,2026-09-20,176.497,181.132,180.792,181.952,184.002,177.99,43.71,45.5,43.65,44.63,44.12,44.66,558.7,43.0,2.09,7,7,1637,4,2.1,24.1,67.1,25.7
060C26I517796530D1,AGM60_D1,2,2026-09-19,180.946,182.488,184.254,182.471,183.568,184.687,44.48,43.43,44.65,45.88,43.56,45.63,547.9,40.1,2.04,8,12,1767,3,2.08,28.3,67.6,25.1
060C26I929750167D1,AGM60_D1,4,2026-09-09,178.69,176.474,181.031,184.543,183.013,185.874,45.77,46.74,48.06,45.18,43.85,46.22,550.0,48.4,2.02,2,7,2203,2,2.05,28.4,64.7,28.1
060C26J944065081D1,AGM60_D1,1,2026-10-16,188.058,188.261,184.033,189.144,177.89,185.264,44.63,44.02,46.45,45.04,42.61,45.85,539.7,38.7,2.05,4,6,1587,3,2.08,28.3,67.4,22.8
060C26J058963283D1,AGM60_D1,4,2026-10-07,178.511,184.098,187.068,187.295,177.559,178.947,45.9,45.06,45.18,46.2,44.53,45.09,535.0,44.5,2.11,6,15,1594,2,2.07,25.5,65.8,27.8
060C26J863838463D1,AGM60_D1,3,2026-10-08,183.69,183.843,187.079,180.853,182.609,179.99,44.76,45.08,45.31,43.62,45.26,45.55,534.6,30.2,2.04,7,5,2169,3,2.12,23.4,67.9,26.7
060C26J620831013D1,AGM60_D1,4,2026-10-07,184.312,183.353,176.26,178.909,182.524,176.483,44.58,44.74,44.89,45.16,43.98,44.57,518.0,33.1,2.09,4,8,1735,2,2.11,23.2,70.8,21.0
060C26J306734452D1,AGM60_D1,4,2026-10-21,186.952,188.956,189.282,184.308,191.332,184.58,46.06,45.88,45.18,44.9,44.96,44.25,527.7,41.4,2.06,6,8,2261,5,2.06,24.2,63.3,23.2
060C26J823683013D1,AGM60_D1,2,2026-10-17,186.237,182.332,184.0,187.777,185.968,183.894,44.99,46.43,43.48,44.8,44.69,46.5,528.6,29.9,2.09,6,10,1806,5,2.11,27.1,69.8,29.4
060C26J218016375D1,AGM60_D1,2,2026-10-03,183.716,180.346,175.684,183.916,183.779,183.203,46.47,46.17,45.25,46.75,45.1,45.67,537.8,44.0,2.06,5,8,1643,3,2.04,25.2,60.7,29.8
060C26J994267488D1,AGM60_D1,3,2026-10-11,175.598,174.151,169.464,182.439,171.243,173.169,44.41,46.15,45.15,44.75,44.15,44.18,547.5,46.9,2.07,5,3,1920,1,2.13,20.9,67.9,25.6
060C26J139890165D1,AGM60_D1,4,2026-10-11,179.468,173.185,173.304,183.167,172.011,177.836,44.62,45.88,45.14,45.73,44.74,44.46,540.6,50.9,2.07,6,14,1809,3,2.08,23.8,67.9,24.2
060C26J574596078D1,AGM60_D1,3,2026-10-26,173.768,177.956,176.543,174.747,174.189,178.071,44.33,46.47,45.32,43.9,45.34,44.37,540.4,48.8,2.07,8,5,1653,4,2.09,23.1,62.1,29.7
060C26J514888846D1,AGM60_D1,4,2026-10-03,182.185,178.747,181.516,181.735,180.066,180.262,45.29,46.23,45.54,44.36,44.75,45.55,537.5,38.4,2.04,2,9,1468,1,2.1,24.8,73.4,24.9
060C26J983780228D1,AGM60_D1,1,2026-10-15,181.906,181.842,176.54,179.179,186.803,178.222,45.62,44.1,43.88,45.02,44.55,44.9,523.1,35.1,2.08,4,13,1517,2,2.11,25.4,73.1,27.7
060C26J357964755D1,AGM60_D1,3,2026-10-17,179.295,182.596,179.406,181.377,178.861,188.795,43.11,43.87,45.89,46.45,46.4,45.36,541.2,51.1,2.09,5,8,1756,5,2.09,28.5,71.2,23.8
060C26K566243424D1,AGM60_D1,5,2026-11-19,181.984,182.289,183.477,173.759,182.11,184.128,44.71,44.95,44.58,44.47,42.29,43.86,553.4,54.1,2.07,6,8,1815,3,2.13,24.8,61.7,21.2
060C26K400297442D1,AGM60_D1,3,2026-11-01,178.369,179.942,180.523,178.785,185.562,174.879,45.2,43.46,45.37,43.88,43.68,44.92,520.7,55.3,2.04,6,9,1709,4,2.06,30.0,68.1,28.2
060C26K719852090D1,AGM60_D1,4,2026-11-16,178.335,180.302,177.627,178.738,176.066,177.927,45.4,44.32,45.47,44.74,43.1,45.38,537.6,33.8,2.02,4,13,1371,2,2.11,30.5,68.8,25.9
060C26K991434440D1,AGM60_D1,3,2026-11-22,179.191,180.966,182.553,179.004,179.02,182.97,45.06,44.44,45.43,43.42,44.63,46.49,547.5,37.9,2.04,5,4,2250,3,2.09,19.9,64.4,21.8
060C26K814793581D1,AGM60_D1,3,2026-11-24,178.567,178.907,175.58,178.752,181.741,180.051,45.06,43.53,44.55,45.75,45.98,45.93,541.1,32.2,2.05,9,14,1751,2,2.05,29.0,68.1,24.8
060C26K732295302D1,AGM60_D1,4,2026-11-11,178.587,175.042,184.625,174.259,180.102,176.531,45.64,45.66,45.51,43.77,45.24,42.67,519.1,47.0,2.03,5,11,1582,4,2.06,21.5,65.8,24.9
060C26K178166805D1,AGM60_D1,3,2026-11-27,180.321,180.75,175.362,181.45,183.014,179.111,45.58,45.13,44.76,44.45,46.33,45.44,542.8,48.8,2.03,6,6,1767,2,2.07,25.8,72.7,22.9
060C26K975351381D1,AGM60_D1,3,2026-11-22,181.778,184.361,185.387,180.831,184.767,186.5,46.22,45.58,44.83,45.29,43.7,47.41,549.9,39.3,2.03,3,12,2381,4,2.05,24.7,69.7,24.9
060C26K129916657D1,AGM60_D1,3,2026-11-08,175.531,178.48,176.291,178.607,175.988,178.589,44.97,44.36,46.25,44.63,45.82,46.06,535.0,41.3,2.07,4,6,2068,4,2.1,27.8,69.0,26.9
060C26K458287961D1,AGM60_D1,3,2026-11-22,175.92,176.327,178.608,175.57,179.124,177.823,44.74,45.61,44.88,45.5,45.21,44.97,548.3,42.1,2.04,5,9,1908,3,2.1,21.4,72.0,23.3
060C26K880328213D1,AGM60_D1,3,2026-11-22,178.696,178.54,179.954,179.126,178.8,176.257,45.22,45.15,44.84,45.39,45.39,44.28,531.9,35.2,2.04,6,12,1658,3,2.01,26.7,68.1,26.8
060C26K131571886D1,AGM60_D1,4,2026-11-06,174.483,186.437,176.113,187.963,185.541,178.541,44.03,44.3,43.15,44.73,45.71,46.11,523.1,46.6,2.07,6,11,1743,4,2.1,27.1,69.0,23.4
060C26K731918976D1,AGM60_D1,4,2026-11-11,181.518,176.521,173.857,178.502,176.385,172.846,44.42,45.2,44.34,44.94,44.69,45.2,524.1,42.2,2.07,4,9,1630,4,2.07,26.4,65.2,27.0
060C26L208748338D1,AGM60_D1,3,2026-12-27,181.807,181.562,182.715,180.568,181.428,181.376,46.33,45.8,46.1,45.78,45.08,44.83,541.8,44.6,2.05,3,10,1957,2,2.05,23.7,67.3,23.5
060C26L689851931D1,AGM60_D1,3,2026-12-18,177.733,173.557,181.49,177.856,176.309,177.69,43.22,45.17,45.94,44.93,43.66,45.01,554.3,43.0,2.06,4,12,2326,2,2.15,21.3,62.4,23.6
060C26L532743550D1,AGM60_D1,4,2026-12-10,176.392,176.065,181.55,180.195,181.598,184.814,46.1,44.36,45.44,45.08,44.51,44.07,524.9,36.7,2.07,2,8,2167,2,2.12,23.2,70.7,24.1
060C26L587361168D1,AGM60_D1,3,2026-12-11,187.482,187.944,182.701,185.475,183.176,194.346,44.63,45.06,45.78,46.2,46.24,43.06,536.3,54.8,2.03,1,18,2228,3,2.08,23.8,60.0,28.1
060C26L407277089D1,AGM60_D1,3,2026-12-27,193.767,185.956,179.177,182.838,182.626,181.456,46.52,44.65,43.85,44.58,45.15,44.24,530.8,49.9,2.06,5,11,1942,4,2.1,29.4,65.0,27.6
060C26L889377813D1,AGM60_D1,2,2026-12-06,181.437,190.665,176.698,182.202,182.883,177.745,46.08,44.7,44.7,44.84,44.51,45.72,540.3,36.5,2.05,6,16,2319,4,2.15,25.0,72.7,22.8
060C26L972774436D1,AGM60_D1,4,2026-12-10,181.384,183.608,181.102,178.226,191.932,189.673,44.43,43.87,46.0,44.44,44.89,45.84,537.4,51.7,2.03,6,7,2145,3,2.12,20.7,65.9,26.7
060C26L247562651D1,AGM60_D1,3,2026-12-03,177.33,181.585,180.096,184.723,171.512,178.624,44.08,45.95,46.21,44.85,44.87,43.14,536.9,45.9,2.05,3,5,1805,4,2.1,25.2,66.1,25.5
060C26L094073244D1,AGM60_D1,3,2026-12-23,174.468,175.827,174.455,174.852,173.309,175.453,44.45,46.39,43.37,45.39,44.59,44.74,548.0,32.5,2.03,4,12,1545,3,2.04,17.8,62.8,22.6
060C26L822621139D1,AGM60_D1,2,2026-12-22,180.525,180.488,182.534,178.314,180.112,179.47,43.4,45.19,45.54,46.38,44.16,43.56,526.3,28.2,2.09,7,12,1577,4,2.13,24.1,71.1,24.2
060C26L948397261D1,AGM60_D1,4,2026-12-24,175.204,172.245,169.921,171.71,171.833,172.025,46.39,43.99,45.58,45.39,46.0,42.0,539.7,28.4,2.03,10,19,2161,2,2.06,28.6,68.9,23.7
060C26L851551054D1,AGM60_D1,4,2026-12-08,170.616,171.379,171.931,175.222,174.57,172.648,44.53,43.79,43.87,45.95,45.94,44.16,552.8,51.6,2.05,5,5,2397,4,2.1,27.2,62.4,25.5
060C26L251674055D1,AGM60_D1,3,2026-12-18,179.53,175.424,176.757,173.755,178.431,178.34,44.5,43.76,44.62,44.97,43.83,45.51,548.5,60.4,2.06,7,12,1863,4,2.11,23.6,60.0,24.2
060C26A943315264G1,AGM60_G1,3,2026-01-23,189.517,186.081,185.766,182.304,187.664,186.697,45.0,43.42,44.32,46.66,45.97,44.44,555.7,40.9,2.01,2,12,1996,2,2.12,29.4,68.3,24.9
060C26A417843007G1,AGM60_G1,3,2026-01-01,175.446,175.07,177.274,184.453,178.076,174.661,44.72,43.57,44.49,44.19,46.36,44.16,523.5,41.3,2.06,2,9,1853,3,2.16,25.3,70.3,23.1
060C26A165714646G1,AGM60_G1,3,2026-01-13,176.545,171.193,177.277,178.183,177.695,178.684,44.61,46.45,45.44,45.25,43.93,44.82,536.8,48.1,2.05,6,6,2657,5,2.11,24.2,67.0,24.0
060C26A218321373G1,AGM60_G1,1,2026-01-21,179.935,181.754,181.187,181.246,181.713,179.627,46.18,44.22,43.79,44.73,44.35,44.15,544.2,25.4,2.04,4,10,1698,2,2.06,25.5,73.7,24.5
060C26A974095999G1,AGM60_G1,4,2026-01-08,181.554,181.109,181.237,180.96,181.028,181.276,44.09,44.33,44.38,45.34,43.0,46.12,547.8,39.8,2.02,6,6,2315,4,2.14,25.2,66.5,27.5
060C26A705702040G1,AGM60_G1,4,2026-01-09,184.977,182.138,182.257,187.434,186.965,189.256,44.87,45.8,46.37,45.4,45.25,46.17,525.0,44.4,2.06,4,13,2145,3,2.11,17.0,67.1,19.8
060C26A255589676G1,AGM60_G1,4,2026-01-16,180.563,184.471,176.984,177.64,179.222,182.687,44.07,46.96,43.71,45.41,44.75,45.86,531.7,58.7,2.05,1,6,1808,3,2.06,24.4,64.8,26.6
060C26A031686998G1,AGM60_G1,2,2026-01-23,177.27,180.496,179.096,179.727,177.128,180.293,43.99,45.16,44.91,44.55,46.19,44.98,545.0,40.6,2.06,3,10,1818,5,2.08,23.4,66.0,23.0
060C26A837370101G1,AGM60_G1,4,2026-01-06,179.601,183.616,181.889,180.359,184.343,178.654,42.87,46.91,45.97,44.22,45.84,44.42,540.7,43.5,2.1,1,9,1732,2,2.13,30.2,66.0,22.7
060C26A506968702G1,AGM60_G1,1,2026-01-01,183.386,187.172,177.61,188.599,184.783,182.553,44.87,44.66,45.14,45.23,44.04,46.1,533.8,37.1,2.04,5,9,2007,4,2.1,27.5,67.8,25.6
060C26A150329545G1,AGM60_G1,3,2026-01-10,177.838,176.024,176.336,175.383,174.942,176.846,45.79,45.88,44.44,43.85,45.57,43.65,569.5,36.2,2.08,6,9,1798,1,2.09,26.5,63.5,20.2
060C26A350836875G1,AGM60_G1,4,2026-01-16,175.275,180.412,173.776,173.258,172.134,171.393,44.24,44.47,44.37,45.72,44.84,43.9,530.7,45.5,2.1,5,9,1444,3,2.08,24.4,69.5,25.0
060C26A683466039G1,AGM60_G1,1,2026-01-18,179.299,180.694,179.902,182.064,179.269,179.846,45.42,44.65,45.61,45.78,44.72,43.72,543.9,34.8,2.05,6,9,1491,4,2.09,22.2,64.6,31.0
060C26B451178076G1,AGM60_G1,5,2026-02-10,173.866,179.555,179.748,181.656,173.689,170.921,42.49,44.1,43.03,45.18,44.37,45.43,538.6,50.2,2.06,7,7,1332,4,2.11,27.6,60.3,27.6
060C26B796618243G1,AGM60_G1,4,2026-02-21,184.71,177.137,176.528,180.596,176.191,177.728,44.84,43.07,43.05,46.29,44.75,42.19,528.6,47.0,2.02,4,9,1237,3,2.11,21.9,68.3,26.8
060C26B638766820G1,AGM60_G1,3,2026-02-09,178.512,177.618,180.319,186.166,183.46,178.274,46.06,44.58,43.77,44.85,46.47,43.9,540.9,34.2,2.02,1,15,1529,3,2.11,24.9,73.7,29.3
060C26B304303202G1,AGM60_G1,2,2026-02-09,170.378,182.897,179.008,174.848,180.208,177.893,45.99,45.33,43.09,43.04,43.32,45.33,561.0,50.8,2.02,6,7,1807,3,2.14,25.8,70.3,25.4
060C26B106872773G1,AGM60_G1,2,2026-02-04,186.141,185.687,184.939,185.177,185.001,185.769,43.71,46.81,42.62,45.35,44.85,43.51,540.7,33.8,2.04,6,13,1484,1,2.07,22.4,66.2,24.0
060C26B185495603G1,AGM60_G1,4,2026-02-04,181.366,182.256,180.578,180.593,179.765,180.993,44.1,45.79,44.72,46.58,45.78,46.97,540.8,30.2,2.08,4,14,1207,4,2.07,25.9,69.6,26.3
060C26B936181521G1,AGM60_G1,3,2026-02-20,177.533,177.38,178.546,178.993,179.318,176.641,46.15,44.18,44.04,45.17,45.36,44.48,546.5,41.6,2.04,5,13,1567,1,2.13,24.5,63.7,19.8
060C26B427102893G1,AGM60_G1,2,2026-02-20,182.027,183.77,182.853,191.444,191.185,186.111,44.71,46.01,46.24,46.15,43.88,45.41,557.9,47.6,2.04,5,10,2540,3,2.08,25.9,64.4,26.4
060C26B143215812G1,AGM60_G1,3,2026-02-10,183.822,179.665,177.98,181.397,181.447,181.837,44.1,45.2,44.55,45.19,43.36,45.9,553.9,36.8,2.04,8,17,1394,4,2.07,25.8,65.8,28.5
060C26B591325726G1,AGM60_G1,4,2026-02-10,174.944,178.856,171.942,178.826,180.087,183.747,45.77,43.34,44.16,45.86,44.8,45.67,541.7,39.2,2.04,5,13,2064,5,2.14,23.9,68.3,27.3
060C26B210386518G1,AGM60_G1,4,2026-02-12,179.7,177.853,179.692,184.741,176.185,179.493,44.0,46.27,44.78,44.24,44.15,46.03,532.0,48.8,2.04,6,12,1366,4,2.11,24.0,61.8,25.6
060C26B063358814G1,AGM60_G1,3,2026-02-15,181.766,184.523,175.992,188.975,182.523,182.829,46.95,44.32,44.33,44.44,44.96,45.08,528.7,42.2,2.14,6,18,1714,3,2.14,21.5,65.1,22.1
060C26B728665686G1,AGM60_G1,3,2026-02-14,181.762,181.085,184.391,174.419,172.514,177.015,44.13,44.2,46.61,46.06,43.67,44.45,561.2,42.5,2.05,1,6,1565,3,2.09,23.0,67.7,27.8
060C26C475182841G1,AGM60_G1,3,2026-03-27,178.145,179.016,181.268,177.067,180.68,175.185,44.61,44.44,45.06,43.43,45.3,44.23,515.1,44.2,2.04,5,13,1829,3,2.12,22.5,67.7,29.3
060C26C227778555G1,AGM60_G1,3,2026-03-13,182.888,184.174,183.515,184.603,183.665,183.708,43.66,44.76,45.06,44.92,44.04,44.26,534.1,30.4,2.1,6,12,1595,4,2.08,24.1,70.8,27.2
060C26C657339022G1,AGM60_G1,3,2026-03-27,182.356,179.08,186.698,183.997,178.795,185.103,46.8,46.01,44.25,42.57,45.64,45.01,528.5,52.7,2.03,5,11,2067,4,2.11,23.5,67.4,26.1
060C26C848244899G1,AGM60_G1,4,2026-03-17,184.099,182.073,184.83,183.26,182.735,174.849,43.49,44.97,43.59,46.05,45.18,44.41,533.5,41.2,2.09,7,14,1810,3,2.08,26.8,71.2,23.0
060C26C355802839G1,AGM60_G1,2,2026-03-15,191.748,194.211,186.325,190.489,190.562,191.253,45.54,45.54,43.2,45.52,44.37,45.56,551.7,35.9,2.05,3,10,1791,1,2.16,25.4,69.8,27.8
060C26C990723120G1,AGM60_G1,3,2026-03-11,177.761,180.153,184.109,180.018,181.248,175.024,45.61,46.25,44.02,45.13,44.08,45.53,539.9,51.9,2.03,2,11,1675,2,2.08,30.0,66.1,22.5
060C26C764191691G1,AGM60_G1,2,2026-03-26,179.795,183.289,180.901,183.682,182.636,183.163,43.35,47.32,44.6,44.94,43.86,46.48,536.2,47.2,2.05,3,10,1790,4,2.15,24.5,60.0,30.6
060C26C159552791G1,AGM60_G1,3,2026-03-01,177.163,179.889,173.925,183.749,179.314,178.137,47.91,45.03,46.77,46.32,45.45,46.58,537.1,46.3,2.06,4,20,2067,3,2.1,24.0,67.6,24.0
060C26C968590951G1,AGM60_G1,3,2026-03-10,177.081,177.27,175.77,178.195,173.137,172.602,45.92,44.1,45.1,47.35,44.77,44.14,528.4,41.4,2.11,4,10,1997,3,2.11,23.4,67.4,22.6
060C26C542000584G1,AGM60_G1,3,2026-03-20,177.267,179.242,166.846,168.126,173.553,165.672,45.88,44.39,45.99,44.72,45.88,46.27,532.5,48.0,2.03,5,9,1650,1,2.07,27.3,66.1,25.9
060C26C998172655G1,AGM60_G1,3,2026-03-16,172.762,174.036,178.694,178.304,180.043,174.807,44.88,45.36,45.25,44.54,43.88,44.18,533.6,37.4,2.06,2,16,1188,3,2.12,23.7,67.3,24.0
060C26C068939091G1,AGM60_G1,3,2026-03-13,181.442,184.025,180.769,182.277,182.004,185.996,42.93,46.43,45.66,45.57,44.98,45.01,558.6,50.4,2.08,6,15,2004,2,2.14,24.1,65.3,25.2
060C26C124383689G1,AGM60_G1,3,2026-03-07,180.606,178.678,177.487,179.306,183.12,182.931,44.55,46.99,44.91,44.79,44.93,44.94,530.7,39.2,2.08,3,13,2102,2,2.09,21.2,69.8,24.7
060C26D578198268G1,AGM60_G1,1,2026-04-01,173.283,177.064,173.146,175.234,177.955,172.777,46.72,44.65,44.28,46.34,45.01,44.6,550.0,36.1,2.06,8,10,2187,4,2.11,24.0,73.3,20.6
060C26D860009532G1,AGM60_G1,3,2026-04-27,184.123,176.344,180.797,178.295,180.387,182.715,44.22,45.9,44.57,45.44,46.05,46.5,543.8,50.6,2.09,9,11,1565,4,2.11,20.4,61.6,25.8
060C26D178150373G1,AGM60_G1,3,2026-04-06,173.231,176.244,175.129,172.56,174.695,173.467,45.41,45.5,44.48,45.57,44.97,44.64,552.7,48.5,2.02,2,13,1364,5,2.11,25.6,64.5,23.9
060C26D044690733G1,AGM60_G1,3,2026-04-25,172.796,178.616,181.284,178.108,176.275,173.649,45.67,44.72,43.9,45.43,44.47,44.24,536.1,50.8,2.04,2,6,1055,2,2.14,21.2,60.0,23.2
060C26D574149339G1,AGM60_G1,3,2026-04-13,179.452,184.5,192.056,187.56,182.943,183.506,45.56,44.25,43.83,44.58,44.77,44.51,530.6,43.1,2.04,6,9,2353,3,2.16,26.6,68.1,19.1
060C26D117806690G1,AGM60_G1,1,2026-04-15,176.265,174.887,183.347,174.194,179.076,178.335,44.44,45.52,44.73,44.81,45.26,46.4,542.2,38.3,2.02,6,8,2033,3,2.1,21.1,70.4,29.5
060C26D381075786G1,AGM60_G1,4,2026-04-20,176.955,177.722,176.636,171.655,175.885,176.434,43.77,43.05,44.63,45.26,45.63,44.79,531.5,35.6,2.05,7,7,1812,3,2.13,18.4,71.1,27.9
060C26D477274566G1,AGM60_G1,5,2026-04-11,175.272,179.295,182.432,171.481,175.101,176.015,45.16,47.11,46.18,46.23,44.84,44.59,533.2,46.7,2.08,5,10,1982,4,2.09,24.4,73.6,24.1
060C26D506813344G1,AGM60_G1,4,2026-04-09,175.197,184.768,176.815,174.351,170.225,174.97,45.69,46.68,47.36,44.85,43.96,46.57,536.2,50.7,2.09,4,9,2100,4,2.1,21.9,67.5,20.7
060C26D664234965G1,AGM60_G1,1,2026-04-14,188.555,192.673,185.149,179.625,185.878,183.292,43.43,43.51,44.71,45.24,45.53,42.86,528.7,44.5,2.04,2,9,1462,1,2.12,24.2,72.6,25.5
060C26D649759678G1,AGM60_G1,4,2026-04-12,180.479,182.863,179.524,185.384,183.086,183.864,44.82,45.58,45.38,45.87,45.27,44.04,526.0,47.5,2.04,7,10,1688,3,2.12,23.1,66.1,24.1
060C26D246259966G1,AGM60_G1,4,2026-04-01,175.016,174.103,173.038,172.556,173.253,171.982,42.09,44.5,45.8,44.69,47.11,45.06,546.9,37.1,2.06,6,15,1931,4,2.1,23.6,70.5,27.2
060C26D392583621G1,AGM60_G1,3,2026-04-02,180.981,180.584,175.916,179.976,182.292,178.07,44.77,45.44,46.4,44.68,45.65,45.84,530.8,32.3,2.01,4,11,1145,4,2.14,23.5,72.6,24.3
060C26E667147692G1,AGM60_G1,4,2026-05-22,181.474,179.131,176.236,180.948,180.366,180.608,46.7,45.2,43.94,45.75,44.03,44.88,543.2,31.5,2.05,6,12,2077,2,2.12,26.5,64.6,21.8
060C26E826729729G1,AGM60_G1,3,2026-05-27,180.509,179.685,181.886,182.276,181.578,177.272,42.73,44.74,45.67,45.03,43.95,46.9,550.9,40.8,2.02,5,7,1711,2,2.1,26.7,68.0,19.7
060C26E563909452G1,AGM60_G1,4,2026-05-02,185.127,186.515,187.077,186.044,185.35,188.646,44.34,43.9,43.33,44.43,45.38,43.46,551.3,49.3,2.04,9,15,1791,3,2.06,21.7,66.9,29.2
060C26E269514026G1,AGM60_G1,4,2026-05-03,178.074,180.208,178.141,180.182,180.101,176.744,44.99,44.68,45.49,43.88,43.41,46.14,547.0,38.5,2.1,5,13,1706,2,2.05,29.7,67.3,31.0
060C26E383962228G1,AGM60_G1,4,2026-05-12,183.022,176.824,183.417,181.189,180.574,173.635,44.2,48.26,44.9,43.58,44.55,43.84,540.1,44.2,2.05,6,11,2082,3,2.09,22.7,65.7,25.5
060C26E222406839G1,AGM60_G1,2,2026-05-12,179.001,179.588,177.167,177.643,177.186,181.581,45.45,45.09,43.97,44.76,46.93,45.02,523.8,31.3,2.0,5,8,1678,2,2.12,30.8,71.6,28.5
060C26E586882313G1,AGM60_G1,3,2026-05-03,169.23,168.209,172.528,166.59,169.875,170.895,43.66,45.53,46.13,45.51,44.81,45.86,537.7,52.4,2.05,6,5,1772,3,2.06,22.0,65.9,24.1
060C26E625363596G1,AGM60_G1,1,2026-05-01,178.135,179.926,182.961,179.833,179.153,177.523,45.44,45.68,44.75,46.39,45.34,45.73,539.7,38.0,2.03,6,6,2063,3,2.13,25.4,68.9,29.2
060C26E215814947G1,AGM60_G1,2,2026-05-06,179.917,174.826,173.881,174.224,181.162,173.842,44.25,45.52,44.88,44.77,43.85,44.71,521.0,46.1,2.07,5,6,1895,4,2.12,24.3,66.0,26.4
060C26E103091385G1,AGM60_G1,3,2026-05-05,183.699,178.071,186.057,186.505,186.102,180.502,44.32,46.68,47.03,44.98,46.1,45.44,550.3,52.9,1.97,4,1,1743,2,2.09,29.8,65.0,26.6
060C26E663404218G1,AGM60_G1,3,2026-05-03,183.558,186.337,190.149,189.849,183.837,193.876,43.04,45.73,45.65,44.93,44.83,43.87,524.9,51.0,2.06,7,10,2299,5,2.1,25.3,65.4,26.1
060C26E732103279G1,AGM60_G1,3,2026-05-12,179.856,177.957,184.309,182.479,179.147,178.014,45.59,43.85,45.73,44.19,46.58,44.08,532.1,41.4,2.05,3,8,2162,5,2.14,33.9,67.2,21.3
060C26E432844593G1,AGM60_G1,4,2026-05-22,182.588,178.989,180.641,181.382,181.282,180.63,47.82,44.48,44.14,45.44,46.62,45.19,556.6,41.8,2.06,1,13,1673,3,2.14,27.0,65.4,25.0
060C26F390970163G1,AGM60_G1,2,2026-06-26,184.248,191.382,184.259,187.048,188.775,188.846,43.45,43.1,44.91,45.74,46.69,44.19,538.6,34.5,2.01,8,13,1552,3,2.11,27.9,68.3,30.0
060C26F786574588G1,AGM60_G1,3,2026-06-25,178.428,171.169,177.597,181.241,176.862,176.668,47.32,46.52,45.85,44.09,45.98,45.79,542.1,45.5,2.01,4,4,2216,2,2.09,29.8,70.9,19.9
060C26F212933346G1,AGM60_G1,4,2026-06-23,179.744,180.691,177.151,181.751,180.243,179.454,45.35,44.7,45.82,43.94,45.84,45.18,548.3,41.4,2.02,3,9,1447,4,2.06,30.3,70.2,25.8
060C26F221711590G1,AGM60_G1,3,2026-06-23,175.619,178.95,184.022,175.071,186.095,186.006,46.34,46.14,44.34,45.59,45.32,44.54,544.3,44.2,2.05,2,6,2108,4,2.08,23.3,69.0,28.4
060C26F723445848G1,AGM60_G1,3,2026-06-27,181.347,178.886,182.195,183.67,179.716,180.46,44.79,43.35,44.43,43.76,45.55,43.15,536.4,35.1,2.06,7,10,1976,2,2.07,25.3,65.0,25.6
060C26F471197163G1,AGM60_G1,2,2026-06-26,185.233,187.111,184.076,187.506,181.16,188.402,46.38,45.77,44.14,45.24,44.47,45.89,526.6,43.5,2.06,5,9,2062,4,2.1,21.7,70.5,27.8
060C26F345755051G1,AGM60_G1,4,2026-06-09,183.357,179.1,184.048,180.219,186.774,186.494,46.17,44.96,42.98,45.19,45.57,45.35,549.5,50.5,2.02,5,8,2100,4,2.09,23.3,64.1,27.2
060C26F129203957G1,AGM60_G1,2,2026-06-12,178.117,176.524,176.321,175.325,176.945,176.707,44.46,44.77,45.74,44.99,47.72,44.97,543.3,28.7,2.07,6,14,1711,5,2.11,28.3,64.0,24.7
060C26F309082082G1,AGM60_G1,3,2026-06-03,180.918,173.89,180.63,173.732,182.765,177.125,46.91,46.22,43.78,45.07,44.36,46.5,531.5,54.6,2.06,5,8,1510,2,2.14,22.6,64.7,20.3
060C26F599668476G1,AGM60_G1,3,2026-06-16,186.108,183.448,183.348,176.281,180.927,186.306,44.78,46.92,44.82,45.5,43.63,44.22,532.5,53.5,1.96,6,13,1715,4,2.07,21.0,66.0,23.2
060C26F859267482G1,AGM60_G1,4,2026-06-27,183.323,177.355,177.85,178.453,177.979,181.753,45.45,44.5,46.57,46.03,43.22,45.56,554.3,49.6,2.08,1,7,1564,4,2.06,23.5,66.5,23.2
060C26F440142454G1,AGM60_G1,4,2026-06-20,188.053,180.073,182.928,181.357,183.984,189.33,47.04,46.28,43.28,46.31,44.63,44.04,561.5,50.8,2.06,1,11,1749,3,2.05,24.0,64.6,28.6
060C26F190223202G1,AGM60_G1,5,2026-06-14,179.446,180.473,177.712,178.437,177.924,180.057,43.68,43.66,45.45,46.02,42.87,45.05,540.8,35.2,2.03,6,6,1009,4,2.1,26.9,68.5,28.3
060C26G320083095G1,AGM60_G1,2,2026-07-24,180.513,180.821,183.882,186.26,184.846,184.602,45.43,44.83,45.07,45.51,44.35,45.2,540.5,37.2,2.07,4,9,1901,2,2.09,27.6,64.3,24.5
060C26G237392038G1,AGM60_G1,3,2026-07-23,177.938,171.219,174.467,179.945,177.829,179.072,43.41,44.94,46.03,45.12,43.66,44.31,548.5,52.3,2.0,6,15,2254,1,2.07,20.6,61.9,22.1
060C26G478375211G1,AGM60_G1,2,2026-07-26,180.242,175.082,175.819,176.06,179.401,175.337,45.92,43.98,45.06,43.25,45.7,47.06,547.2,39.9,2.05,4,8,1472,4,2.09,24.9,73.9,20.8
060C26G804136159G1,AGM60_G1,2,2026-07-20,181.483,182.554,177.016,182.449,177.805,180.845,45.3,45.17,44.75,44.6,43.72,46.07,544.5,45.6,2.02,5,16,1616,4,2.07,23.7,65.1,23.1
060C26G976647726G1,AGM60_G1,3,2026-07-09,175.501,174.035,175.41,174.207,175.245,178.159,44.78,44.37,46.54,42.47,42.98,44.82,544.8,49.6,2.06,10,4,1635,3,2.17,24.6,69.6,23.3
060C26G500143870G1,AGM60_G1,2,2026-07-20,180.829,181.777,177.235,184.472,175.657,182.507,44.18,45.15,45.22,43.26,44.06,43.08,550.8,42.7,2.07,2,19,2024,2,2.09,20.5,66.5,28.6
060C26G749534195G1,AGM60_G1,4,2026-07-11,175.122,175.791,176.475,175.306,178.043,178.016,44.11,44.24,45.67,44.95,45.1,44.69,537.7,38.2,2.04,7,9,1311,3,2.07,27.4,63.0,24.8
060C26G778546047G1,AGM60_G1,4,2026-07-15,179.446,177.76,184.176,175.288,179.507,176.989,45.31,43.77,43.44,44.15,44.46,44.98,536.6,46.4,2.1,7,13,1102,3,2.07,24.8,67.4,25.1
060C26G541047984G1,AGM60_G1,4,2026-07-12,185.947,183.288,186.005,185.613,184.365,184.503,44.27,42.53,44.72,45.81,45.13,43.99,536.6,45.2,2.01,6,6,2079,1,2.09,19.5,70.3,26.0
060C26G673174471G1,AGM60_G1,3,2026-07-05,182.609,183.278,183.314,183.794,184.224,185.675,44.08,45.16,46.37,44.56,45.7,45.55,542.5,38.5,2.06,4,6,1954,4,2.09,24.8,65.0,24.7
060C26G821670651G1,AGM60_G1,3,2026-07-23,175.577,181.546,179.623,180.701,184.552,181.31,44.27,42.95,45.31,43.87,47.79,44.89,521.7,36.2,2.04,6,9,2256,3,2.14,25.3,71.0,27.3
060C26G373859315G1,AGM60_G1,2,2026-07-10,182.892,183.679,182.365,182.718,183.497,186.028,45.94,44.9,45.0,43.43,43.38,45.3,534.6,43.9,2.01,6,8,1072,4,2.13,25.9,72.5,23.8
060C26G602960478G1,AGM60_G1,3,2026-07-08,184.376,182.762,183.06,187.513,181.757,183.087,46.92,43.63,43.34,43.76,43.11,44.81,553.5,28.5,2.06,1,9,1883,4,2.12,23.2,73.5,22.9
060C26H976290927G1,AGM60_G1,3,2026-08-19,181.029,180.983,176.441,179.85,175.754,177.502,44.59,45.93,45.1,43.52,44.84,45.39,534.8,42.1,2.07,6,14,1459,1,2.07,20.5,67.8,24.1
060C26H604404695G1,AGM60_G1,3,2026-08-13,175.852,178.53,176.617,169.129,167.941,165.102,42.79,44.05,45.87,45.14,45.97,45.65,547.9,44.4,2.05,3,8,1943,4,2.09,25.3,70.0,23.5
060C26H991375786G1,AGM60_G1,1,2026-08-14,178.443,186.857,180.193,178.553,184.324,178.682,44.61,44.78,46.04,45.2,44.82,45.72,549.9,48.6,2.04,6,8,1944,5,2.07,23.0,67.5,21.6
060C26H097032345G1,AGM60_G1,1,2026-08-19,174.195,175.677,177.339,169.262,172.137,171.796,45.41,43.3,47.69,46.14,43.93,44.53,518.1,34.9,2.02,4,4,2300,4,2.07,23.1,69.1,24.9
060C26H930931306G1,AGM60_G1,4,2026-08-08,183.6,180.409,184.835,183.161,182.316,177.765,43.94,47.06,43.71,43.67,44.5,43.18,531.8,44.8,2.08,7,10,1835,3,2.1,24.1,64.3,21.8
060C26H619627592G1,AGM60_G1,4,2026-08-23,184.058,182.491,180.743,184.161,181.206,187.611,46.02,47.04,44.56,45.86,46.63,44.92,548.7,44.7,2.07,10,11,1521,1,2.15,27.0,60.0,23.6
060C26H829084954G1,AGM60_G1,2,2026-08-23,180.692,180.266,182.259,180.307,183.008,184.191,46.66,45.09,45.14,44.97,44.84,46.0,524.5,41.3,2.04,5,20,1998,2,2.05,25.2,69.0,19.0
060C26H700278217G1,AGM60_G1,2,2026-08-26,185.731,173.775,183.767,179.792,183.8,179.975,46.24,44.31,44.14,43.26,45.01,45.63,548.7,46.1,2.1,3,15,1946,2,2.09,28.8,66.8,22.4
060C26H635975186G1,AGM60_G1,4,2026-08-17,183.882,179.206,185.245,178.846,178.506,180.45,46.01,44.07,46.69,44.3,44.38,44.14,555.3,52.3,2.04,4,12,1531,3,2.08,22.8,69.9,24.3
060C26H544015820G1,AGM60_G1,4,2026-08-17,181.756,176.539,179.345,175.913,179.88,175.659,43.61,44.74,45.03,44.25,46.51,44.45,527.0,42.5,2.04,3,10,2310,1,2.11,24.7,63.8,27.4
060C26H002154836G1,AGM60_G1,1,2026-08-05,177.442,177.032,183.989,177.061,175.041,176.837,45.06,43.93,44.84,44.83,44.73,46.13,545.3,34.1,1.99,3,16,2125,4,2.03,23.8,65.5,20.8
060C26H247553302G1,AGM60_G1,2,2026-08-02,178.484,175.179,180.509,180.977,179.645,184.037,43.62,45.39,45.3,44.3,42.54,45.1,554.7,33.2,2.12,6,12,1470,2,2.14,26.3,64.1,25.1
060C26H805693957G1,AGM60_G1,2,2026-08-06,179.29,176.774,182.361,179.228,180.462,179.478,45.22,44.02,44.77,44.48,44.02,44.6,536.5,39.9,2.04,5,9,1326,3,2.12,23.6,67.4,24.4
060C26I221498032G1,AGM60_G1,3,2026-09-10,178.9,178.966,177.839,180.971,176.64,180.247,45.78,43.84,44.52,45.71,43.71,43.34,529.9,47.2,2.05,6,12,1836,3,2.09,22.0,64.4,22.6
060C26I767243207G1,AGM60_G1,3,2026-09-18,181.586,182.254,181.477,178.253,183.521,182.664,44.3,46.64,44.87,46.72,46.62,44.76,542.5,45.2,2.11,7,7,1715,4,2.14,24.8,72.1,21.4
060C26I785948236G1,AGM60_G1,5,2026-09-03,185.416,178.678,178.924,179.403,178.055,177.175,44.48,46.18,44.94,43.31,43.86,45.52,524.8,37.7,2.04,8,11,2161,5,2.15,28.3,67.2,29.9
060C26I782576844G1,AGM60_G1,1,2026-09-06,182.815,186.229,178.562,191.589,180.065,185.89,45.07,44.46,45.22,45.8,46.76,45.18,560.8,40.2,2.05,2,6,1608,2,2.11,24.3,66.4,21.3
060C26I872102983G1,AGM60_G1,1,2026-09-12,170.721,177.71,176.106,173.759,176.224,179.243,45.28,45.6,45.5,45.52,44.15,43.65,539.2,47.3,2.02,6,16,1909,3,2.08,33.0,71.4,19.8
060C26I104457381G1,AGM60_G1,3,2026-09-09,184.037,177.902,180.886,176.845,177.669,175.816,44.82,43.49,46.05,45.48,46.57,45.13,536.4,43.5,2.01,8,3,1823,3,2.12,25.2,67.2,31.7
060C26I939213775G1,AGM60_G1,5,2026-09-26,181.068,187.773,181.975,183.536,185.01,182.328,44.17,45.91,43.94,44.29,45.78,45.99,538.2,43.3,2.05,3,7,1757,3,2.1,20.8,68.9,25.6
060C26I794641810G1,AGM60_G1,1,2026-09-13,184.709,185.049,183.732,185.937,184.203,180.764,44.78,43.76,45.52,45.14,42.34,44.81,569.6,36.7,2.09,6,16,1867,1,2.05,23.7,66.1,20.3
060C26I313454156G1,AGM60_G1,3,2026-09-18,178.075,179.009,185.732,181.911,179.323,176.086,46.42,43.68,46.01,44.64,44.59,46.92,545.8,45.1,2.14,5,8,1883,3,2.07,26.0,63.5,24.9
060C26I627443758G1,AGM60_G1,2,2026-09-09,181.649,178.958,182.037,182.783,180.286,182.455,45.13,44.38,44.44,45.14,46.1,44.1,557.5,30.9,2.02,4,5,1740,3,2.07,22.0,68.3,26.2
060C26I129116458G1,AGM60_G1,4,2026-09-05,186.582,189.148,186.549,179.878,188.569,184.288,46.23,42.92,43.82,45.43,46.09,44.74,517.5,45.5,2.03,5,5,1356,4,2.13,21.7,70.1,29.9
060C26I838189159G1,AGM60_G1,2,2026-09-26,172.222,175.339,175.685,176.076,173.423,174.77,44.47,46.04,44.26,44.73,44.04,43.85,548.5,41.4,2.05,7,12,1849,4,2.11,28.9,65.2,24.9
060C26I977132532G1,AGM60_G1,4,2026-09-08,175.307,179.946,176.461,173.395,181.561,177.891,44.28,45.83,43.9,44.79,45.19,43.59,541.7,46.7,2.03,8,13,1988,5,2.11,29.9,73.4,23.1
060C26J887966279G1,AGM60_G1,3,2026-10-26,177.735,169.404,175.753,176.356,175.647,177.573,45.56,46.85,43.65,42.64,46.16,44.57,539.1,48.7,2.06,6,11,1921,3,2.13,21.7,67.2,20.9
060C26J123481057G1,AGM60_G1,2,2026-10-07,180.33,181.545,183.775,181.219,185.364,182.793,44.84,44.06,43.65,44.99,42.86,44.71,534.3,35.4,2.02,8,10,2470,3,2.12,24.3,67.2,22.8
060C26J375450400G1,AGM60_G1,3,2026-10-14,181.217,181.673,178.243,182.121,185.11,182.208,46.74,45.83,46.26,43.61,44.13,44.51,540.2,47.4,2.02,7,8,1961,6,2.06,25.9,64.8,27.9
060C26J814221233G1,AGM60_G1,5,2026-10-21,180.169,187.278,187.729,177.494,172.897,181.668,45.7,44.52,47.16,46.36,44.89,44.98,537.4,56.5,2.1,5,11,1760,3,2.11,24.7,62.1,24.0
060C26J555521825G1,AGM60_G1,3,2026-10-07,178.042,181.354,176.929,175.824,175.101,173.526,44.72,45.55,45.16,45.04,43.96,45.38,548.3,46.3,2.02,4,12,1762,1,2.09,22.2,65.6,21.3
060C26J101730132G1,AGM60_G1,4,2026-10-04,178.695,182.133,178.199,182.916,180.72,180.79,45.07,45.68,44.24,46.29,45.58,44.51,531.4,39.6,2.07,3,12,1939,3,2.09,24.9,66.4,23.7
060C26J537340591G1,AGM60_G1,5,2026-10-03,185.043,187.098,185.76,188.572,178.196,188.72,44.4,46.99,46.4,46.63,44.7,45.93,540.7,43.8,2.07,7,14,1696,2,2.05,25.5,71.0,28.0
060C26J850956755G1,AGM60_G1,5,2026-10-20,175.344,175.503,174.558,181.27,172.554,177.673,45.81,44.42,44.73,44.47,47.2,44.39,535.5,46.7,2.07,6,6,2064,2,2.05,26.9,66.2,25.0
060C26J830359231G1,AGM60_G1,3,2026-10-05,183.257,178.513,188.27,186.433,184.868,181.153,44.96,44.18,44.83,45.91,45.69,44.1,555.6,44.3,2.0,1,8,2071,3,2.09,22.3,67.4,27.6
060C26J652767978G1,AGM60_G1,1,2026-10-20,174.449,173.144,172.694,172.082,173.619,176.314,46.06,46.18,45.78,44.13,46.3,44.2,527.9,38.8,2.03,10,6,1790,4,2.15,25.6,68.1,29.2
060C26J196747959G1,AGM60_G1,4,2026-10-01,181.619,184.408,185.498,181.921,183.788,179.81,43.75,45.61,45.24,46.21,46.54,44.13,557.3,47.4,2.02,3,8,2198,4,2.05,21.6,60.0,24.4
060C26J590545752G1,AGM60_G1,4,2026-10-10,177.274,176.836,179.407,177.412,176.824,178.808,45.65,47.21,45.01,44.41,46.15,46.49,532.0,36.2,2.03,6,18,1744,2,2.05,27.9,68.0,30.3
060C26J779139305G1,AGM60_G1,4,2026-10-13,180.147,181.692,180.917,178.813,181.361,180.719,45.11,46.29,45.6,45.25,45.18,43.61,541.7,37.9,2.03,6,8,1373,3,2.09,22.5,64.9,24.9
060C26K014659815G1,AGM60_G1,2,2026-11-21,176.42,173.519,174.604,167.993,167.54,171.113,45.69,44.4,44.83,46.51,44.26,45.47,524.3,39.6,2.08,2,9,1436,3,2.09,26.2,74.9,25.7
060C26K800152751G1,AGM60_G1,5,2026-11-17,185.452,184.254,183.819,187.891,183.101,185.112,45.91,45.05,46.18,44.12,42.92,46.94,541.8,37.9,2.04,3,11,1597,5,2.11,28.5,66.6,23.7
060C26K963625265G1,AGM60_G1,4,2026-11-04,181.953,175.204,177.752,179.0,178.68,178.858,43.77,45.8,45.12,45.0,46.18,44.8,557.1,35.9,2.06,3,9,1925,2,2.12,28.5,72.4,26.9
060C26K025248278G1,AGM60_G1,3,2026-11-10,183.548,180.696,181.161,183.201,184.064,181.41,45.45,43.81,46.27,45.38,45.9,44.54,542.7,44.2,2.03,9,5,1975,3,2.1,21.9,65.1,22.0
060C26K950455809G1,AGM60_G1,2,2026-11-18,176.732,178.398,176.839,179.167,174.426,188.41,42.29,45.71,45.81,45.31,45.44,44.11,547.3,46.0,2.03,6,3,1989,2,2.03,28.1,70.9,28.0
060C26K839264860G1,AGM60_G1,2,2026-11-23,179.404,177.304,176.915,179.311,178.818,183.915,45.12,44.25,44.45,43.78,45.76,44.27,520.7,33.2,2.07,4,3,1250,3,2.09,24.0,65.8,26.3
060C26K412567838G1,AGM60_G1,3,2026-11-10,182.27,178.693,176.786,177.897,182.515,181.749,44.87,44.74,43.88,45.27,44.89,44.04,532.3,38.7,2.01,7,13,1755,4,2.1,23.6,61.0,27.0
060C26K523366262G1,AGM60_G1,4,2026-11-04,183.165,186.515,178.996,183.855,179.01,184.463,43.48,45.38,45.3,42.89,46.34,44.0,562.0,52.3,2.05,4,13,1628,1,2.06,25.6,68.0,29.1
060C26K478268868G1,AGM60_G1,2,2026-11-03,180.189,176.922,182.376,184.934,186.746,189.623,47.16,45.93,45.8,45.86,43.83,44.21,527.1,48.7,2.01,5,11,1571,3,2.1,26.9,63.9,21.9
060C26K320844245G1,AGM60_G1,3,2026-11-01,184.289,183.98,183.997,183.756,189.673,185.115,45.25,43.78,44.31,44.99,46.01,44.23,534.0,46.5,2.08,6,6,1846,4,2.12,28.1,61.2,25.2
060C26K608083047G1,AGM60_G1,3,2026-11-04,184.745,183.409,182.323,183.821,185.306,183.832,46.22,44.49,44.99,46.74,45.79,44.34,532.4,50.2,2.06,2,11,2381,2,2.13,19.8,67.4,25.6
060C26K441014903G1,AGM60_G1,2,2026-11-20,174.41,177.048,182.042,184.41,180.767,180.934,46.04,44.65,45.83,44.43,45.59,44.95,540.1,44.4,2.04,10,15,1922,2,2.13,28.4,66.9,28.0
060C26K894932609G1,AGM60_G1,2,2026-11-26,178.831,178.766,176.281,182.117,176.862,179.337,45.21,43.82,46.92,43.19,45.45,44.62,515.1,39.3,2.06,7,11,1562,4,2.07,26.6,66.6,22.6
060C26L404556541G1,AGM60_G1,3,2026-12-09,171.509,176.056,176.679,173.812,171.461,175.454,43.4,46.7,46.45,43.74,46.76,44.48,527.0,56.2,2.08,3,13,1798,2,2.08,29.4,62.1,25.8
060C26L360366180G1,AGM60_G1,1,2026-12-10,178.561,181.176,181.802,180.311,179.133,177.55,44.24,42.9,44.25,45.41,46.2,44.89,538.2,34.0,2.03,6,12,1856,2,2.06,27.4,66.6,22.9
060C26L922949489G1,AGM60_G1,4,2026-12-13,184.711,180.643,184.454,184.873,183.701,188.231,46.16,45.85,46.2,45.16,45.04,41.75,547.0,33.4,2.09,8,9,1848,2,2.13,27.2,69.8,25.7
060C26L317578427G1,AGM60_G1,3,2026-12-20,184.539,183.723,183.281,182.846,180.759,180.329,44.76,44.73,46.64,45.26,45.48,43.82,561.1,39.8,2.06,5,8,1694,1,2.1,26.6,65.7,27.2
060C26L165802213G1,AGM60_G1,2,2026-12-03,179.531,184.295,168.99,180.169,176.624,177.586,45.22,44.6,46.63,45.63,44.47,45.67,540.9,55.0,2.04,5,10,1835,4,2.01,24.5,68.2,24.8
060C26L866611474G1,AGM60_G1,5,2026-12-19,183.483,179.514,182.743,177.952,181.852,182.684,45.99,45.65,45.72,47.54,43.59,46.03,522.3,47.6,2.03,4,5,1724,2,2.12,28.5,63.1,27.3
060C26L736639980G1,AGM60_G1,4,2026-12-14,184.381,177.352,175.846,182.231,180.575,176.318,46.14,44.84,42.86,43.09,45.94,46.13,562.0,57.7,2.04,7,12,1453,4,2.11,24.4,65.1,25.8
060C26L660911106G1,AGM60_G1,2,2026-12-21,180.301,186.14,182.419,182.403,180.613,179.541,45.65,45.79,47.68,46.57,45.24,46.03,526.6,43.1,2.0,6,13,1950,2,2.09,24.4,63.1,24.9
060C26L798292203G1,AGM60_G1,3,2026-12-11,173.394,169.875,176.102,177.489,172.737,173.078,45.99,45.71,44.63,46.03,45.1,44.06,546.2,37.5,2.04,7,13,1503,3,2.11,24.6,69.5,22.2
060C26L034927220G1,AGM60_G1,1,2026-12-23,178.05,181.442,180.618,182.704,180.797,179.7,43.32,44.59,44.65,45.8,44.06,45.28,543.7,42.0,2.07,10,16,1723,4,2.11,28.8,75.0,25.4
060C26L378051580G1,AGM60_G1,2,2026-12-23,176.035,176.998,181.985,177.706,178.119,176.601,47.26,45.91,44.71,44.07,45.21,43.97,538.9,43.8,2.03,2,12,2063,1,2.11,22.3,65.1,19.6
060C26L538686862G1,AGM60_G1,3,2026-12-07,188.244,192.223,187.159,190.448,185.014,190.029,45.14,42.66,46.36,44.39,44.12,45.46,532.0,42.2,2.04,4,12,1914,1,2.11,30.6,68.2,24.9
060C26L796500759G1,AGM60_G1,3,2026-12-04,179.972,179.435,179.733,177.98,180.216,178.725,44.32,46.55,44.96,44.61,45.23,46.74,539.7,31.4,2.08,5,7,1865,1,2.17,24.5,67.5,26.7
060C26A881705982H1,AGM60_H1,2,2026-01-10,178.237,176.804,179.322,176.957,176.04,177.465,44.62,45.35,45.06,45.16,43.86,46.22,542.1,39.8,2.04,5,14,1726,2,2.13,23.3,68.5,27.3
060C26A236276226H1,AGM60_H1,2,2026-01-06,185.857,177.658,180.043,184.481,178.006,180.502,45.13,45.24,44.28,46.39,45.42,44.39,549.5,35.6,2.04,5,8,1871,2,2.08,22.0,70.9,22.9
060C26A775034109H1,AGM60_H1,5,2026-01-19,181.243,181.752,180.419,182.096,186.102,181.273,44.5,43.34,44.88,44.29,45.6,45.28,547.8,37.0,1.98,10,13,1822,2,2.11,26.5,70.3,28.2
060C26A959405111H1,AGM60_H1,3,2026-01-16,182.597,175.569,182.669,185.622,181.413,174.726,44.35,45.07,45.16,45.99,42.2,45.1,538.9,43.7,2.08,2,7,1106,2,2.13,22.0,73.8,25.7
060C26A744199275H1,AGM60_H1,4,2026-01-16,188.147,190.031,184.069,189.261,188.91,181.199,43.72,45.33,42.3,45.74,45.36,45.5,539.1,47.7,2.05,4,4,1962,2,2.09,24.1,68.7,24.3
060C26A622741902H1,AGM60_H1,3,2026-01-11,183.141,179.459,178.999,179.588,183.035,179.317,44.21,43.89,44.17,44.73,44.45,45.81,535.9,42.9,2.01,7,20,1979,4,2.05,28.4,67.4,26.4
060C26A221817068H1,AGM60_H1,1,2026-01-24,173.361,181.511,182.378,179.113,186.434,177.201,43.12,45.01,43.59,45.68,45.06,44.45,545.0,45.5,2.02,4,9,1046,3,2.1,27.0,67.2,29.5
060C26A689207902H1,AGM60_H1,1,2026-01-19,181.463,180.648,183.257,181.85,184.459,185.095,45.26,43.73,46.63,43.81,45.39,44.17,543.2,39.0,2.05,4,6,1666,3,2.03,29.5,69.8,25.4
060C26A155656532H1,AGM60_H1,4,2026-01-02,169.553,175.415,172.289,174.375,186.312,177.192,45.22,45.94,45.08,46.61,42.81,45.28,536.0,48.3,2.1,9,9,1559,3,2.11,30.0,60.0,22.1
060C26A760913464H1,AGM60_H1,3,2026-01-27,182.055,165.558,174.529,175.54,176.211,176.082,44.23,44.49,45.26,44.61,44.82,45.03,538.5,53.1,2.04,3,2,1560,3,2.05,21.7,64.1,23.8
060C26A950054418H1,AGM60_H1,3,2026-01-03,181.26,183.885,184.036,184.74,181.043,186.378,45.37,45.1,46.07,44.5,43.56,43.38,548.8,43.8,2.05,7,7,1543,2,2.07,28.8,64.4,29.5
060C26A455378837H1,AGM60_H1,2,2026-01-14,183.985,182.43,178.123,182.446,180.841,182.989,45.75,43.92,44.52,43.84,44.24,44.66,543.3,41.3,2.03,7,3,1556,3,2.12,25.5,67.6,27.7
060C26A842975513H1,AGM60_H1,2,2026-01-24,178.697,185.557,182.866,177.307,183.753,184.436,44.91,44.4,44.48,46.22,45.43,42.66,542.3,44.9,2.1,1,13,1738,3,2.11,27.9,65.8,25.3
060C26B649762737H1,AGM60_H1,3,2026-02-09,180.156,173.362,180.956,184.043,186.345,185.719,45.2,42.74,45.34,44.77,44.63,43.77,545.7,47.6,2.03,7,12,1642,2,2.17,28.9,67.5,19.2
060C26B293329771H1,AGM60_H1,3,2026-02-27,175.926,170.714,174.426,173.002,176.829,173.864,46.15,44.64,45.88,46.29,45.69,43.81,554.9,40.1,1.99,6,3,1837,5,2.09,27.0,68.2,23.0
060C26B524548139H1,AGM60_H1,3,2026-02-24,183.714,183.448,181.11,185.351,181.35,182.669,43.88,46.02,43.66,45.63,45.8,46.9,550.0,52.2,2.09,6,12,1304,5,2.12,25.2,65.5,26.4
060C26B117989958H1,AGM60_H1,1,2026-02-18,181.645,181.578,188.538,179.338,179.542,187.727,45.41,44.19,46.42,45.95,46.59,45.86,528.0,45.8,2.02,3,10,1527,2,2.07,22.9,71.1,24.4
060C26B281835761H1,AGM60_H1,3,2026-02-13,176.812,176.685,176.401,175.526,177.026,176.262,44.48,45.79,43.68,43.94,44.52,45.57,526.9,37.2,2.08,3,8,1729,3,2.08,27.5,66.3,22.3
060C26B749427591H1,AGM60_H1,4,2026-02-21,182.66,182.973,183.226,183.368,180.638,182.872,47.6,44.83,47.45,46.86,44.8,46.35,547.9,34.6,2.03,7,9,2131,2,2.13,19.5,71.6,24.7
060C26B284695966H1,AGM60_H1,3,2026-02-17,178.507,179.552,181.174,175.199,175.093,179.208,45.46,43.74,46.53,44.45,45.6,45.13,543.0,43.9,2.02,5,3,1860,3,2.07,24.1,69.0,26.3
060C26B830572233H1,AGM60_H1,4,2026-02-08,179.303,177.858,177.252,179.993,175.765,178.153,44.52,46.35,44.73,45.35,47.51,47.96,572.8,33.1,2.06,6,8,2016,2,2.08,25.6,69.9,23.8
060C26B396928543H1,AGM60_H1,3,2026-02-19,179.713,177.079,177.436,176.627,175.115,173.387,45.39,43.9,46.01,44.47,46.14,45.85,544.4,52.5,2.09,5,5,1709,3,2.08,23.9,65.2,21.9
060C26B964355136H1,AGM60_H1,5,2026-02-10,178.08,175.872,181.627,179.597,182.893,182.285,45.23,44.08,44.49,45.46,44.82,46.04,538.9,35.0,2.05,6,8,1617,4,2.11,21.5,63.6,24.2
060C26B372287692H1,AGM60_H1,3,2026-02-26,182.889,182.852,181.052,180.063,177.839,181.611,44.91,46.06,43.51,45.21,44.92,46.73,541.0,46.9,2.07,4,13,1671,3,2.16,24.5,66.0,29.6
060C26B229836732H1,AGM60_H1,3,2026-02-07,188.335,192.246,189.387,190.783,185.89,192.493,45.15,44.89,46.62,44.65,44.05,45.2,528.3,46.3,2.06,3,5,2102,2,2.06,24.9,64.9,25.2
060C26B146904053H1,AGM60_H1,3,2026-02-24,186.873,181.604,183.176,183.297,184.188,184.346,43.98,44.18,45.21,44.84,45.78,46.31,546.4,51.4,2.07,7,8,1725,3,2.08,24.5,60.0,23.2
060C26C871677165H1,AGM60_H1,2,2026-03-27,176.148,177.747,173.404,181.299,187.597,178.909,45.14,45.1,44.5,47.24,44.93,44.3,555.6,53.7,2.05,3,7,1454,3,2.13,24.3,64.7,25.5
060C26C716097316H1,AGM60_H1,3,2026-03-08,177.296,174.324,179.191,181.748,168.386,173.168,44.35,45.88,45.72,43.04,46.87,45.82,547.4,47.9,2.04,5,1,2103,3,2.08,26.3,68.1,30.0
060C26C212376818H1,AGM60_H1,4,2026-03-27,184.766,178.763,180.666,184.195,181.384,184.907,45.19,44.97,47.14,43.49,43.49,43.53,542.3,48.4,2.04,4,11,1702,5,2.12,26.6,60.0,24.5
060C26C641645340H1,AGM60_H1,1,2026-03-12,176.593,183.307,183.927,178.156,180.771,181.429,44.29,44.56,44.15,45.82,43.45,44.11,543.0,50.2,2.02,4,15,2082,2,2.1,26.6,67.2,24.1
060C26C774612712H1,AGM60_H1,1,2026-03-22,174.154,172.544,176.086,177.088,169.956,168.588,44.64,42.73,44.22,45.71,43.95,44.46,534.0,39.3,2.15,4,4,1938,4,2.09,23.0,62.9,21.1
060C26C658878627H1,AGM60_H1,2,2026-03-20,174.57,176.973,173.735,178.802,176.257,173.87,46.07,45.42,45.17,43.62,43.96,46.23,531.5,43.9,2.1,5,7,1552,4,2.15,23.6,67.3,29.4
060C26C519550827H1,AGM60_H1,3,2026-03-14,176.245,173.596,177.167,179.557,185.533,175.767,44.85,46.27,44.56,45.25,45.75,43.36,537.6,49.9,2.03,7,17,1463,4,2.06,23.9,67.1,26.5
060C26C716189048H1,AGM60_H1,2,2026-03-08,181.682,182.621,179.663,184.067,184.345,185.053,44.01,45.6,45.41,44.47,47.65,47.86,529.8,37.2,2.05,1,12,1895,2,2.11,26.4,68.2,25.3
060C26C029383784H1,AGM60_H1,5,2026-03-19,180.578,179.294,180.742,183.917,184.72,183.005,46.36,44.0,45.98,44.75,45.27,43.63,540.1,41.1,2.05,8,5,2218,2,2.08,20.7,69.8,22.0
060C26C321149673H1,AGM60_H1,3,2026-03-12,173.884,170.786,173.877,173.32,173.083,170.737,44.62,43.3,46.6,45.44,45.83,45.1,542.5,33.5,2.06,4,15,2097,5,2.08,28.7,72.3,24.4
060C26C662651134H1,AGM60_H1,2,2026-03-25,184.699,180.03,184.017,182.515,177.071,179.552,44.67,44.97,44.11,45.21,44.64,44.62,536.8,38.1,2.05,3,8,1430,2,2.1,22.7,65.9,24.6
060C26C592572696H1,AGM60_H1,4,2026-03-15,182.114,179.836,179.979,181.904,184.272,181.692,45.29,46.4,43.98,46.47,44.52,48.02,536.1,45.8,2.01,4,18,1861,3,2.13,29.0,67.5,25.3
060C26C859349438H1,AGM60_H1,4,2026-03-10,179.441,182.0,181.489,180.256,182.272,180.939,44.47,45.54,45.65,44.78,45.76,45.13,545.4,47.7,2.07,5,13,2096,2,2.1,28.4,64.0,22.6
060C26D937729856H1,AGM60_H1,3,2026-04-11,177.866,181.16,180.44,179.062,178.034,179.549,45.08,43.56,45.92,44.88,43.49,43.87,531.7,50.3,2.01,8,7,1972,3,2.13,26.1,60.0,21.1
060C26D720764650H1,AGM60_H1,2,2026-04-27,182.248,183.006,183.935,183.879,191.061,185.064,44.16,45.36,46.71,43.75,45.01,45.22,538.4,36.4,2.04,6,13,1981,4,2.1,26.1,70.5,24.7
060C26D931207969H1,AGM60_H1,2,2026-04-07,180.927,181.821,178.705,184.779,182.908,188.29,45.82,45.8,45.35,45.67,43.54,45.29,545.8,45.9,2.09,2,14,1465,2,2.12,23.8,60.0,21.7
060C26D447874429H1,AGM60_H1,2,2026-04-14,184.274,183.869,183.083,188.142,187.783,186.417,45.07,44.2,46.7,45.9,46.19,43.27,539.9,41.0,2.01,5,11,1921,2,2.12,29.4,67.2,21.7
060C26D817811278H1,AGM60_H1,3,2026-04-06,175.458,185.494,175.258,175.405,183.232,171.722,46.36,44.88,44.76,44.12,45.94,45.91,518.8,31.4,2.03,6,6,1863,2,2.09,25.9,68.6,28.3
060C26D451781037H1,AGM60_H1,2,2026-04-27,171.953,173.708,181.426,175.832,176.674,174.375,46.23,44.76,44.27,43.98,44.83,45.27,529.0,46.9,2.06,6,1,2186,4,2.04,21.8,73.4,23.6
060C26D751251430H1,AGM60_H1,2,2026-04-23,179.068,181.408,179.201,183.923,182.265,179.903,44.62,45.47,45.15,45.28,43.65,44.88,553.9,59.1,2.05,3,10,1666,1,2.06,22.4,60.0,27.0
060C26D509944696H1,AGM60_H1,3,2026-04-09,169.826,176.901,177.997,180.246,171.397,176.881,45.13,47.04,46.79,44.34,44.43,45.63,557.1,46.5,2.05,5,2,1781,3,2.09,25.7,69.3,33.6
060C26D897661938H1,AGM60_H1,2,2026-04-10,183.788,195.159,185.502,194.012,184.083,180.215,45.65,43.88,45.76,46.2,45.53,44.88,533.0,42.9,2.01,4,5,2258,4,2.12,23.7,66.6,26.6
060C26D040415298H1,AGM60_H1,4,2026-04-14,183.09,183.259,186.161,183.886,185.128,183.706,45.46,45.54,47.42,45.19,45.43,44.74,551.2,39.1,2.09,5,16,1700,2,2.09,20.6,68.7,30.4
060C26D192266174H1,AGM60_H1,3,2026-04-16,182.765,186.406,186.888,184.14,178.825,188.382,45.17,43.95,45.07,45.08,45.43,44.3,531.3,43.4,2.08,5,9,1929,4,2.12,21.3,68.4,27.7
060C26D880711713H1,AGM60_H1,3,2026-04-01,183.075,176.902,181.925,177.622,179.715,176.966,45.09,44.73,44.56,43.36,44.54,42.91,556.4,38.3,2.04,6,11,1519,3,2.07,26.0,65.5,29.9
060C26D238581145H1,AGM60_H1,3,2026-04-20,181.982,183.433,182.752,181.746,186.586,184.132,45.26,45.13,45.26,45.56,43.95,47.53,540.8,31.1,2.12,5,9,1895,4,2.06,28.5,71.1,25.2
060C26E212990209H1,AGM60_H1,3,2026-05-05,186.111,180.433,182.35,186.947,185.051,181.67,45.29,44.72,45.2,44.04,44.63,44.11,538.2,40.0,2.0,3,10,1672,3,2.09,24.2,68.6,29.4
060C26E756435022H1,AGM60_H1,3,2026-05-24,177.064,175.699,171.841,167.135,173.165,173.42,44.75,45.25,45.66,44.13,44.69,45.78,537.5,45.4,2.04,6,11,1684,5,2.14,26.8,71.1,27.3
060C26E191572741H1,AGM60_H1,3,2026-05-16,185.599,179.542,180.451,184.798,181.366,181.819,44.52,44.91,47.39,44.83,45.37,45.75,550.1,46.6,2.08,7,9,1941,3,2.07,22.6,67.1,22.1
060C26E927616262H1,AGM60_H1,2,2026-05-12,178.782,181.922,184.14,179.35,183.823,181.709,44.96,44.97,45.89,45.82,44.7,44.93,528.9,37.9,2.05,5,9,1599,2,2.08,23.7,68.9,25.1
060C26E042036344H1,AGM60_H1,2,2026-05-13,177.211,187.318,184.665,184.754,181.235,178.134,45.31,45.19,45.08,44.71,44.76,44.56,524.7,40.2,2.03,3,10,1424,4,2.07,27.2,68.0,23.1
060C26E729165129H1,AGM60_H1,4,2026-05-27,175.852,172.424,183.132,171.349,171.008,180.418,44.95,44.88,43.98,44.21,45.35,44.15,527.9,38.2,2.04,7,4,1885,3,2.17,29.6,66.0,24.1
060C26E165030275H1,AGM60_H1,1,2026-05-23,178.11,179.488,180.895,180.746,180.057,179.549,46.55,43.76,43.56,43.9,45.77,43.19,553.6,24.8,2.02,1,9,2251,4,2.14,20.6,71.1,27.0
060C26E372843868H1,AGM60_H1,2,2026-05-23,177.292,174.02,178.068,180.868,175.188,174.729,44.0,44.48,45.58,46.73,44.24,44.41,562.8,46.0,2.03,5,5,1974,3,2.12,24.0,62.2,22.8
060C26E315374029H1,AGM60_H1,2,2026-05-03,178.506,175.78,180.557,182.385,174.417,180.197,44.56,44.94,46.71,45.2,43.87,45.09,532.4,45.8,2.04,7,7,1061,3,2.11,28.6,66.3,28.4
060C26E965163996H1,AGM60_H1,2,2026-05-13,176.338,177.36,184.603,182.709,178.055,176.534,43.31,44.29,44.75,43.62,44.04,44.19,525.3,41.4,2.02,4,12,1975,3,2.07,24.1,70.2,21.7
060C26E211241229H1,AGM60_H1,3,2026-05-07,181.503,178.824,179.216,181.967,181.489,179.77,45.53,46.62,43.01,44.19,46.56,44.64,555.8,39.8,2.14,6,8,1524,2,2.08,23.9,64.1,24.5
060C26E971831382H1,AGM60_H1,4,2026-05-19,188.114,177.891,175.745,175.709,179.697,175.598,43.18,45.58,44.41,45.28,46.45,44.29,539.9,50.6,2.05,5,14,1939,3,2.11,28.4,71.1,23.4
060C26E640353732H1,AGM60_H1,4,2026-05-05,181.873,173.196,180.295,174.735,175.897,178.648,45.04,46.05,45.65,44.36,43.7,45.32,534.1,42.7,2.08,6,13,2181,4,2.1,22.3,73.2,24.7
060C26F927073002H1,AGM60_H1,2,2026-06-16,176.573,170.187,172.852,182.32,175.456,177.114,44.2,44.49,44.65,46.51,44.24,44.41,558.7,49.9,2.05,3,18,1972,5,2.07,25.2,65.4,25.2
060C26F485863671H1,AGM60_H1,4,2026-06-21,179.655,175.672,180.497,186.289,186.195,188.176,45.78,45.03,43.88,45.78,41.8,46.74,546.4,54.9,2.07,6,15,1193,4,2.07,20.8,66.1,25.4
060C26F208127320H1,AGM60_H1,2,2026-06-06,183.962,180.518,180.94,182.872,180.696,185.909,45.35,45.47,46.14,46.58,45.64,44.93,541.3,41.9,2.02,8,13,1834,3,2.07,22.8,63.2,26.5
060C26F268498777H1,AGM60_H1,3,2026-06-18,183.606,179.84,172.276,170.285,180.846,172.187,45.15,44.77,44.43,46.3,43.81,45.86,544.4,53.7,2.07,6,8,2121,4,2.08,24.7,65.7,27.5
060C26F463436157H1,AGM60_H1,3,2026-06-13,177.886,179.61,180.923,178.058,178.453,179.205,44.79,45.53,43.5,43.64,45.8,44.86,530.9,39.3,2.04,6,10,1822,3,2.12,28.3,68.5,31.1
060C26F497778341H1,AGM60_H1,2,2026-06-20,183.05,181.606,179.981,178.791,183.201,180.179,44.87,46.19,45.6,45.47,44.22,44.57,536.5,35.6,2.01,9,9,1872,3,2.1,30.3,64.7,24.3
060C26F310144615H1,AGM60_H1,4,2026-06-26,173.067,167.586,172.948,175.442,178.989,170.737,44.34,44.9,46.62,46.34,45.23,45.74,539.3,45.9,2.09,7,9,2043,2,2.1,20.9,68.5,26.5
060C26F847111736H1,AGM60_H1,4,2026-06-12,182.8,183.377,180.996,187.984,181.762,183.137,45.68,45.31,45.18,44.29,45.68,44.93,554.5,48.1,2.06,5,5,2309,5,2.13,27.7,66.1,23.4
060C26F843784155H1,AGM60_H1,3,2026-06-08,171.31,176.727,174.967,177.404,175.518,176.652,44.1,45.26,45.73,45.06,44.77,43.47,533.7,44.0,2.11,2,7,1553,2,2.05,19.8,63.9,20.2
060C26F798497606H1,AGM60_H1,2,2026-06-14,182.494,182.31,182.492,184.192,183.652,184.58,45.88,44.32,45.86,45.65,46.7,43.58,552.0,41.0,2.02,5,16,1664,4,2.16,21.0,68.4,21.8
060C26F244576469H1,AGM60_H1,3,2026-06-18,178.768,177.949,182.771,174.988,179.394,181.157,43.84,45.58,46.05,44.64,44.18,43.91,554.0,38.0,2.05,6,16,1738,3,2.1,26.7,67.6,19.4
060C26F517472388H1,AGM60_H1,2,2026-06-20,178.496,175.662,176.962,180.055,175.664,174.173,45.73,45.35,43.99,43.85,46.62,45.52,535.8,43.9,2.09,5,10,2320,3,2.08,21.9,62.0,22.3
060C26F114772182H1,AGM60_H1,4,2026-06-11,174.883,182.715,169.75,173.623,180.224,174.203,45.23,44.71,45.2,44.27,45.01,45.42,517.2,53.1,2.08,6,7,1389,2,2.12,27.2,68.2,26.8
060C26G454558426H1,AGM60_H1,4,2026-07-01,176.836,181.496,174.455,174.71,180.79,181.493,44.74,43.85,46.71,45.21,45.65,44.76,537.0,41.2,2.06,7,10,2180,4,2.09,16.9,69.3,21.4
060C26G185663174H1,AGM60_H1,2,2026-07-26,184.339,189.605,184.774,181.383,179.858,187.157,43.4,45.16,44.19,44.98,45.13,46.16,539.8,48.3,2.08,6,7,1703,3,2.11,26.7,63.1,21.2
060C26G837457355H1,AGM60_H1,4,2026-07-09,187.156,180.262,177.326,171.864,173.833,174.633,45.56,42.74,44.27,44.15,43.94,43.86,553.5,38.8,2.08,7,7,1401,1,2.06,26.6,66.1,22.5
060C26G003634172H1,AGM60_H1,5,2026-07-12,179.242,175.758,173.354,177.745,179.15,178.893,46.0,46.11,46.0,45.62,44.28,44.98,547.6,39.9,2.05,4,9,1825,2,2.09,23.9,63.2,26.4
060C26G269369981H1,AGM60_H1,4,2026-07-03,175.211,172.54,175.154,178.037,180.448,173.444,45.3,44.5,44.15,46.11,46.45,44.84,532.8,40.8,2.05,7,9,1867,1,2.13,23.9,75.0,25.2
060C26G160459461H1,AGM60_H1,4,2026-07-25,173.303,175.437,172.682,169.039,173.277,170.446,44.9,44.93,44.65,46.41,44.37,45.04,553.4,35.3,2.05,6,12,1837,4,2.17,31.4,67.0,26.5
060C26G339369278H1,AGM60_H1,3,2026-07-10,172.91,171.744,173.189,178.079,175.475,174.605,44.28,45.62,44.6,44.69,44.22,43.99,528.9,36.5,2.03,5,16,1978,5,2.06,21.8,64.6,28.6
060C26G228261741H1,AGM60_H1,5,2026-07-09,183.033,183.349,184.286,182.658,183.869,183.5,45.99,45.04,44.26,44.1,45.55,44.6,524.2,41.1,2.02,4,13,1552,1,2.1,32.0,63.8,23.1
060C26G598308114H1,AGM60_H1,4,2026-07-07,178.457,178.336,181.577,174.609,181.065,184.497,46.82,45.05,44.12,44.24,44.29,46.5,523.1,42.8,2.05,4,13,1870,5,2.14,29.2,60.6,25.5
060C26G955303243H1,AGM60_H1,3,2026-07-01,176.128,177.744,177.173,177.076,177.361,177.612,44.87,45.71,45.47,45.48,44.5,45.73,557.1,47.4,2.05,7,15,1935,4,2.13,27.5,65.0,24.0
060C26G737820259H1,AGM60_H1,2,2026-07-14,178.332,177.692,180.367,179.445,176.122,175.62,44.3,45.08,46.1,44.78,44.42,43.11,532.0,33.9,2.05,4,8,2154,2,2.07,25.5,63.6,24.7
060C26G835765625H1,AGM60_H1,2,2026-07-15,181.812,184.511,173.304,174.674,183.6,184.767,45.22,44.6,46.03,45.44,45.13,45.34,530.3,59.7,2.03,8,11,1917,3,2.11,24.6,62.4,28.2
060C26G949765065H1,AGM60_H1,3,2026-07-06,186.989,184.632,183.162,184.064,184.123,180.362,46.11,46.14,42.23,42.78,45.13,44.05,542.2,46.7,2.06,1,2,2456,3,2.06,24.6,64.5,24.2
060C26H794752973H1,AGM60_H1,4,2026-08-27,174.026,182.36,173.55,177.175,178.951,176.18,44.71,46.66,44.58,44.63,43.33,45.79,548.6,44.5,2.02,5,11,2237,3,2.07,23.6,65.6,28.2
060C26H385182744H1,AGM60_H1,5,2026-08-06,183.051,181.01,179.572,180.667,179.371,182.017,45.52,45.41,44.34,45.4,43.3,45.0,537.2,45.1,2.0,5,10,1407,3,2.13,16.1,69.4,27.5
060C26H841864750H1,AGM60_H1,2,2026-08-05,181.267,179.651,184.661,179.758,182.674,182.703,44.95,43.24,43.25,45.69,43.74,44.98,553.2,51.0,2.06,7,16,1802,2,2.13,21.5,67.4,26.4
060C26H118453451H1,AGM60_H1,5,2026-08-22,177.213,179.862,178.952,181.528,184.586,183.831,44.27,45.11,45.1,45.19,44.52,44.33,526.3,45.6,2.03,4,5,1599,3,2.11,22.5,64.7,23.2
060C26H596387308H1,AGM60_H1,2,2026-08-12,184.893,182.399,186.141,183.059,183.626,181.454,44.59,44.64,44.17,45.14,43.98,43.51,537.3,35.6,2.04,6,7,1584,3,2.09,26.9,72.1,19.0
060C26H479773027H1,AGM60_H1,3,2026-08-15,181.386,173.894,179.277,176.423,177.875,177.571,44.38,44.36,45.42,45.37,47.15,44.11,533.8,42.2,2.04,4,16,1763,3,2.06,21.6,65.8,26.8
060C26H039878284H1,AGM60_H1,3,2026-08-05,184.659,177.146,174.719,184.309,188.202,181.061,44.82,44.73,45.98,45.56,46.4,44.69,567.3,41.3,2.06,1,16,2015,3,2.12,26.4,68.5,28.6
060C26H662281025H1,AGM60_H1,2,2026-08-25,184.692,183.045,188.86,188.013,187.521,182.688,44.24,46.07,45.89,43.15,44.15,44.71,535.3,42.9,2.04,5,7,1400,2,2.15,31.4,70.3,30.4
060C26H566949659H1,AGM60_H1,3,2026-08-24,176.806,177.761,181.833,179.942,177.649,179.719,44.57,45.27,45.36,46.16,45.34,44.88,537.2,29.5,2.03,4,11,1660,3,2.07,27.3,70.3,24.1
060C26H412570843H1,AGM60_H1,4,2026-08-18,177.528,183.69,179.619,178.144,184.08,181.214,48.0,45.13,43.7,45.49,44.67,47.22,547.6,51.8,2.08,7,15,2323,2,2.12,20.7,63.7,34.8
060C26H652152738H1,AGM60_H1,2,2026-08-23,180.011,180.328,178.877,180.842,179.12,179.328,44.85,44.3,42.89,45.15,46.09,45.33,552.7,36.9,2.06,4,6,1655,3,2.05,20.7,66.5,32.3
060C26H372242695H1,AGM60_H1,3,2026-08-10,178.106,178.544,186.119,187.493,189.985,185.407,46.18,45.57,43.99,43.84,45.78,43.71,538.3,37.1,2.06,2,2,1639,3,2.11,25.4,69.9,25.6
060C26H763237400H1,AGM60_H1,4,2026-08-26,172.83,178.579,177.785,177.233,178.332,178.058,44.67,44.95,45.61,44.72,46.59,44.94,570.2,44.5,2.08,3,6,1887,2,2.1,25.3,61.9,26.7
060C26I158438917H1,AGM60_H1,3,2026-09-25,162.223,172.273,178.407,176.324,181.62,182.488,45.0,44.12,44.15,44.63,46.01,45.61,538.0,45.1,2.05,8,10,1415,4,2.12,25.3,66.1,22.6
060C26I559130583H1,AGM60_H1,5,2026-09-20,181.918,182.031,185.005,185.846,181.993,184.732,44.96,43.63,43.39,45.81,44.44,44.38,536.4,38.5,2.06,1,8,1728,2,2.05,23.7,63.4,26.4
060C26I232550144H1,AGM60_H1,3,2026-09-25,177.681,176.145,177.042,176.838,178.353,177.713,46.29,43.26,46.04,43.54,45.53,44.27,566.1,32.4,2.02,5,13,1985,3,2.14,19.9,63.7,26.1
060C26I652670690H1,AGM60_H1,3,2026-09-03,187.751,183.295,188.792,186.519,183.058,184.185,47.52,46.51,44.17,45.03,44.64,45.72,535.8,45.6,2.02,1,9,1604,2,2.14,24.7,66.7,23.3
060C26I303813490H1,AGM60_H1,3,2026-09-06,178.128,176.364,176.538,179.487,178.325,180.448,44.56,46.36,43.42,45.89,45.62,43.34,551.0,43.2,2.06,7,9,1876,2,2.08,26.1,69.7,32.4
060C26I434067589H1,AGM60_H1,4,2026-09-06,186.486,178.49,186.156,183.107,182.427,180.677,44.17,44.86,45.54,43.98,45.87,46.02,521.3,41.5,2.04,9,16,1707,2,2.11,23.8,67.6,20.9
060C26I295074947H1,AGM60_H1,5,2026-09-04,177.607,171.419,178.161,171.323,177.418,171.708,43.33,45.39,44.53,44.37,44.39,44.27,539.4,51.4,2.04,8,12,2129,4,2.09,28.6,66.3,19.0
060C26I103132438H1,AGM60_H1,5,2026-09-02,180.89,180.457,180.138,182.641,179.912,184.249,44.62,42.29,43.75,45.38,44.13,45.39,544.0,31.8,2.01,4,11,1560,4,2.15,26.6,68.1,24.1
060C26I798859896H1,AGM60_H1,3,2026-09-22,180.831,186.435,180.456,180.577,172.311,174.238,46.57,44.28,45.1,44.02,44.86,45.31,548.3,51.7,2.09,4,14,1964,3,2.11,25.3,60.0,26.7
060C26I950900784H1,AGM60_H1,3,2026-09-23,183.247,185.32,186.643,187.427,184.413,183.815,45.96,44.43,43.53,45.46,45.08,44.26,542.2,49.0,2.03,6,6,2094,3,2.14,29.3,64.1,24.0
060C26I192701011H1,AGM60_H1,3,2026-09-10,173.22,176.202,175.012,173.598,173.851,174.421,48.09,45.87,45.03,45.33,45.95,43.54,528.3,26.0,2.09,3,6,1797,3,2.07,26.9,67.0,25.0
060C26I934314607H1,AGM60_H1,3,2026-09-06,171.508,169.695,171.098,168.452,167.99,173.57,44.04,43.16,46.25,44.53,45.08,44.35,554.4,49.1,2.02,3,7,1869,3,2.13,24.9,68.2,24.7
060C26I294389048H1,AGM60_H1,1,2026-09-12,184.006,185.237,184.378,184.113,182.572,182.58,45.81,44.89,46.03,44.67,43.9,45.75,543.7,37.0,1.99,4,10,1663,3,2.06,24.6,75.0,22.6
060C26J043025701H1,AGM60_H1,4,2026-10-24,181.717,182.745,182.209,185.746,183.015,183.498,44.83,46.87,45.81,44.0,46.43,45.63,537.6,41.2,2.04,2,20,1659,2,2.09,22.8,64.8,26.8
060C26J221407210H1,AGM60_H1,4,2026-10-17,177.251,185.726,180.643,188.702,170.805,172.877,45.89,44.63,45.59,45.01,44.11,44.57,538.0,48.9,2.02,4,10,1480,2,2.07,23.6,71.7,23.9
060C26J373195252H1,AGM60_H1,4,2026-10-23,185.255,190.544,186.715,183.155,186.096,184.828,45.59,45.74,45.15,45.99,45.47,44.28,541.2,38.4,2.07,7,13,1792,3,2.09,28.0,66.5,28.6
060C26J960363226H1,AGM60_H1,4,2026-10-16,186.711,184.856,189.472,185.008,189.779,185.326,44.39,45.82,44.23,45.74,44.95,43.89,545.5,57.6,2.08,4,10,2312,3,2.09,25.4,61.1,30.4
060C26J109435187H1,AGM60_H1,4,2026-10-18,181.45,188.111,180.474,179.915,188.214,183.314,43.24,45.46,43.86,44.03,44.17,44.33,537.9,42.1,2.04,2,9,1779,3,2.11,24.2,64.7,22.5
060C26J187234534H1,AGM60_H1,3,2026-10-19,185.911,186.686,183.752,176.99,183.696,183.976,45.61,45.36,44.14,47.22,42.78,45.78,539.4,43.3,2.04,4,15,1965,4,2.11,26.5,67.4,24.2
060C26J779469393H1,AGM60_H1,2,2026-10-03,184.542,181.896,181.878,182.688,184.661,183.4,45.66,45.41,44.22,44.23,46.68,45.46,547.2,30.9,2.05,10,10,1857,3,2.11,30.1,64.9,21.6
060C26J101724057H1,AGM60_H1,3,2026-10-03,174.279,174.508,175.63,174.211,176.962,172.244,43.82,43.9,43.99,47.38,45.75,45.03,534.4,49.1,2.03,6,2,1994,2,2.09,22.3,69.7,22.0
060C26J363704827H1,AGM60_H1,4,2026-10-16,177.723,178.136,178.788,183.236,176.362,180.081,45.18,43.1,45.58,44.38,44.84,44.9,550.4,56.6,2.07,2,11,1143,3,2.11,23.0,60.0,30.3
060C26J387077853H1,AGM60_H1,3,2026-10-07,177.696,173.351,181.651,183.344,181.977,178.871,45.55,43.25,46.02,43.59,45.87,44.28,531.8,37.1,2.07,3,8,1759,3,2.08,22.2,65.4,20.7
060C26J397323432H1,AGM60_H1,1,2026-10-04,185.646,187.466,185.397,183.279,183.107,188.872,43.42,45.25,43.78,43.86,44.68,46.25,538.8,40.4,2.07,4,4,1597,4,2.15,24.7,75.0,24.8
060C26J622890182H1,AGM60_H1,1,2026-10-01,178.198,175.745,175.207,178.305,177.258,177.612,45.26,45.55,44.23,44.07,44.68,46.32,538.5,30.0,2.02,3,8,1424,3,2.1,29.2,68.9,20.6
060C26J839660633H1,AGM60_H1,3,2026-10-15,176.491,174.032,175.791,182.178,176.17,173.75,44.72,44.97,44.63,45.56,43.88,43.73,541.0,43.4,2.05,6,9,1539,3,2.11,25.1,66.8,27.4
060C26K637251614H1,AGM60_H1,3,2026-11-24,183.563,180.214,179.955,181.691,175.789,177.877,45.27,43.4,43.49,44.96,43.55,45.19,539.1,48.7,2.01,4,9,2159,3,2.1,25.9,67.4,27.9
060C26K662202234H1,AGM60_H1,4,2026-11-20,183.7,183.543,183.513,185.933,183.267,187.446,44.24,44.8,45.87,45.85,45.48,44.0,561.4,41.6,1.99,3,11,1355,4,2.02,27.8,67.6,23.8
060C26K310886531H1,AGM60_H1,3,2026-11-13,187.284,182.246,190.299,188.62,177.555,182.345,46.28,43.27,45.88,44.93,44.55,43.73,538.4,47.1,2.13,3,6,1913,3,2.05,24.2,67.9,23.0
060C26K044239178H1,AGM60_H1,2,2026-11-04,189.074,175.326,179.147,192.647,187.953,186.498,45.17,45.19,44.41,47.11,43.04,46.74,571.2,50.2,2.08,5,13,1622,3,2.12,28.7,73.0,18.6
060C26K457163510H1,AGM60_H1,3,2026-11-09,180.328,179.382,177.097,178.604,178.132,176.094,44.92,45.17,45.95,46.97,43.31,43.84,539.6,35.7,2.03,3,7,1955,2,2.11,26.3,72.5,22.6
060C26K355564798H1,AGM60_H1,3,2026-11-11,186.79,184.351,185.168,172.506,179.935,187.596,45.88,46.13,43.98,45.65,45.47,45.38,542.5,49.2,2.11,6,1,1628,5,2.12,23.7,66.6,25.9
060C26K620059767H1,AGM60_H1,2,2026-11-20,181.457,188.644,186.478,188.447,179.278,182.885,45.81,45.57,44.16,47.2,45.19,45.23,540.2,49.6,2.05,6,12,2020,2,2.09,23.1,62.1,28.5
060C26K313437684H1,AGM60_H1,4,2026-11-27,176.848,179.206,184.011,176.953,177.819,187.95,44.68,45.6,47.08,46.15,45.45,46.15,527.3,46.5,2.06,8,12,1723,3,2.11,29.0,64.9,25.9
060C26K069000909H1,AGM60_H1,3,2026-11-09,180.445,182.545,174.186,185.281,178.0,181.182,44.24,44.51,45.3,46.21,46.01,44.32,542.1,51.5,2.08,5,10,1422,4,2.14,27.2,60.3,23.0
060C26K224330209H1,AGM60_H1,2,2026-11-04,179.357,179.516,179.324,183.348,185.205,183.147,44.29,45.98,44.4,44.33,44.15,43.69,534.3,34.1,2.02,3,9,1868,3,2.13,22.9,70.5,23.8
060C26K394957814H1,AGM60_H1,3,2026-11-24,180.813,184.487,184.648,186.135,182.178,179.346,43.75,44.4,45.69,45.06,45.54,43.74,521.7,42.1,2.02,7,8,1473,3,2.12,24.0,65.7,22.3
060C26K042869751H1,AGM60_H1,3,2026-11-19,179.543,178.682,179.503,179.788,179.354,176.385,46.79,45.01,43.61,44.07,45.74,43.82,508.3,38.9,2.03,6,11,2151,3,2.09,23.2,69.7,23.4
060C26K977830681H1,AGM60_H1,2,2026-11-20,185.289,187.599,182.276,185.208,189.535,183.804,43.33,46.84,45.41,46.0,45.02,45.2,561.6,41.4,2.03,6,12,1601,1,2.11,28.3,67.9,27.7
060C26L748499147H1,AGM60_H1,3,2026-12-23,185.214,189.25,190.236,190.095,185.31,183.775,44.58,44.65,46.09,45.7,44.64,44.54,558.9,48.7,2.06,6,8,1245,4,2.09,28.8,61.1,20.2
060C26L970621669H1,AGM60_H1,3,2026-12-22,175.717,186.306,180.588,184.525,180.934,186.035,43.77,43.7,46.3,44.81,44.76,44.31,539.8,41.3,2.03,8,14,1501,2,2.12,29.8,67.5,25.8
060C26L622578222H1,AGM60_H1,3,2026-12-12,181.124,174.354,177.695,178.424,170.627,181.69,44.68,42.31,44.47,45.1,46.46,44.25,510.1,32.3,2.08,6,5,2221,5,2.1,25.0,70.6,25.1
060C26L934229128H1,AGM60_H1,5,2026-12-22,185.691,179.851,178.409,178.066,179.477,178.646,44.94,45.22,45.8,45.06,45.39,44.73,539.4,43.0,2.0,9,15,1862,2,2.14,24.2,67.9,27.1
060C26L767396859H1,AGM60_H1,3,2026-12-01,171.966,173.282,181.327,172.934,176.98,175.238,44.05,45.61,45.9,46.0,44.63,45.31,526.4,45.0,2.04,6,7,1352,3,2.11,23.6,63.7,27.1
060C26L834927669H1,AGM60_H1,2,2026-12-27,186.672,187.359,184.688,181.713,183.352,181.265,44.36,47.32,44.61,46.26,44.54,45.28,513.3,48.3,2.06,5,9,2054,2,2.12,22.3,65.3,25.9
060C26L601700111H1,AGM60_H1,3,2026-12-27,175.917,174.578,175.442,175.632,173.11,174.736,46.37,46.31,44.38,46.7,45.25,44.51,547.9,38.4,2.03,2,13,1622,2,2.09,22.9,69.0,21.8
060C26L768010668H1,AGM60_H1,3,2026-12-03,188.043,172.158,180.316,178.329,182.818,173.226,45.83,44.46,45.88,44.28,44.01,43.73,536.4,52.1,2.04,8,8,1653,1,2.06,22.9,66.9,28.2
060C26L516067140H1,AGM60_H1,3,2026-12-14,172.893,175.555,172.614,175.2,179.509,174.605,45.42,45.33,45.7,46.56,46.44,43.66,527.6,47.7,2.12,3,8,1837,2,2.03,29.1,64.1,26.9
060C26L185957261H1,AGM60_H1,2,2026-12-22,184.885,180.332,183.11,177.812,183.891,180.173,45.53,46.85,45.78,44.89,43.25,43.13,548.8,47.6,2.08,7,1,1917,2,2.1,23.0,61.2,24.1
060C26L460160518H1,AGM60_H1,4,2026-12-02,192.873,182.728,196.388,177.267,183.673,187.345,44.6,44.39,46.51,44.55,44.69,44.22,530.3,50.8,2.06,9,7,1810,2,2.1,18.9,62.5,20.1
060C26L686584131H1,AGM60_H1,4,2026-12-02,183.523,182.122,186.518,182.338,183.347,185.685,44.74,46.42,44.14,46.1,46.03,46.92,547.1,41.3,2.04,3,13,2252,1,2.15,23.7,72.0,22.5
060C26L818971084H1,AGM60_H1,4,2026-12-14,173.91,173.414,171.319,173.152,174.391,172.831,45.05,44.4,46.56,44.28,45.96,44.91,550.7,48.6,2.08,5,13,1869,3,2.07,23.9,70.9,24.9
060C26A773603839S1,AGM60_S1,3,2026-01-08,188.258,178.813,187.57,181.747,186.094,185.254,45.78,45.18,44.77,44.18,45.94,43.22,550.4,42.7,2.02,5,11,2141,2,2.1,29.5,71.6,24.1
060C26A080000842S1,AGM60_S1,3,2026-01-18,179.669,175.888,178.684,171.858,175.226,171.658,45.59,45.41,45.25,44.36,43.74,45.04,541.7,44.9,2.03,4,14,1856,4,2.07,27.8,65.6,24.6
060C26A664148641S1,AGM60_S1,4,2026-01-19,182.857,183.71,182.821,184.03,182.014,185.322,46.04,45.32,47.04,44.4,45.21,45.11,545.7,45.9,2.07,7,5,2154,3,2.13,28.9,62.8,26.6
060C26A170313554S1,AGM60_S1,3,2026-01-06,177.627,177.895,178.446,177.16,177.85,177.022,45.04,46.19,46.2,45.66,45.98,44.84,526.1,35.4,2.08,4,7,1671,4,2.08,26.3,64.4,22.2
060C26A817212477S1,AGM60_S1,4,2026-01-05,183.079,177.02,179.889,178.356,166.769,184.457,44.93,45.59,46.58,44.22,45.19,46.95,526.1,46.8,2.01,4,12,1882,3,2.07,28.7,67.7,24.5
060C26A362268993S1,AGM60_S1,3,2026-01-09,188.699,182.325,183.915,186.383,184.689,182.466,44.51,45.61,43.83,44.09,42.98,44.97,526.4,43.1,2.07,4,9,1360,3,2.11,25.3,66.2,28.7
060C26A474092097S1,AGM60_S1,2,2026-01-08,177.013,181.794,176.413,189.227,184.14,180.277,45.22,46.03,45.41,44.98,44.13,47.6,540.1,54.5,2.1,6,14,1343,4,2.09,27.1,65.3,24.2
060C26A423283179S1,AGM60_S1,2,2026-01-19,183.682,186.196,179.562,186.523,186.071,183.981,47.12,46.19,45.74,44.41,44.47,45.96,530.9,44.1,2.12,7,6,2239,2,2.1,25.1,68.7,20.8
060C26A978037861S1,AGM60_S1,3,2026-01-03,182.343,179.541,185.1,183.33,184.832,181.71,45.48,44.72,46.11,45.6,44.03,44.96,538.5,55.1,2.05,2,8,1637,3,2.03,23.9,64.7,21.7
060C26A936630189S1,AGM60_S1,3,2026-01-24,173.456,183.62,172.192,169.35,169.584,175.93,44.88,44.09,45.07,46.06,44.66,46.45,556.1,48.0,2.07,2,17,1387,2,2.05,22.5,68.2,23.2
060C26A996623016S1,AGM60_S1,3,2026-01-02,182.937,182.1,186.943,179.852,181.918,183.299,44.2,46.39,43.88,44.16,44.13,44.89,549.5,50.0,2.06,6,4,2098,4,2.13,26.4,64.6,24.7
060C26A717797375S1,AGM60_S1,5,2026-01-16,173.072,177.37,168.868,174.723,175.864,173.157,44.78,43.55,45.51,45.22,45.03,45.9,547.4,46.2,2.01,8,7,1205,3,2.11,24.7,67.7,26.8
060C26A067501001S1,AGM60_S1,3,2026-01-13,180.431,176.163,174.597,175.48,177.529,177.254,45.07,44.56,45.39,44.26,44.96,44.15,536.2,41.8,2.08,6,12,2121,1,2.07,28.3,65.8,25.4
060C26B510723953S1,AGM60_S1,3,2026-02-13,173.756,171.152,173.61,167.433,180.092,175.874,44.59,44.12,46.23,45.9,45.94,44.31,543.5,38.0,2.05,4,8,1400,3,2.13,18.4,66.4,22.9
060C26B616494607S1,AGM60_S1,4,2026-02-09,181.977,173.163,180.854,176.77,181.152,178.907,45.49,46.96,45.1,45.98,46.46,43.63,552.4,51.5,2.02,5,7,1582,3,2.09,24.5,65.9,24.7
060C26B359846558S1,AGM60_S1,3,2026-02-04,175.024,179.537,181.769,175.687,173.356,173.815,46.18,44.39,45.93,44.93,44.35,44.28,551.0,34.8,2.07,5,16,1924,4,2.12,28.2,65.5,24.1
060C26B264273099S1,AGM60_S1,2,2026-02-11,182.441,182.727,185.043,177.088,179.22,178.539,45.69,44.65,44.96,45.96,44.73,45.61,541.5,50.5,2.06,4,9,2007,3,2.1,22.2,66.8,25.9
060C26B770372776S1,AGM60_S1,3,2026-02-05,179.617,178.151,179.361,180.594,177.453,182.352,44.65,44.73,46.22,45.05,45.74,44.73,539.9,38.0,2.02,5,10,2111,2,2.08,23.7,68.1,22.7
060C26B092826603S1,AGM60_S1,3,2026-02-17,175.771,176.113,177.39,179.038,176.674,178.168,45.51,46.85,44.69,45.41,44.26,43.03,529.4,34.7,2.11,7,9,2058,3,2.11,29.2,67.9,22.2
060C26B265233393S1,AGM60_S1,3,2026-02-23,179.596,176.016,178.209,183.152,174.658,178.991,46.07,43.77,43.41,45.79,44.92,43.69,549.4,44.8,2.05,8,9,2014,3,2.17,22.8,65.8,25.4
060C26B171500226S1,AGM60_S1,1,2026-02-23,184.074,180.933,184.77,182.44,183.34,181.821,44.93,44.7,45.1,44.54,44.64,44.88,526.5,47.9,2.03,3,10,1930,3,2.13,21.5,65.2,20.3
060C26B893772832S1,AGM60_S1,1,2026-02-20,177.427,171.499,176.95,180.041,178.913,175.406,44.11,44.77,44.33,46.14,44.51,46.1,563.1,52.2,2.06,4,13,1870,5,2.15,31.6,64.9,25.6
060C26B008531552S1,AGM60_S1,3,2026-02-24,183.493,179.853,182.492,183.651,184.58,175.72,44.4,43.67,43.66,45.72,44.02,45.4,550.6,41.4,2.07,1,13,1543,3,2.1,25.9,72.9,32.6
060C26B896642873S1,AGM60_S1,3,2026-02-07,186.524,187.72,189.107,188.75,188.552,187.906,46.06,46.09,45.52,44.13,45.52,44.38,548.2,45.8,2.08,4,6,2132,4,2.11,24.8,66.5,23.4
060C26B748407590S1,AGM60_S1,2,2026-02-05,175.563,168.83,178.782,180.269,171.681,174.498,44.86,45.91,45.02,45.11,43.6,45.96,548.4,48.7,1.98,5,6,1717,4,2.09,24.0,70.1,22.6
060C26B932489935S1,AGM60_S1,2,2026-02-11,194.164,191.102,185.41,184.036,187.288,185.211,42.82,45.72,43.9,45.1,45.6,44.73,552.1,51.1,2.02,4,11,1636,3,2.07,27.4,73.3,26.6
060C26C558642356S1,AGM60_S1,4,2026-03-14,177.7,178.347,186.723,187.618,184.422,183.961,45.23,46.91,45.6,46.17,44.89,46.25,543.3,48.2,2.08,9,3,1999,4,2.14,22.1,64.4,25.5
060C26C282741427S1,AGM60_S1,4,2026-03-14,179.815,178.148,184.166,187.521,177.491,184.144,45.1,44.43,44.38,44.09,46.43,45.88,548.9,42.9,2.03,4,7,1518,4,2.06,19.8,70.1,23.7
060C26C515408682S1,AGM60_S1,4,2026-03-20,185.491,180.992,181.352,180.991,180.88,182.776,44.58,43.83,45.29,48.23,46.0,44.42,543.6,35.8,2.08,5,4,1605,2,2.12,26.2,66.3,21.9
060C26C477384622S1,AGM60_S1,1,2026-03-22,179.116,179.996,180.141,177.955,178.179,179.033,45.33,44.73,44.39,45.66,45.81,43.51,508.1,28.7,2.05,2,16,2056,6,2.1,22.8,69.1,21.1
060C26C178912576S1,AGM60_S1,4,2026-03-23,190.937,184.662,178.54,185.834,184.014,184.165,46.21,45.51,45.4,45.48,44.79,43.57,561.3,50.5,2.07,2,12,1859,3,2.07,18.4,64.7,20.1
060C26C098500381S1,AGM60_S1,4,2026-03-08,179.14,182.987,178.3,181.248,183.212,181.502,46.73,44.87,45.88,44.39,45.58,42.88,543.4,44.3,1.99,6,8,1593,2,2.05,30.7,63.7,26.4
060C26C100456240S1,AGM60_S1,1,2026-03-10,179.471,182.319,181.371,174.533,167.043,183.05,44.13,46.47,44.25,43.64,44.38,45.2,538.4,46.4,2.06,5,9,1588,2,2.15,23.2,61.1,28.1
060C26C959768851S1,AGM60_S1,2,2026-03-10,178.387,176.695,178.582,176.915,175.008,177.706,46.18,44.25,44.35,45.73,43.94,43.54,548.2,41.0,2.13,2,13,1475,4,2.1,27.0,75.0,27.5
060C26C206619630S1,AGM60_S1,4,2026-03-05,177.849,181.05,178.655,176.549,181.702,179.072,43.85,44.28,45.67,44.89,45.15,43.63,543.6,36.2,2.05,4,10,1796,1,2.07,20.4,66.8,22.9
060C26C563600195S1,AGM60_S1,3,2026-03-14,177.691,178.224,177.571,177.895,180.788,178.448,45.43,45.83,44.43,44.39,43.5,44.32,559.8,57.2,2.04,6,17,1097,3,2.16,28.4,60.0,30.3
060C26C748530401S1,AGM60_S1,2,2026-03-05,187.235,194.741,197.193,192.699,185.017,183.675,45.51,43.24,45.77,45.56,44.67,45.26,550.7,55.4,2.01,8,11,2175,1,2.09,26.1,67.6,27.3
060C26C041297816S1,AGM60_S1,4,2026-03-19,182.936,184.423,184.339,184.365,186.047,184.317,44.75,46.4,44.67,45.42,45.12,43.85,548.6,54.4,2.03,1,5,2006,2,2.07,27.3,66.2,23.8
060C26C057261173S1,AGM60_S1,4,2026-03-23,178.17,175.712,181.369,181.608,182.982,170.303,44.71,45.02,44.22,45.77,43.12,44.84,550.1,37.8,2.08,4,9,1688,3,2.07,24.4,70.2,28.2
060C26D587607536S1,AGM60_S1,3,2026-04-11,178.285,177.528,175.171,176.977,172.918,179.228,44.46,45.82,45.34,43.69,44.08,43.69,524.1,52.2,2.07,10,16,1714,2,2.14,23.7,63.8,19.7
060C26D376257836S1,AGM60_S1,3,2026-04-04,175.042,170.138,171.617,173.837,170.666,171.33,45.08,46.22,46.49,44.25,45.97,44.99,540.1,49.6,2.06,7,10,1733,3,2.13,26.9,63.2,23.6
060C26D144261387S1,AGM60_S1,3,2026-04-26,173.099,182.315,180.27,177.465,177.547,180.772,45.08,45.04,43.7,45.07,44.82,45.5,537.6,47.3,2.01,5,12,1405,3,2.13,27.1,62.3,24.5
060C26D350004625S1,AGM60_S1,4,2026-04-21,178.003,182.765,183.522,180.994,183.594,183.494,45.42,45.99,45.59,44.42,44.82,45.19,531.5,35.7,2.12,6,2,1064,3,2.08,24.2,65.7,32.4
060C26D111138846S1,AGM60_S1,4,2026-04-19,171.619,173.065,172.329,174.612,174.164,168.283,45.39,44.42,44.73,44.47,44.97,46.35,516.6,36.1,2.07,5,7,2045,4,2.09,28.5,69.2,28.7
060C26D502992574S1,AGM60_S1,2,2026-04-02,186.281,179.942,179.351,191.601,185.923,188.515,44.89,44.65,45.64,45.26,45.24,44.85,533.7,41.7,2.01,8,11,1844,3,2.11,26.3,72.5,26.8
060C26D753856777S1,AGM60_S1,3,2026-04-24,174.695,171.366,175.517,178.875,171.635,167.442,44.99,45.89,45.36,44.66,44.16,44.7,534.6,44.7,2.04,7,1,2031,4,2.13,28.3,67.0,21.4
060C26D917758961S1,AGM60_S1,1,2026-04-21,180.166,170.891,181.758,176.321,187.02,170.226,44.88,44.36,44.58,45.39,45.44,44.49,553.3,45.4,2.09,6,12,1508,4,2.05,24.0,68.4,23.6
060C26D607896633S1,AGM60_S1,3,2026-04-05,173.401,170.803,173.087,174.812,169.805,175.736,46.62,44.77,44.06,44.86,46.27,46.69,532.0,46.4,2.07,8,7,1899,2,2.06,19.1,61.3,29.1
060C26D835212521S1,AGM60_S1,1,2026-04-08,178.539,181.012,182.094,183.904,185.65,181.124,46.24,45.13,43.23,47.48,45.22,44.49,548.5,34.9,2.1,5,12,1861,3,2.09,22.8,72.5,29.5
060C26D350067719S1,AGM60_S1,3,2026-04-07,174.271,174.619,171.934,177.987,170.198,169.992,45.86,46.8,43.51,44.5,44.26,44.71,530.2,40.4,2.06,7,16,1583,2,2.13,27.0,69.4,29.0
060C26D343367357S1,AGM60_S1,3,2026-04-25,183.563,185.979,181.066,180.834,184.152,185.408,44.12,44.72,46.22,46.26,45.91,44.17,550.9,45.4,2.0,5,11,2066,4,2.16,21.2,67.1,22.8
060C26D551842416S1,AGM60_S1,2,2026-04-07,180.425,180.11,181.198,180.137,178.954,180.592,43.38,45.17,44.18,44.11,44.62,45.38,548.2,37.0,2.1,6,7,1720,4,2.04,26.7,70.6,23.0
060C26E538191287S1,AGM60_S1,3,2026-05-13,178.303,182.622,184.93,182.896,185.938,181.954,43.68,44.38,44.49,44.96,45.11,43.78,552.0,33.8,2.04,5,10,2003,3,2.07,29.4,74.2,22.6
060C26E695165407S1,AGM60_S1,4,2026-05-19,179.615,180.344,171.696,172.844,168.872,172.837,45.04,45.54,43.08,44.29,45.58,46.05,544.7,43.2,2.02,8,10,1136,4,2.06,24.8,66.3,18.2
060C26E384731502S1,AGM60_S1,2,2026-05-12,181.721,173.604,177.313,177.359,177.931,175.221,46.16,45.11,45.34,44.12,44.81,45.28,526.1,47.2,2.04,2,15,2043,6,2.07,29.8,68.4,26.5
060C26E973410373S1,AGM60_S1,4,2026-05-27,181.808,179.427,183.708,183.172,181.067,182.229,46.27,44.82,45.5,45.26,45.38,44.83,564.7,42.1,2.07,6,7,1729,3,2.1,23.0,65.4,23.6
060C26E619044847S1,AGM60_S1,2,2026-05-03,186.572,181.789,179.632,181.165,183.517,183.892,44.4,44.33,43.33,45.5,44.97,43.3,541.3,37.8,2.06,6,12,1810,3,2.15,25.5,75.0,29.1
060C26E157286138S1,AGM60_S1,4,2026-05-03,174.56,177.969,178.845,183.885,172.403,178.285,43.94,44.43,42.82,44.64,46.12,45.32,540.6,39.2,2.08,1,7,2308,4,2.1,25.4,65.6,21.9
060C26E473302539S1,AGM60_S1,5,2026-05-16,175.541,180.153,180.491,178.049,177.579,175.996,45.26,45.56,44.52,45.36,45.23,45.98,545.8,44.2,2.03,1,6,1751,1,2.11,24.1,65.3,18.5
060C26E790742048S1,AGM60_S1,3,2026-05-18,177.01,178.446,178.837,174.498,180.994,178.642,45.48,45.8,44.95,44.89,44.89,46.05,527.7,26.9,2.02,4,16,2544,2,2.08,24.8,74.0,23.2
060C26E500712496S1,AGM60_S1,2,2026-05-08,182.031,181.205,180.67,181.26,183.399,182.654,44.42,45.61,44.31,45.22,46.15,44.05,553.5,35.2,2.02,5,9,1929,3,2.08,21.6,68.5,21.5
060C26E046389418S1,AGM60_S1,2,2026-05-07,178.71,183.55,180.256,175.838,181.087,181.761,45.23,44.83,44.45,44.73,43.01,43.59,530.0,48.7,2.07,4,6,2019,4,2.14,23.5,62.3,22.0
060C26E612841200S1,AGM60_S1,4,2026-05-24,173.113,174.721,174.139,184.267,173.392,174.273,45.53,43.98,45.22,46.45,44.1,46.69,565.1,43.9,2.04,4,12,1999,3,2.12,28.6,70.3,24.9
060C26E179628172S1,AGM60_S1,4,2026-05-12,167.648,171.612,176.665,173.482,173.832,172.971,45.12,45.83,45.87,45.5,43.53,45.58,562.7,37.3,2.08,7,11,969,2,2.08,30.7,70.1,28.3
060C26E313501745S1,AGM60_S1,3,2026-05-25,175.739,185.124,181.202,177.071,182.075,178.395,45.23,43.21,45.38,43.52,44.56,45.85,541.9,48.4,2.06,2,3,1673,4,2.09,23.8,65.7,23.8
060C26F088194337S1,AGM60_S1,2,2026-06-26,180.274,177.31,174.437,172.971,175.039,174.463,44.69,46.19,46.81,44.67,44.58,45.07,545.2,34.8,2.05,6,12,1579,3,2.12,28.0,64.1,24.3
060C26F116657074S1,AGM60_S1,5,2026-06-21,181.15,186.143,188.986,183.527,181.611,187.123,45.29,42.71,46.05,43.77,44.35,43.99,550.2,39.3,2.04,5,4,2212,2,2.11,25.5,70.2,17.6
060C26F690486193S1,AGM60_S1,1,2026-06-02,179.91,182.992,178.539,181.787,179.805,178.744,44.7,44.42,45.18,44.92,45.39,46.65,536.4,46.5,1.99,3,8,1640,2,2.11,16.1,60.0,24.3
060C26F656751353S1,AGM60_S1,4,2026-06-27,176.628,174.895,174.222,168.153,170.332,178.197,44.19,43.17,45.88,45.57,44.62,44.39,546.3,39.1,2.06,4,16,1470,2,2.03,30.2,64.8,27.4
060C26F948255853S1,AGM60_S1,2,2026-06-12,183.418,181.888,177.547,182.44,175.917,180.587,44.17,44.66,42.3,45.02,46.59,43.99,549.4,39.2,2.03,3,11,1806,3,2.13,24.9,71.7,23.5
060C26F735441408S1,AGM60_S1,3,2026-06-01,181.37,183.127,184.492,177.897,181.045,187.734,44.37,46.14,43.74,45.83,45.43,45.02,575.7,49.0,2.05,7,10,1632,3,2.06,21.9,68.4,22.1
060C26F629118998S1,AGM60_S1,2,2026-06-21,189.419,187.017,190.073,190.11,186.029,190.434,45.94,45.42,46.09,44.49,44.97,46.5,552.1,50.0,2.09,7,3,1983,5,2.09,23.9,60.0,21.2
060C26F439237197S1,AGM60_S1,2,2026-06-24,174.988,174.473,173.44,173.465,174.172,172.696,44.78,43.74,44.79,43.45,45.65,44.65,537.3,28.2,2.04,4,13,1807,4,2.11,25.3,68.4,30.3
060C26F190208047S1,AGM60_S1,3,2026-06-06,181.498,183.437,177.281,177.693,184.692,179.192,44.32,43.27,45.46,44.97,46.99,43.92,541.6,51.1,2.01,8,4,2140,2,2.09,25.0,66.4,23.1
060C26F618145416S1,AGM60_S1,3,2026-06-23,185.058,184.618,186.156,185.522,185.715,184.987,48.55,44.62,44.85,45.51,44.02,45.75,536.4,31.3,2.06,3,11,2213,3,2.07,21.6,65.9,21.6
060C26F852205364S1,AGM60_S1,1,2026-06-03,188.586,189.892,188.459,188.743,186.647,188.573,45.19,45.86,45.56,45.14,46.04,43.95,534.9,42.1,2.07,8,20,1876,5,2.1,26.7,62.5,30.5
060C26F043963277S1,AGM60_S1,4,2026-06-21,178.898,177.961,172.251,177.302,176.133,176.758,43.54,44.87,44.93,46.48,45.96,45.02,545.6,37.1,2.06,5,12,1325,1,2.11,28.5,73.5,24.5
060C26F634504329S1,AGM60_S1,4,2026-06-17,180.105,178.788,179.261,176.432,185.222,178.476,45.36,46.5,45.18,44.96,45.37,45.33,520.0,42.0,2.04,6,7,2229,3,2.09,25.7,60.0,24.4
060C26G015829476S1,AGM60_S1,3,2026-07-17,180.214,181.971,176.713,178.618,183.047,178.282,46.65,44.1,45.44,45.55,46.84,44.63,539.5,37.8,1.99,5,13,1816,3,2.09,21.3,70.2,24.2
060C26G377255514S1,AGM60_S1,2,2026-07-04,182.023,181.072,182.767,183.207,179.812,183.019,44.52,44.62,44.29,46.12,44.78,45.97,552.3,44.5,2.09,6,13,2480,4,2.11,24.5,66.2,28.5
060C26G884640603S1,AGM60_S1,4,2026-07-13,181.22,177.878,185.022,178.462,183.704,175.313,45.58,44.5,45.55,43.28,44.99,46.35,528.7,41.2,2.06,5,11,1645,2,2.06,23.7,71.1,25.1
060C26G334312339S1,AGM60_S1,4,2026-07-25,178.873,182.485,181.781,182.886,178.492,180.955,44.9,45.45,46.66,45.85,46.47,46.7,540.4,43.1,2.06,8,14,1828,3,2.16,23.1,62.6,26.7
060C26G077741587S1,AGM60_S1,4,2026-07-17,186.506,176.692,181.485,179.27,176.948,180.772,45.36,44.38,44.6,45.82,45.61,43.85,552.3,35.4,2.01,3,11,2014,2,2.15,27.8,70.0,30.1
060C26G878108764S1,AGM60_S1,4,2026-07-01,176.359,177.33,177.089,174.438,171.553,172.97,44.8,46.06,44.98,45.7,45.33,43.78,543.1,46.5,2.1,3,10,1628,5,2.14,26.1,65.5,24.6
060C26G645351109S1,AGM60_S1,3,2026-07-21,184.145,180.13,187.41,182.048,181.277,178.945,45.67,44.92,44.41,43.56,46.26,45.33,541.5,42.0,2.03,3,10,1880,3,2.15,25.8,67.3,24.8
060C26G256646399S1,AGM60_S1,3,2026-07-02,182.509,181.057,185.697,182.976,183.845,184.814,44.66,44.85,44.56,46.87,45.71,45.11,554.8,48.1,2.03,5,6,1817,1,2.11,24.2,66.8,25.4
060C26G388901531S1,AGM60_S1,3,2026-07-15,175.836,173.348,173.637,177.142,176.579,173.557,44.26,44.84,45.2,43.31,46.61,45.55,572.3,40.2,2.04,1,14,1598,2,2.11,26.4,68.0,25.7
060C26G589007596S1,AGM60_S1,1,2026-07-11,177.773,181.458,189.121,180.122,182.849,186.815,44.52,44.88,44.3,45.82,45.96,45.3,563.7,43.4,2.04,3,4,2051,1,2.07,23.2,67.7,28.6
060C26G930845236S1,AGM60_S1,2,2026-07-25,169.176,175.104,171.835,168.605,170.561,166.779,46.52,44.68,46.62,45.22,44.16,43.26,543.3,49.6,2.03,4,4,1697,2,2.1,24.6,69.1,26.1
060C26G373588253S1,AGM60_S1,2,2026-07-07,177.632,175.497,173.827,172.373,179.343,177.346,44.1,44.86,45.37,44.34,45.6,44.31,545.1,47.3,2.08,8,9,1846,1,2.1,24.7,67.8,22.6
060C26G155986997S1,AGM60_S1,3,2026-07-24,175.627,184.497,174.125,175.577,176.445,171.591,44.21,45.45,44.16,45.33,45.82,44.05,551.0,39.8,2.05,5,5,2035,3,2.08,23.2,71.7,25.5
060C26H855742958S1,AGM60_S1,3,2026-08-08,182.302,186.992,178.579,184.215,184.309,177.669,45.16,45.21,44.88,43.76,45.41,47.07,526.0,41.6,2.04,2,6,1844,4,2.05,28.6,68.0,26.9
060C26H689400998S1,AGM60_S1,2,2026-08-01,177.368,178.738,171.75,178.619,175.588,175.278,46.74,45.45,44.35,44.89,44.93,46.43,543.3,48.9,2.04,8,11,2172,4,2.16,25.9,72.8,28.5
060C26H356067228S1,AGM60_S1,2,2026-08-24,181.876,181.334,183.43,183.038,178.674,176.238,43.7,45.19,45.08,45.05,45.3,46.34,539.6,43.4,2.06,5,10,1928,3,2.11,24.1,71.1,30.9
060C26H279340942S1,AGM60_S1,3,2026-08-12,173.238,178.238,174.056,174.502,176.92,178.131,44.51,47.32,44.31,44.75,45.29,44.53,532.2,31.6,2.07,7,9,1789,3,2.1,24.3,67.1,24.6
060C26H077983370S1,AGM60_S1,2,2026-08-25,175.284,183.331,176.507,174.418,179.554,178.761,44.16,45.0,43.73,47.31,46.14,44.78,542.2,32.8,2.02,6,6,1080,4,2.08,22.4,73.2,26.8
060C26H942370275S1,AGM60_S1,2,2026-08-07,177.72,186.277,179.899,181.669,182.061,189.331,46.07,44.5,44.47,44.1,44.48,44.06,566.5,50.5,2.1,4,14,1574,2,2.13,27.0,66.4,28.7
060C26H700096028S1,AGM60_S1,1,2026-08-23,183.56,183.075,184.982,181.973,184.453,187.006,45.49,46.28,47.28,46.0,43.66,43.81,520.6,37.7,1.99,4,11,1486,2,2.11,25.6,62.9,21.3
060C26H324001295S1,AGM60_S1,4,2026-08-13,186.621,184.963,173.735,181.003,174.566,178.627,43.67,43.93,44.88,46.87,44.37,44.1,531.8,41.0,2.12,3,2,1854,3,2.13,27.3,70.3,24.4
060C26H705450979S1,AGM60_S1,4,2026-08-13,174.089,179.221,178.7,176.437,174.185,177.903,44.49,45.21,42.47,44.51,45.13,44.58,549.9,34.9,2.04,5,3,2183,3,2.13,24.8,72.2,28.7
060C26H383799550S1,AGM60_S1,3,2026-08-19,174.528,175.426,172.515,179.131,176.223,173.302,44.42,45.29,44.55,45.31,44.68,45.41,523.2,42.2,2.02,10,7,1898,3,2.09,25.8,67.8,24.5
060C26H377166420S1,AGM60_S1,1,2026-08-12,177.906,181.312,182.187,181.268,178.189,178.977,44.65,44.46,43.39,45.73,45.53,44.1,563.0,63.1,2.02,4,8,1456,3,2.11,25.5,64.6,26.6
060C26H303732918S1,AGM60_S1,3,2026-08-12,180.077,175.743,173.739,174.856,178.746,177.4,43.59,44.72,44.95,44.15,43.97,45.38,543.7,44.8,2.07,7,16,2376,1,2.11,30.4,63.0,20.9
060C26H382336645S1,AGM60_S1,5,2026-08-12,179.824,175.39,182.606,179.657,182.058,177.844,44.3,44.51,42.76,45.69,45.21,44.7,562.8,45.2,2.05,4,1,1256,4,2.13,24.6,69.8,20.1
060C26I706315484S1,AGM60_S1,3,2026-09-11,174.692,180.499,179.905,177.744,177.313,169.599,46.03,44.76,45.32,44.25,45.22,44.4,539.0,36.8,2.08,4,5,1413,2,2.08,22.3,68.8,19.6
060C26I666036004S1,AGM60_S1,1,2026-09-01,176.401,177.383,178.159,181.376,174.359,178.572,44.01,45.62,45.42,44.94,44.61,46.01,536.2,47.0,2.06,6,8,1392,4,2.14,27.0,65.0,32.7
060C26I046837686S1,AGM60_S1,2,2026-09-13,177.535,176.913,183.87,179.414,177.279,180.078,45.65,45.09,44.75,45.42,45.24,43.42,555.0,52.4,2.06,4,12,1603,4,2.08,25.5,64.6,22.3
060C26I738549654S1,AGM60_S1,3,2026-09-24,182.824,180.115,174.609,182.693,184.096,186.56,44.64,44.09,45.75,45.71,44.25,44.61,553.1,41.9,2.02,6,11,1630,3,2.1,24.3,67.2,23.9
060C26I662849201S1,AGM60_S1,4,2026-09-02,178.325,177.86,176.744,178.533,177.214,174.967,44.17,45.22,44.85,45.67,44.63,45.25,544.7,46.8,2.01,3,17,1451,4,2.12,25.7,71.0,28.2
060C26I691389244S1,AGM60_S1,3,2026-09-09,191.367,184.673,186.182,193.453,190.677,188.436,46.06,45.4,44.86,45.74,43.02,45.08,531.4,45.2,2.08,8,10,2018,1,2.06,23.2,71.8,26.1
060C26I668922993S1,AGM60_S1,1,2026-09-10,184.347,186.205,186.6,188.938,181.872,190.289,45.83,46.28,45.37,45.55,47.61,44.87,531.6,35.9,2.05,5,14,2150,3,2.05,25.5,70.6,24.5
060C26I460828222S1,AGM60_S1,1,2026-09-13,176.566,174.099,183.631,179.326,180.419,175.607,45.27,45.27,43.98,44.87,45.72,45.83,532.5,36.2,2.01,4,15,1982,1,2.17,27.7,70.7,28.4
060C26I030319811S1,AGM60_S1,3,2026-09-18,183.532,185.525,185.579,187.469,185.297,183.544,47.42,46.18,43.79,44.81,43.81,45.46,539.1,43.8,2.05,4,5,2043,2,2.09,26.5,66.2,23.4
060C26I363974204S1,AGM60_S1,4,2026-09-02,191.253,185.125,188.042,188.169,183.439,191.154,45.4,43.59,44.5,45.22,43.37,44.58,534.6,46.8,2.05,3,13,1785,3,2.09,23.2,62.0,26.8
060C26I797292293S1,AGM60_S1,3,2026-09-05,180.433,186.155,184.311,186.393,182.385,182.677,44.75,45.64,44.79,46.85,44.35,44.81,539.5,50.3,2.08,7,5,1492,2,2.1,28.5,67.5,22.2
060C26I431722423S1,AGM60_S1,3,2026-09-22,188.874,188.303,188.509,188.894,189.483,189.089,44.14,45.28,44.6,44.33,44.77,46.92,529.5,27.1,2.03,2,14,1389,3,2.08,25.6,68.1,24.7
060C26I198108585S1,AGM60_S1,3,2026-09-10,185.494,174.598,181.273,185.621,172.491,169.54,44.3,44.85,43.25,45.93,44.66,45.3,556.3,48.0,2.01,4,6,1698,2,2.13,26.3,68.0,27.0
060C26J883818077S1,AGM60_S1,4,2026-10-05,179.046,182.744,181.736,181.949,183.548,181.244,43.52,45.92,44.08,45.22,45.03,47.08,542.4,40.7,2.01,4,11,2085,3,2.15,26.6,67.6,27.5
060C26J289110291S1,AGM60_S1,2,2026-10-01,172.921,177.614,174.398,176.008,174.366,176.661,47.13,46.37,44.96,47.09,45.05,44.28,532.1,36.1,2.06,5,6,1887,1,2.18,21.2,74.3,22.7
060C26J721290024S1,AGM60_S1,3,2026-10-12,184.971,168.551,181.904,179.693,178.039,179.123,44.42,44.0,43.48,46.25,44.61,46.7,557.7,52.7,2.05,8,8,1990,2,2.1,27.5,67.2,25.6
060C26J135035082S1,AGM60_S1,3,2026-10-04,183.34,186.428,185.665,184.861,186.173,174.811,44.27,44.97,45.22,43.28,46.16,45.11,554.3,43.2,2.04,5,11,1623,1,2.07,28.3,67.5,24.8
060C26J637491942S1,AGM60_S1,1,2026-10-12,176.334,175.067,171.831,175.265,175.612,176.673,42.97,45.2,43.41,46.93,44.16,47.25,556.7,49.7,1.99,8,2,1673,2,2.12,29.4,65.4,27.3
060C26J404326354S1,AGM60_S1,4,2026-10-06,183.533,185.681,176.894,184.639,178.423,176.832,44.21,43.93,43.77,44.71,44.44,45.44,521.7,44.6,2.01,5,12,1222,4,2.1,29.5,68.4,27.1
060C26J582698318S1,AGM60_S1,3,2026-10-03,185.534,186.376,177.196,180.513,188.055,180.968,44.08,45.13,44.39,45.61,43.78,44.91,537.2,41.4,2.03,5,11,1562,4,2.12,22.3,66.1,23.6
060C26J834535612S1,AGM60_S1,3,2026-10-23,177.999,178.422,175.99,176.87,177.495,177.41,45.71,44.39,46.91,45.39,45.21,46.65,544.7,30.8,2.07,6,6,1511,1,2.12,26.7,69.4,27.5
060C26J346982460S1,AGM60_S1,2,2026-10-03,183.582,171.975,184.084,182.626,181.912,182.074,44.04,43.85,46.11,44.57,43.58,45.73,528.9,51.7,2.07,5,12,1677,4,2.09,27.3,64.6,21.4
060C26J994775327S1,AGM60_S1,2,2026-10-16,184.793,185.406,182.354,180.036,183.897,181.739,47.0,44.84,44.65,44.16,43.82,46.1,532.9,34.2,2.05,3,12,2385,3,2.13,20.2,66.5,28.0
060C26J741818988S1,AGM60_S1,2,2026-10-21,176.299,174.948,176.822,172.322,181.926,178.641,44.38,45.3,44.21,44.74,45.96,44.7,539.7,35.5,2.03,4,16,1943,2,2.08,21.9,67.1,28.9
060C26J334707559S1,AGM60_S1,3,2026-10-14,185.373,179.402,179.593,187.461,187.964,188.053,45.43,44.84,45.97,46.15,44.9,46.65,524.4,53.4,2.02,4,9,1583,2,2.13,27.6,66.0,27.6
060C26J792176262S1,AGM60_S1,3,2026-10-21,184.519,174.991,178.325,184.814,179.517,179.916,44.96,45.98,43.82,44.54,44.67,44.56,547.2,53.2,2.08,4,17,1711,3,2.12,26.6,60.9,29.2
060C26K485862768S1,AGM60_S1,3,2026-11-26,189.884,182.857,186.123,184.76,176.127,178.687,45.52,46.5,45.41,45.51,43.03,46.95,535.8,47.9,2.05,3,18,1815,3,2.11,26.3,61.5,26.0
060C26K074792824S1,AGM60_S1,2,2026-11-24,180.5,181.32,179.861,180.38,176.865,185.545,44.82,45.27,45.45,45.51,44.68,44.46,518.7,38.6,2.07,5,10,1303,2,2.09,22.8,65.0,23.1
060C26K405458976S1,AGM60_S1,3,2026-11-12,178.019,174.489,178.438,186.006,174.846,178.919,44.06,45.59,45.73,45.47,46.76,47.35,530.6,39.3,2.11,6,6,1516,2,2.16,32.5,71.9,24.9
060C26K948337912S1,AGM60_S1,3,2026-11-21,181.329,177.849,179.027,178.75,179.962,175.627,45.36,46.85,45.07,45.09,46.38,45.07,527.4,36.0,2.1,2,14,1696,3,2.14,27.8,63.0,26.8
060C26K101088542S1,AGM60_S1,3,2026-11-17,186.681,191.348,185.478,183.007,188.589,185.947,45.96,45.05,44.64,43.32,46.53,45.91,553.5,44.3,2.08,6,19,2017,3,2.13,27.2,67.3,23.8
060C26K679921261S1,AGM60_S1,2,2026-11-18,181.667,183.85,180.883,181.873,189.103,178.084,44.72,44.84,45.09,43.99,43.66,44.98,533.0,43.4,2.1,4,7,1855,3,2.1,25.5,64.2,28.1
060C26K764417528S1,AGM60_S1,3,2026-11-19,176.972,179.298,177.69,174.778,175.206,179.722,45.78,43.59,44.42,46.03,44.82,46.98,553.7,44.3,1.99,4,8,1879,3,2.1,29.4,60.5,25.2
060C26K273502360S1,AGM60_S1,2,2026-11-04,176.681,171.857,173.503,178.219,180.04,172.811,43.72,45.6,45.61,45.09,43.63,45.14,536.1,42.2,2.09,3,6,2518,3,2.12,24.1,66.6,24.3
060C26K675101672S1,AGM60_S1,3,2026-11-17,187.266,185.781,177.077,185.037,188.695,184.008,44.2,45.32,44.46,45.97,43.58,45.88,525.1,46.5,2.02,6,7,1698,3,2.06,21.7,72.8,22.8
060C26K953586392S1,AGM60_S1,4,2026-11-19,185.074,184.983,185.449,192.316,178.05,182.25,43.46,45.64,45.51,45.83,44.56,45.35,551.3,57.4,2.06,8,10,1233,3,2.14,28.7,66.0,22.9
060C26K764017118S1,AGM60_S1,3,2026-11-27,182.137,180.667,181.883,182.093,183.154,183.492,43.68,45.59,46.18,46.31,45.18,45.63,526.7,43.6,2.03,7,4,1492,1,2.09,15.0,63.9,31.7
060C26K980149107S1,AGM60_S1,5,2026-11-08,178.543,176.385,179.083,178.402,177.639,178.436,44.74,44.54,44.63,46.67,44.83,44.44,540.6,26.9,2.05,2,9,1832,3,2.08,26.6,69.2,31.5
060C26K604555930S1,AGM60_S1,2,2026-11-26,183.251,178.33,178.097,176.548,176.695,173.738,45.02,43.9,44.69,45.25,44.03,44.09,531.5,40.2,2.05,3,14,1575,4,2.09,24.0,68.6,28.1
060C26L013609459S1,AGM60_S1,2,2026-12-26,181.076,182.042,181.923,180.013,181.987,181.518,44.69,42.62,44.92,44.09,45.15,43.89,536.5,52.3,2.07,2,13,1566,3,2.11,26.9,62.8,30.0
060C26L705813990S1,AGM60_S1,4,2026-12-24,174.373,180.832,178.757,176.493,180.508,187.169,45.3,46.08,44.59,46.99,45.18,43.19,539.2,59.5,2.07,6,16,1673,5,2.08,23.9,66.0,26.7
060C26L761493647S1,AGM60_S1,3,2026-12-09,174.674,175.569,174.839,172.544,175.13,165.877,44.1,45.34,44.5,43.48,44.38,45.54,523.3,47.2,1.97,3,7,2167,1,2.1,25.1,67.7,29.3
060C26L950376890S1,AGM60_S1,5,2026-12-05,178.718,183.784,177.391,180.592,185.458,178.708,45.4,44.71,46.68,46.63,44.05,45.88,545.1,43.9,2.04,10,8,1927,4,2.09,24.3,71.4,19.0
060C26L955173339S1,AGM60_S1,3,2026-12-26,185.331,177.274,184.289,183.609,176.262,177.771,46.62,44.14,46.34,46.61,44.4,44.04,542.0,53.1,2.02,4,8,1741,2,2.13,27.6,60.0,24.7
060C26L875146920S1,AGM60_S1,2,2026-12-13,176.119,176.472,176.686,171.693,178.871,175.768,45.22,45.78,45.49,45.84,44.51,45.82,532.5,43.4,2.06,4,13,1941,2,2.06,23.3,60.2,19.8
060C26L751103548S1,AGM60_S1,3,2026-12-14,180.858,181.08,185.247,178.261,182.767,179.307,44.79,44.97,44.99,46.25,43.73,44.01,518.7,49.4,2.02,7,8,1512,4,2.1,22.1,60.0,23.4
060C26L155339186S1,AGM60_S1,4,2026-12-15,177.087,170.252,169.935,185.317,169.15,189.519,46.39,43.04,45.17,44.94,42.63,42.99,544.9,46.9,2.05,7,10,1760,3,2.12,26.5,70.4,27.5
060C26L693255386S1,AGM60_S1,4,2026-12-09,179.366,179.117,177.983,176.647,178.372,179.508,44.62,45.27,45.64,45.81,44.39,43.73,539.6,45.1,2.03,6,10,1725,2,2.12,19.6,67.8,21.9
060C26L921704073S1,AGM60_S1,1,2026-12-13,172.866,175.043,170.798,169.823,173.869,173.383,45.26,45.03,46.02,44.84,47.52,44.88,533.5,39.8,2.01,3,4,1735,3,2.09,17.9,68.8,20.7
060C26L308865895S1,AGM60_S1,4,2026-12-15,183.488,179.352,175.837,180.886,177.36,182.954,46.26,43.46,45.62,45.25,43.75,45.2,555.0,52.9,2.05,8,7,2206,4,2.12,21.1,66.5,28.0
060C26L279933846S1,AGM60_S1,2,2026-12-05,176.479,186.995,177.373,179.909,180.382,177.375,44.74,43.62,45.28,46.37,43.3,44.42,553.1,33.1,2.06,1,8,1719,4,2.12,26.1,75.0,22.5
060C26L511387268S1,AGM60_S1,3,2026-12-22,173.526,174.202,173.116,176.594,182.71,185.224,45.62,45.69,43.54,44.9,45.0,43.78,543.5,47.5,1.98,5,8,1942,4,2.18,25.8,61.5,20.5
060C26A919510243V1,AGM60_V1,1,2026-01-10,183.749,184.258,186.343,185.011,181.621,181.766,44.18,44.87,47.16,46.08,44.67,43.62,549.0,48.4,2.09,4,14,1878,3,2.1,25.4,64.8,21.5
060C26A622359219V1,AGM60_V1,2,2026-01-01,182.469,180.652,180.034,179.965,177.485,178.97,45.27,45.35,44.55,44.43,44.19,44.32,541.6,32.4,2.0,3,12,1538,2,2.1,26.7,68.1,21.2
060C26A526032286V1,AGM60_V1,3,2026-01-06,179.904,187.66,179.349,183.303,183.395,183.144,43.22,44.39,45.11,44.04,44.26,44.42,537.4,47.9,2.09,3,12,2199,2,2.14,23.5,60.0,29.0
060C26A127230125V1,AGM60_V1,3,2026-01-25,175.172,176.35,175.006,173.072,175.21,176.495,43.58,43.83,45.23,46.47,43.75,44.68,523.8,42.6,2.04,4,8,1777,4,2.1,23.5,68.0,19.1
060C26A277562353V1,AGM60_V1,3,2026-01-25,181.855,181.804,178.32,181.139,178.603,177.77,45.48,45.54,45.26,45.69,43.76,46.2,545.4,47.2,2.09,4,6,1706,3,2.12,25.6,62.5,23.8
060C26A131962595V1,AGM60_V1,2,2026-01-27,176.049,178.866,183.771,180.553,174.906,180.366,44.41,43.36,44.19,44.65,46.79,44.11,535.9,49.3,2.04,2,13,2197,2,2.14,25.1,65.4,23.7
060C26A154250132V1,AGM60_V1,3,2026-01-09,178.556,182.337,182.534,179.421,179.709,183.134,43.34,44.64,45.43,43.67,44.31,44.0,523.0,39.3,2.03,8,17,1947,2,2.07,29.7,65.6,30.2
060C26A269407895V1,AGM60_V1,3,2026-01-09,182.324,183.283,182.552,177.934,185.688,183.493,45.64,45.11,45.77,45.0,45.56,44.65,540.4,48.1,2.04,3,15,1714,3,2.09,24.5,61.5,22.7
060C26A459549518V1,AGM60_V1,2,2026-01-26,172.135,172.181,170.717,172.879,173.354,173.651,45.05,43.85,43.98,45.45,44.64,42.96,545.9,38.3,1.99,6,16,2012,4,2.1,21.4,66.8,19.0
060C26A905233171V1,AGM60_V1,1,2026-01-03,197.045,182.64,187.359,189.959,182.626,191.347,47.86,43.73,44.29,43.87,44.59,44.16,544.0,52.8,2.01,4,8,2035,4,2.12,28.7,62.4,23.0
060C26A827388169V1,AGM60_V1,3,2026-01-17,182.098,184.664,177.382,180.48,179.381,184.437,45.12,45.68,43.55,44.75,44.74,44.15,540.0,41.1,2.03,4,6,1676,4,2.06,25.9,69.7,27.9
060C26A389096607V1,AGM60_V1,4,2026-01-02,179.017,172.529,174.255,181.179,179.829,180.732,44.49,44.68,43.7,43.51,45.28,44.77,527.9,42.3,2.08,3,15,1596,3,2.03,23.9,62.9,34.5
060C26A698211272V1,AGM60_V1,4,2026-01-17,181.569,181.785,183.407,183.08,184.348,182.13,46.27,45.25,43.73,46.13,43.84,45.14,543.4,37.7,2.03,4,7,1885,4,2.08,23.5,71.0,23.8
060C26B881234645V1,AGM60_V1,3,2026-02-18,181.899,182.391,175.555,184.48,172.082,176.517,45.26,45.72,46.0,44.89,44.55,44.25,532.4,38.9,2.06,4,7,1648,2,2.08,20.4,71.6,29.4
060C26B005671473V1,AGM60_V1,2,2026-02-01,186.591,186.684,179.166,180.598,182.202,181.624,45.86,44.63,44.6,46.54,45.03,44.47,551.0,54.0,2.03,4,10,2179,2,2.09,21.8,67.6,26.9
060C26B925843770V1,AGM60_V1,1,2026-02-16,183.85,187.177,187.685,182.615,178.51,177.619,46.35,43.93,45.34,43.95,46.03,46.34,528.5,45.4,2.06,6,9,1960,3,2.08,31.1,65.3,26.7
060C26B069331903V1,AGM60_V1,2,2026-02-16,187.968,188.487,185.18,186.068,188.867,192.228,44.93,44.94,46.21,45.21,45.03,46.01,560.7,34.2,2.09,1,4,1532,4,2.1,21.4,72.4,25.8
060C26B256311380V1,AGM60_V1,5,2026-02-21,179.22,183.9,180.912,184.587,188.92,178.239,43.58,43.23,45.89,44.19,45.35,45.95,534.0,49.9,2.03,7,14,1514,2,2.07,28.4,66.1,28.1
060C26B344710528V1,AGM60_V1,2,2026-02-03,183.94,186.19,194.072,182.825,184.345,188.423,45.25,45.55,46.0,45.91,44.18,43.47,529.8,51.0,2.06,6,12,1675,1,2.05,25.9,65.3,27.5
060C26B429274908V1,AGM60_V1,4,2026-02-21,177.573,171.787,175.092,178.582,177.717,178.583,44.5,44.57,44.33,42.92,44.92,44.44,531.4,48.2,2.04,7,3,1811,3,2.06,23.5,66.6,20.9
060C26B561460121V1,AGM60_V1,3,2026-02-15,184.432,184.451,186.47,184.562,184.322,186.119,45.88,45.05,43.26,44.83,45.73,45.98,540.9,24.3,2.02,5,13,1562,3,2.1,23.9,68.1,27.4
060C26B958322586V1,AGM60_V1,4,2026-02-14,175.73,176.074,174.901,178.17,177.061,178.454,44.07,44.52,44.56,43.09,44.89,46.19,549.4,38.1,2.05,2,9,1853,3,2.14,20.2,64.4,27.1
060C26B311037500V1,AGM60_V1,1,2026-02-15,179.494,180.954,181.478,183.185,180.053,180.649,45.45,44.35,45.39,43.23,43.97,44.59,557.7,37.2,2.1,9,14,2196,4,2.14,27.2,68.5,20.4
060C26B774403697V1,AGM60_V1,3,2026-02-19,180.671,175.877,180.361,178.993,178.65,178.913,43.82,44.43,43.63,44.49,47.32,44.28,529.7,37.7,2.03,6,11,1331,3,2.15,23.0,67.8,20.0
060C26B323626776V1,AGM60_V1,4,2026-02-16,181.44,178.38,183.25,183.496,183.12,177.146,42.95,44.65,45.5,45.73,44.64,44.13,566.0,48.0,2.02,6,9,2165,4,2.11,27.4,67.5,20.0
060C26B814783223V1,AGM60_V1,4,2026-02-18,190.397,182.944,184.886,180.971,189.046,183.418,44.22,44.33,43.36,45.76,45.82,44.46,509.3,51.2,2.07,7,8,1707,4,2.11,20.2,61.0,24.1
060C26C134311183V1,AGM60_V1,3,2026-03-22,185.082,185.767,187.048,187.332,188.32,184.659,45.99,45.66,44.07,44.03,44.85,45.49,545.9,43.8,2.02,4,13,1411,2,2.14,25.8,62.3,26.2
060C26C869245635V1,AGM60_V1,3,2026-03-23,173.619,187.263,176.169,172.083,179.024,177.761,43.35,44.26,46.43,44.21,44.3,45.02,533.0,46.1,2.1,4,12,1711,6,2.08,26.3,63.2,23.0
060C26C708537709V1,AGM60_V1,3,2026-03-10,176.359,174.349,175.23,177.368,175.33,176.435,45.38,45.96,45.65,48.57,45.27,45.62,538.9,32.5,2.01,1,6,2118,3,2.02,28.3,67.3,24.7
060C26C839248924V1,AGM60_V1,2,2026-03-17,192.5,180.119,185.037,184.423,182.167,183.59,45.54,45.52,43.73,46.12,44.9,46.51,556.1,45.5,2.02,2,16,1772,3,2.06,31.5,63.6,26.8
060C26C415460834V1,AGM60_V1,1,2026-03-19,178.872,184.529,186.163,181.523,180.269,178.897,45.09,45.34,45.49,44.17,45.91,43.93,523.8,46.4,2.0,7,11,1888,2,2.09,22.4,65.6,19.9
060C26C384060353V1,AGM60_V1,3,2026-03-02,176.256,180.703,179.919,175.755,175.758,181.57,46.7,45.81,46.17,46.28,45.4,44.06,537.4,44.1,2.08,8,13,1336,1,2.09,26.8,62.9,25.3
060C26C045517123V1,AGM60_V1,3,2026-03-02,178.389,184.126,184.779,178.453,182.748,179.657,47.18,42.71,44.26,45.61,45.81,44.17,538.8,45.3,2.0,6,11,1179,2,2.16,23.8,60.8,25.3
060C26C709178103V1,AGM60_V1,3,2026-03-22,184.873,184.296,188.733,191.775,187.192,175.442,44.95,44.29,44.3,45.19,43.87,44.98,540.9,47.0,2.07,8,12,1422,2,2.08,26.8,67.4,29.8
060C26C537126248V1,AGM60_V1,2,2026-03-01,183.613,184.398,186.448,183.116,185.169,184.131,44.52,46.2,44.88,46.04,44.63,43.45,536.4,43.7,2.08,5,9,1972,2,2.11,21.4,68.1,26.3
060C26C640705756V1,AGM60_V1,1,2026-03-23,183.905,180.352,177.538,182.93,178.667,183.788,45.36,44.79,46.94,45.35,44.72,45.94,540.3,52.8,2.07,5,12,1727,3,2.12,30.2,67.8,25.7
060C26C297438055V1,AGM60_V1,3,2026-03-22,184.111,186.707,185.725,183.585,182.948,183.612,45.37,45.45,44.76,44.7,45.5,44.12,551.4,33.8,2.02,4,12,1769,2,2.03,30.5,66.0,29.7
060C26C391761506V1,AGM60_V1,5,2026-03-23,168.981,174.943,172.286,177.563,177.888,167.278,45.6,45.14,45.13,44.73,44.53,45.96,533.9,53.0,2.03,7,13,2335,4,2.07,25.3,66.9,24.7
060C26C969048293V1,AGM60_V1,2,2026-03-18,191.916,189.026,192.633,189.665,190.495,190.855,45.43,44.89,45.53,43.76,43.58,44.64,522.9,49.5,2.08,7,14,1647,5,2.13,23.6,66.4,24.0
060C26D987281870V1,AGM60_V1,3,2026-04-20,178.27,179.168,174.594,174.018,178.281,178.533,45.16,44.45,45.53,44.8,45.73,45.81,536.1,43.8,2.06,2,13,1866,5,2.13,26.7,64.0,23.0
060C26D187544707V1,AGM60_V1,3,2026-04-05,174.836,184.372,182.907,186.9,181.938,183.324,45.45,45.83,45.02,44.94,44.69,44.28,545.3,35.2,2.02,6,10,1628,3,2.12,27.6,70.5,23.1
060C26D093462812V1,AGM60_V1,2,2026-04-06,174.3,176.998,177.476,177.464,176.162,181.479,43.89,45.48,44.91,47.17,43.41,44.1,534.4,36.5,2.08,4,1,1384,2,2.12,27.7,69.4,22.0
060C26D672310042V1,AGM60_V1,2,2026-04-24,180.643,172.735,174.403,175.57,175.536,169.778,44.42,45.78,44.6,45.45,43.27,44.24,555.3,36.4,1.99,4,10,2165,3,2.14,23.7,68.3,25.3
060C26D443925181V1,AGM60_V1,3,2026-04-06,176.467,178.75,172.813,173.876,172.677,172.899,46.39,45.68,45.21,43.07,43.56,43.57,532.6,36.3,2.03,5,1,1581,3,2.09,22.0,72.5,21.1
060C26D081603652V1,AGM60_V1,3,2026-04-01,185.843,176.89,184.64,185.186,179.8,187.552,44.33,44.36,45.49,43.13,46.96,45.71,550.8,39.2,2.04,6,3,1135,4,2.1,25.1,66.8,29.8
060C26D010375180V1,AGM60_V1,3,2026-04-24,181.919,183.76,188.1,187.875,181.999,184.01,44.93,44.24,44.8,45.11,45.25,43.52,535.7,48.6,2.04,5,10,1580,2,2.1,21.0,72.0,34.4
060C26D421208752V1,AGM60_V1,4,2026-04-22,184.446,187.799,188.982,184.496,185.888,188.442,44.51,43.98,45.49,45.7,45.17,43.56,537.7,42.5,2.08,4,9,1235,3,2.14,22.5,67.1,27.8
060C26D607991248V1,AGM60_V1,2,2026-04-01,192.595,175.531,167.618,183.598,181.951,189.605,45.12,45.77,46.2,45.95,44.79,46.04,537.1,56.7,2.03,6,4,2224,4,2.09,23.5,71.2,24.7
060C26D767335871V1,AGM60_V1,3,2026-04-21,183.567,183.56,179.354,180.207,179.914,186.906,46.71,44.59,45.78,46.39,44.0,45.49,550.3,54.0,2.03,4,12,2170,4,2.06,20.6,67.1,17.7
060C26D432055579V1,AGM60_V1,3,2026-04-11,183.156,180.417,180.733,186.191,183.738,191.03,43.3,46.98,46.47,45.53,44.77,45.53,544.9,37.7,2.11,7,11,1284,3,2.12,24.5,72.8,23.8
060C26D640959350V1,AGM60_V1,2,2026-04-27,179.95,178.523,175.553,179.253,179.341,175.592,44.03,42.86,44.68,44.66,43.63,44.86,580.6,42.0,2.06,7,10,1934,3,2.1,25.7,71.7,21.5
060C26D066134433V1,AGM60_V1,4,2026-04-27,178.273,180.761,182.012,182.822,181.064,179.767,45.38,44.52,45.78,44.05,45.86,46.69,540.4,32.2,2.04,6,9,2060,4,2.16,20.1,69.2,22.0
060C26E982901151V1,AGM60_V1,5,2026-05-22,179.961,176.944,177.964,181.003,178.16,183.099,45.8,44.91,45.75,44.01,44.19,46.09,535.2,48.5,2.05,2,9,1392,4,2.07,28.7,64.1,20.0
060C26E477923282V1,AGM60_V1,4,2026-05-22,171.255,170.559,171.716,166.224,174.343,172.424,43.8,46.21,43.98,43.92,44.29,45.77,530.0,50.2,2.09,4,1,2119,3,2.09,24.8,67.8,29.9
060C26E999649950V1,AGM60_V1,3,2026-05-19,182.792,182.194,186.93,182.221,186.911,179.847,43.94,45.66,45.56,46.6,44.01,45.46,529.8,44.8,2.04,7,16,1746,3,2.12,26.7,63.6,27.4
060C26E770373310V1,AGM60_V1,3,2026-05-13,178.4,175.838,177.368,180.284,179.108,181.437,45.49,45.8,44.17,44.75,45.05,45.54,537.9,37.9,2.0,5,7,2337,4,2.09,27.7,65.3,28.1
060C26E306031751V1,AGM60_V1,3,2026-05-08,177.294,174.821,177.556,182.791,176.879,175.267,43.97,44.75,45.3,44.83,44.46,43.57,527.8,38.5,2.05,9,14,1888,4,2.14,26.4,63.1,25.3
060C26E900863095V1,AGM60_V1,3,2026-05-20,181.24,180.809,181.971,180.427,179.74,180.13,44.05,44.7,45.3,45.28,42.6,46.27,533.2,32.8,2.06,4,4,1423,5,2.08,24.3,73.1,25.4
060C26E426838024V1,AGM60_V1,2,2026-05-12,182.979,181.915,175.748,172.054,177.04,182.64,44.66,44.0,45.47,44.91,45.94,45.77,525.4,48.6,2.0,6,17,1744,3,2.11,23.4,64.0,25.0
060C26E931104538V1,AGM60_V1,2,2026-05-26,174.374,171.12,179.737,188.65,181.394,180.614,42.93,45.47,44.89,45.32,46.17,44.72,528.4,47.5,2.05,8,5,2372,3,2.07,23.6,67.7,23.8
060C26E767749383V1,AGM60_V1,1,2026-05-02,178.461,180.186,179.071,176.02,177.42,176.411,43.94,45.77,46.63,46.04,44.62,46.66,541.5,44.1,2.09,7,13,1995,2,2.09,23.5,71.2,23.1
060C26E259885791V1,AGM60_V1,3,2026-05-21,183.228,186.872,188.136,183.145,185.725,188.178,46.36,44.38,42.78,44.97,45.76,46.5,552.7,44.8,2.11,6,4,2248,3,2.09,26.6,64.3,22.7
060C26E256250990V1,AGM60_V1,4,2026-05-24,179.617,183.852,179.143,176.757,184.714,172.726,45.03,43.14,45.52,44.75,45.78,47.53,546.4,42.1,2.05,6,5,2423,2,2.12,25.9,63.9,24.0
060C26E469283533V1,AGM60_V1,3,2026-05-06,184.149,193.509,180.292,185.458,181.037,187.201,44.88,45.87,43.15,43.58,44.95,44.32,538.7,51.5,1.95,8,8,1241,2,2.08,23.5,67.1,30.3
060C26E293798478V1,AGM60_V1,5,2026-05-05,180.939,178.957,178.843,180.707,176.089,175.856,45.77,44.35,46.1,43.51,45.7,44.65,546.7,46.8,2.05,2,14,1634,2,2.04,20.7,63.9,26.6
060C26F448284012V1,AGM60_V1,3,2026-06-13,181.61,178.865,181.429,180.224,181.181,184.44,44.6,44.97,44.86,45.04,44.28,46.21,535.3,41.0,2.03,3,7,1933,6,2.08,23.4,72.3,25.0
060C26F596607704V1,AGM60_V1,4,2026-06-23,177.352,174.938,174.697,178.441,174.782,177.965,45.29,44.69,43.79,44.75,45.96,44.79,530.9,52.8,2.09,3,5,2241,3,2.13,29.6,67.3,25.9
060C26F927371695V1,AGM60_V1,2,2026-06-16,179.371,179.546,176.487,177.8,172.718,179.153,43.34,45.86,43.33,43.56,44.2,43.47,551.3,54.8,2.04,6,5,1932,4,2.1,25.1,62.3,22.8
060C26F065505938V1,AGM60_V1,2,2026-06-13,176.675,177.276,186.764,179.065,174.402,182.809,44.43,44.52,45.28,43.95,44.0,44.94,533.6,55.7,2.07,3,10,2099,4,2.11,26.8,66.2,27.3
060C26F391354913V1,AGM60_V1,3,2026-06-08,184.297,180.597,188.784,187.036,184.549,186.821,47.19,42.86,44.45,44.03,46.39,44.87,550.1,37.9,2.05,4,2,1721,4,2.1,21.6,63.1,25.1
060C26F639169729V1,AGM60_V1,3,2026-06-22,176.995,176.681,174.882,175.179,175.97,171.544,44.96,46.16,44.05,43.34,44.75,46.26,548.3,52.9,2.05,5,6,2294,3,2.14,25.7,62.9,23.5
060C26F931720370V1,AGM60_V1,1,2026-06-11,187.433,186.651,183.621,188.786,185.594,185.114,43.95,43.87,43.04,44.99,45.55,45.12,538.0,51.0,2.07,5,10,1780,3,2.06,23.1,63.6,25.2
060C26F991952273V1,AGM60_V1,4,2026-06-17,170.747,171.025,171.085,171.722,175.619,173.904,44.59,44.72,43.89,45.28,42.99,44.58,542.1,31.4,2.07,3,8,1684,2,2.09,24.4,68.4,25.4
060C26F019703195V1,AGM60_V1,4,2026-06-07,178.885,175.658,174.376,178.11,180.195,176.584,47.01,44.88,44.49,44.93,43.44,44.88,541.9,41.5,2.04,7,10,1797,2,2.11,18.9,69.2,27.1
060C26F160106116V1,AGM60_V1,4,2026-06-16,189.908,184.083,185.315,180.058,183.418,180.6,44.17,46.13,45.3,45.84,45.84,44.8,528.2,44.4,2.08,9,1,1846,3,2.03,29.4,73.8,22.5
060C26F402074139V1,AGM60_V1,3,2026-06-09,177.172,173.293,176.016,174.262,178.235,173.111,44.25,46.57,46.58,44.16,43.25,45.57,540.8,48.2,2.04,5,13,1852,3,2.07,25.3,67.6,26.7
060C26F385723019V1,AGM60_V1,4,2026-06-22,175.703,177.135,177.575,181.489,179.094,182.197,44.3,43.58,46.8,43.71,44.28,43.9,542.9,51.7,2.09,4,11,1725,4,2.04,28.5,62.1,18.6
060C26F314241590V1,AGM60_V1,2,2026-06-22,183.2,177.908,176.073,177.221,177.175,173.872,46.92,45.29,46.03,46.22,45.52,46.23,542.8,51.5,2.08,1,7,1547,1,2.12,26.7,62.5,20.6
060C26G826869021V1,AGM60_V1,3,2026-07-15,178.044,175.394,176.214,177.405,176.418,177.24,46.33,44.28,42.91,44.87,45.62,44.81,545.8,30.8,1.99,6,9,1601,4,2.08,22.2,69.7,30.0
060C26G981417966V1,AGM60_V1,3,2026-07-07,173.569,173.483,172.63,176.362,183.273,181.581,45.48,45.15,44.39,44.39,45.34,44.49,520.0,46.4,2.02,6,15,2237,4,2.08,25.1,69.4,25.9
060C26G464653281V1,AGM60_V1,3,2026-07-20,172.185,171.191,171.731,170.281,171.643,170.793,44.34,47.02,45.31,45.13,42.98,43.39,525.4,42.9,2.05,4,6,1817,2,2.1,20.2,65.0,21.7
060C26G318049051V1,AGM60_V1,4,2026-07-14,185.352,188.656,184.012,183.274,182.527,183.918,45.58,44.45,45.05,43.87,45.11,45.09,549.7,46.6,2.03,3,16,1968,4,2.09,23.1,69.9,26.2
060C26G275609655V1,AGM60_V1,3,2026-07-06,177.029,176.403,178.048,176.585,179.248,179.18,44.62,44.13,43.53,46.32,46.1,44.5,538.5,35.0,2.06,6,15,1830,4,2.05,28.7,66.5,28.7
060C26G814861364V1,AGM60_V1,2,2026-07-26,175.942,179.65,176.769,185.455,183.871,176.018,45.69,46.14,44.48,45.28,42.95,44.92,547.7,40.5,2.08,7,9,1638,4,2.11,24.8,69.8,26.8
060C26G178715052V1,AGM60_V1,3,2026-07-16,184.668,184.729,185.643,185.97,185.862,185.407,45.6,44.63,45.68,45.89,44.54,45.12,551.1,31.5,2.05,6,13,2516,3,2.12,25.0,69.0,25.5
060C26G105712189V1,AGM60_V1,3,2026-07-17,168.44,178.293,182.354,176.137,174.63,188.855,44.24,43.87,45.57,45.19,44.91,44.55,516.0,41.3,2.05,6,14,1599,3,2.14,27.8,75.0,23.9
060C26G780537246V1,AGM60_V1,3,2026-07-02,184.553,181.441,184.79,181.208,181.094,184.484,44.73,43.3,44.92,47.24,44.45,44.97,522.9,47.5,2.05,5,18,1623,2,2.08,28.1,67.2,24.1
060C26G752431828V1,AGM60_V1,4,2026-07-18,177.395,174.412,178.192,176.982,179.957,176.02,46.31,44.52,43.94,45.82,43.4,44.93,553.2,30.1,2.01,9,9,2168,3,2.14,29.8,71.4,26.0
060C26G207664897V1,AGM60_V1,2,2026-07-02,165.265,175.328,176.735,179.003,170.006,170.48,46.84,45.11,48.17,46.55,44.25,44.61,534.0,56.2,2.08,4,10,1590,3,2.13,25.3,67.0,24.9
060C26G575720641V1,AGM60_V1,1,2026-07-27,181.559,181.528,179.648,178.829,180.728,179.577,44.23,44.94,46.86,45.3,43.73,45.19,542.3,25.7,2.0,5,10,1807,2,2.11,20.2,70.8,27.1
060C26G179616657V1,AGM60_V1,4,2026-07-03,170.278,175.887,167.495,169.974,171.542,169.274,45.12,44.87,45.06,43.19,44.82,44.7,542.1,44.9,2.06,7,8,1679,3,2.08,24.4,70.2,22.5
060C26H242315481V1,AGM60_V1,2,2026-08-20,178.43,179.674,179.453,179.993,180.067,180.051,45.39,44.71,44.83,44.87,44.02,45.45,528.8,32.5,2.05,5,12,1664,2,2.11,21.3,70.7,31.7
060C26H866804193V1,AGM60_V1,3,2026-08-17,176.519,179.983,178.874,176.592,179.983,177.099,44.92,43.62,46.11,42.8,44.21,45.03,549.3,39.7,2.08,3,16,1973,4,2.13,29.3,70.8,23.7
060C26H501922231V1,AGM60_V1,4,2026-08-24,180.431,179.602,186.487,174.402,177.271,180.535,44.58,43.38,44.65,45.81,46.12,45.83,539.4,47.2,2.04,5,10,1683,2,2.09,23.8,66.4,23.6
060C26H686019272V1,AGM60_V1,2,2026-08-22,176.864,171.033,180.285,174.32,185.048,177.329,46.07,44.64,42.99,45.14,44.27,44.82,536.7,43.4,2.07,6,6,2192,4,2.1,28.5,67.9,27.7
060C26H851307992V1,AGM60_V1,4,2026-08-02,174.077,179.427,180.908,177.02,177.976,173.18,45.28,44.06,43.88,45.45,44.65,44.17,549.5,42.9,2.06,1,3,1946,2,2.13,24.9,68.4,25.7
060C26H480707651V1,AGM60_V1,3,2026-08-15,186.622,192.061,188.736,188.693,191.247,190.45,46.05,44.51,45.24,44.15,44.68,45.12,544.8,40.9,2.01,2,9,1459,4,2.14,26.4,68.5,23.5
060C26H490601148V1,AGM60_V1,2,2026-08-03,175.611,179.594,175.034,178.687,176.091,175.893,43.43,43.79,45.04,45.81,44.22,45.04,538.6,25.7,2.05,3,15,1895,1,2.12,24.6,69.4,19.4
060C26H145147685V1,AGM60_V1,3,2026-08-25,179.132,183.578,182.908,180.353,180.528,178.307,44.43,45.34,45.02,46.61,45.14,43.77,526.7,39.5,2.05,4,6,1884,2,2.1,24.1,65.0,26.4
060C26H887821838V1,AGM60_V1,1,2026-08-12,176.056,178.027,179.015,182.885,185.586,180.059,45.48,46.24,46.25,44.83,43.44,43.22,522.1,45.6,2.05,5,10,2017,5,2.11,23.9,69.0,28.9
060C26H894417708V1,AGM60_V1,5,2026-08-17,179.679,175.477,183.165,181.666,181.675,173.989,44.17,43.31,45.14,44.9,45.33,45.31,545.0,43.7,2.06,2,11,1823,1,2.05,23.5,63.5,24.9
060C26H549457556V1,AGM60_V1,4,2026-08-17,182.958,176.051,175.774,174.888,177.06,176.255,43.7,45.29,44.86,44.55,46.58,46.63,530.3,34.1,2.04,3,10,1892,4,2.08,26.7,75.0,20.4
060C26H774576821V1,AGM60_V1,3,2026-08-12,174.298,173.21,172.075,175.034,175.107,177.264,45.75,45.43,44.65,43.85,44.29,46.22,544.1,51.1,1.99,3,4,2017,2,2.13,21.3,60.0,20.9
060C26H205356147V1,AGM60_V1,4,2026-08-05,185.199,184.148,182.798,180.471,184.336,186.768,46.42,43.97,43.45,45.41,45.77,46.66,532.3,53.2,2.0,5,11,1440,3,2.08,26.8,62.0,21.5
060C26I931808465V1,AGM60_V1,5,2026-09-15,185.671,185.297,184.335,183.516,184.953,182.893,44.17,43.9,45.17,46.79,44.04,45.89,540.4,43.8,2.06,4,12,1540,1,2.12,27.1,63.2,26.9
060C26I868480444V1,AGM60_V1,2,2026-09-03,188.489,185.713,191.398,182.972,182.809,185.183,44.29,43.47,45.55,44.95,43.64,46.01,537.8,38.7,1.99,5,13,1442,3,2.13,28.3,70.3,26.7
060C26I329062801V1,AGM60_V1,3,2026-09-04,173.998,184.052,178.256,186.428,181.755,182.384,45.42,45.3,45.02,43.68,45.02,46.63,538.2,42.1,2.06,5,5,1870,3,2.11,27.2,69.7,31.2
060C26I320745556V1,AGM60_V1,3,2026-09-13,175.205,177.973,171.689,170.39,170.226,173.401,45.24,44.69,45.33,45.18,46.98,44.15,539.0,46.2,2.08,4,15,1518,3,2.08,25.0,67.7,21.1
060C26I519475808V1,AGM60_V1,4,2026-09-07,168.401,170.538,167.677,181.209,177.436,171.418,45.72,45.05,44.98,45.55,44.06,44.27,542.9,65.2,2.04,5,6,1746,3,2.03,21.3,60.0,23.7
060C26I395578805V1,AGM60_V1,3,2026-09-26,177.774,177.654,179.337,180.356,178.456,176.457,43.27,44.09,44.11,46.46,45.45,45.8,541.3,37.2,2.04,2,6,1751,4,2.04,32.6,67.9,22.4
060C26I735627686V1,AGM60_V1,3,2026-09-22,175.761,177.871,181.062,174.275,179.25,189.671,46.7,43.65,42.79,44.63,43.99,44.58,537.1,46.3,2.02,6,9,1490,3,2.07,24.2,65.9,26.2
060C26I798454132V1,AGM60_V1,3,2026-09-10,175.919,172.499,180.429,171.421,173.661,174.296,45.94,46.12,45.34,44.21,43.66,44.41,544.9,49.7,1.97,3,6,1336,3,2.16,20.7,61.5,22.4
060C26I584011564V1,AGM60_V1,3,2026-09-13,183.046,185.115,183.846,181.34,183.915,182.923,43.02,43.96,43.58,45.56,44.84,45.54,536.2,39.6,2.08,7,14,2568,2,2.15,24.4,68.8,20.8
060C26I058488883V1,AGM60_V1,4,2026-09-21,177.122,180.858,179.074,176.37,179.967,181.506,48.0,45.2,46.79,45.57,44.4,46.73,538.8,46.2,2.07,7,7,1882,1,2.1,22.4,70.7,22.8
060C26I047772286V1,AGM60_V1,1,2026-09-06,183.129,177.022,183.528,177.07,183.186,179.133,45.0,44.68,44.9,46.14,45.22,46.13,539.5,49.0,2.04,3,12,1644,1,2.14,26.0,66.8,29.3
060C26I321513349V1,AGM60_V1,3,2026-09-20,176.96,178.742,175.942,181.164,179.318,181.965,44.66,45.45,44.53,45.01,45.98,44.68,537.0,38.3,2.05,3,10,2012,3,2.14,24.2,74.8,20.8
060C26I658850900V1,AGM60_V1,3,2026-09-03,183.141,180.398,173.68,187.832,182.28,179.029,44.12,45.89,44.73,47.39,47.49,45.87,530.1,36.2,2.09,6,6,1977,3,2.09,27.4,70.8,21.5
060C26J194695068V1,AGM60_V1,3,2026-10-14,186.819,190.404,185.883,192.213,188.602,182.38,45.12,44.96,43.34,46.47,44.46,45.79,546.1,38.1,2.13,5,8,1714,3,2.13,25.9,72.8,25.9
060C26J173698605V1,AGM60_V1,3,2026-10-17,182.846,182.334,184.288,182.057,183.247,179.709,43.95,44.59,45.07,45.3,45.94,45.38,540.5,31.5,2.05,8,16,2159,4,2.19,24.7,74.3,25.3
060C26J966975757V1,AGM60_V1,1,2026-10-25,179.265,180.83,174.368,174.669,172.302,175.067,44.99,44.55,45.53,43.97,45.34,45.26,543.6,31.0,1.95,8,10,2139,3,2.09,29.3,70.1,28.2
060C26J002503698V1,AGM60_V1,4,2026-10-11,182.291,182.212,185.859,181.591,180.981,181.771,43.72,45.77,46.75,46.04,45.93,46.32,535.1,31.3,2.08,5,9,1362,4,2.05,20.6,72.3,23.5
060C26J701553068V1,AGM60_V1,2,2026-10-08,179.315,179.852,178.657,178.557,179.753,178.476,44.9,45.27,44.97,44.53,44.93,44.14,520.7,35.7,2.06,7,10,1999,2,2.03,26.7,68.6,31.3
060C26J461763278V1,AGM60_V1,5,2026-10-13,182.688,180.267,184.245,185.349,181.782,185.117,45.57,45.83,44.37,45.52,44.71,45.1,548.0,44.6,2.06,6,10,2376,4,2.11,29.4,75.0,24.4
060C26J505489976V1,AGM60_V1,3,2026-10-07,178.787,174.427,184.843,172.854,177.594,180.065,44.28,44.08,44.07,44.83,44.28,46.37,546.7,40.4,2.13,6,7,1857,1,2.11,29.6,63.4,26.8
060C26J742681444V1,AGM60_V1,3,2026-10-08,184.428,183.844,187.504,186.897,186.673,187.613,46.76,45.58,43.92,44.32,46.06,42.94,545.1,28.0,2.04,3,9,1717,4,2.12,26.3,60.2,23.7
060C26J116217022V1,AGM60_V1,1,2026-10-15,186.07,183.64,180.163,178.817,182.018,180.257,44.48,44.26,46.11,46.72,44.96,45.67,550.1,43.5,2.07,7,8,1517,5,2.1,32.6,67.3,28.4
060C26J110148774V1,AGM60_V1,3,2026-10-07,175.076,174.456,176.281,177.433,175.415,176.214,45.61,44.63,44.94,44.56,45.61,45.29,530.4,48.0,2.07,2,15,1955,4,2.11,20.5,64.0,24.2
060C26J070375126V1,AGM60_V1,3,2026-10-21,176.813,175.682,176.965,177.274,174.499,175.887,47.1,44.18,46.27,47.2,44.31,46.09,532.4,44.0,2.04,7,20,1554,4,2.12,23.7,65.3,23.8
060C26J482723845V1,AGM60_V1,3,2026-10-26,185.193,184.923,177.194,180.74,181.937,183.545,46.0,43.44,44.58,45.1,44.28,44.76,536.4,36.9,2.02,3,15,1779,2,2.15,24.6,68.5,29.2
060C26J833022416V1,AGM60_V1,2,2026-10-16,182.084,181.241,184.69,183.294,184.945,186.844,46.45,43.36,45.61,43.54,44.06,45.01,531.1,43.8,2.08,5,10,1736,3,2.09,29.7,67.9,28.0
060C26K834871074V1,AGM60_V1,1,2026-11-14,185.262,174.268,177.444,176.839,175.339,178.077,43.33,45.47,46.57,45.79,43.72,43.6,543.7,44.1,2.04,5,12,1717,3,2.1,28.6,67.8,27.1
060C26K991460268V1,AGM60_V1,3,2026-11-23,166.881,167.5,175.718,175.035,170.003,174.993,46.9,44.62,45.69,43.97,45.74,43.64,533.8,50.1,2.06,5,12,2169,3,2.12,28.6,65.4,24.2
060C26K206160657V1,AGM60_V1,3,2026-11-03,189.271,187.935,186.419,180.1,190.915,191.283,43.46,45.42,45.87,44.83,45.2,44.28,546.6,60.3,2.05,4,13,1659,2,2.1,23.2,67.2,26.6
060C26K260633121V1,AGM60_V1,1,2026-11-21,177.96,184.874,173.168,172.314,181.675,178.211,46.83,45.39,45.67,45.46,44.47,44.82,537.7,34.8,2.09,6,12,1932,2,2.15,25.7,70.5,25.6
060C26K703135778V1,AGM60_V1,3,2026-11-27,179.288,174.136,178.569,175.76,178.503,177.52,44.87,44.49,46.84,46.05,45.29,45.48,533.1,31.6,2.06,2,17,1451,2,2.15,20.9,67.7,29.9
060C26K427710459V1,AGM60_V1,1,2026-11-23,179.545,180.539,182.718,181.084,185.019,178.529,45.0,46.45,43.92,44.04,44.83,46.74,548.9,37.2,2.09,5,7,1362,4,2.08,22.8,65.7,24.5
060C26K461697600V1,AGM60_V1,2,2026-11-14,174.447,175.059,173.559,177.369,175.736,178.216,44.28,44.71,45.13,43.71,45.47,44.74,534.9,54.4,2.03,1,16,1384,3,2.03,15.1,62.0,20.3
060C26K862994946V1,AGM60_V1,3,2026-11-06,187.189,186.733,185.851,180.324,188.683,186.174,45.25,46.24,43.41,45.84,44.47,46.73,536.6,35.7,2.03,4,5,2081,3,2.09,23.3,66.6,25.9
060C26K791945500V1,AGM60_V1,5,2026-11-08,173.384,171.5,180.123,177.052,179.462,176.443,43.94,45.95,44.53,44.86,44.27,44.69,544.4,40.7,2.06,8,10,1888,5,2.1,27.6,69.0,26.8
060C26K111333991V1,AGM60_V1,5,2026-11-21,181.982,175.733,177.839,180.241,179.639,184.165,44.54,45.71,44.41,43.74,46.16,46.07,540.3,34.1,2.07,6,2,2008,2,2.14,23.7,71.1,29.8
060C26K971553511V1,AGM60_V1,2,2026-11-20,184.746,185.761,186.797,184.908,184.929,183.49,44.1,43.92,43.4,44.42,45.89,43.48,542.2,36.0,2.07,5,4,1599,3,2.11,23.4,68.2,28.8
060C26K171814880V1,AGM60_V1,3,2026-11-16,174.794,182.111,176.669,187.412,178.338,179.397,44.07,43.38,43.58,45.66,45.63,45.23,544.9,57.7,2.04,6,9,1676,2,2.15,24.2,60.9,24.9
060C26K363471465V1,AGM60_V1,2,2026-11-06,170.58,175.37,177.508,178.87,180.702,175.527,45.38,43.98,45.51,44.41,45.32,44.78,531.5,45.0,2.04,3,11,1697,4,2.14,29.8,68.2,26.4
060C26L776272443V1,AGM60_V1,1,2026-12-23,185.869,169.573,183.927,183.824,183.164,179.097,44.95,46.08,44.96,46.98,45.15,46.47,548.3,58.7,2.09,3,15,2014,5,2.09,17.4,64.3,24.6
060C26L514414099V1,AGM60_V1,4,2026-12-24,184.182,182.272,183.374,184.706,182.181,177.709,44.8,44.42,46.0,44.58,44.92,45.12,544.8,46.1,2.03,6,12,1160,4,2.05,25.3,70.8,27.6
060C26L122062457V1,AGM60_V1,3,2026-12-08,174.194,176.463,179.451,179.737,179.352,173.076,46.1,47.07,46.5,44.97,45.62,45.42,552.1,52.5,2.02,2,8,1563,2,2.08,22.2,61.8,28.6
060C26L073523154V1,AGM60_V1,3,2026-12-01,182.082,181.747,179.098,183.059,188.432,184.132,46.59,44.87,44.78,46.61,45.82,43.65,541.8,43.2,2.02,9,5,1739,2,2.1,29.4,62.8,23.6
060C26L625567268V1,AGM60_V1,3,2026-12-05,182.028,179.9,182.154,182.703,181.696,183.259,45.3,45.75,44.59,45.83,45.02,46.2,536.9,47.8,2.08,6,14,1836,4,2.07,35.0,60.0,22.6
060C26L752259874V1,AGM60_V1,4,2026-12-23,182.498,189.932,185.403,185.455,189.814,182.51,45.37,45.23,45.81,45.33,45.97,44.76,547.3,47.4,2.08,7,10,1913,4,2.09,21.3,69.7,23.9
060C26L114471256V1,AGM60_V1,4,2026-12-05,180.439,179.795,180.518,182.58,181.495,180.931,46.65,45.18,46.97,43.54,44.36,43.91,523.6,44.5,2.04,6,8,1410,3,2.06,22.6,66.3,24.6
060C26L823303540V1,AGM60_V1,3,2026-12-09,178.456,181.42,177.371,178.592,181.774,178.981,45.28,45.91,44.79,43.9,46.23,46.33,518.1,40.8,2.07,8,4,1883,5,2.09,19.9,67.7,22.2
060C26L098494812V1,AGM60_V1,5,2026-12-13,189.043,194.429,187.178,191.447,181.367,181.139,43.69,46.3,44.42,43.48,46.76,45.07,535.0,41.1,2.07,4,8,1694,4,2.15,24.7,67.5,24.5
060C26L611347003V1,AGM60_V1,4,2026-12-09,175.608,179.492,172.933,171.731,178.976,177.836,47.64,44.91,43.85,46.52,42.86,45.1,530.4,43.2,2.12,5,13,1885,2,2.13,30.9,70.0,25.2
060C26L568520488V1,AGM60_V1,3,2026-12-11,181.451,182.244,181.626,182.112,183.594,180.333,44.2,45.56,46.46,44.65,45.35,44.52,533.0,34.7,2.04,6,14,1493,3,2.11,21.8,69.5,28.5
060C26L745544151V1,AGM60_V1,4,2026-12-11,182.095,176.072,176.208,177.218,176.656,177.419,46.99,44.47,44.89,44.96,44.94,45.02,538.0,38.4,2.06,9,2,2389,2,2.1,24.9,65.8,25.3
060C26L952247912V1,AGM60_V1,3,2026-12-02,185.873,186.285,178.03,181.831,182.508,187.811,45.63,43.62,44.39,45.39,45.32,44.55,535.1,44.2,2.09,4,13,2010,2,2.11,25.2,67.1,24.4
060C26A781042399Y1,AGM60_Y1,5,2026-01-06,179.961,177.72,178.975,178.475,174.31,170.218,46.7,44.99,43.51,43.43,44.19,44.13,542.5,41.5,2.05,7,10,2261,2,2.07,32.4,70.2,16.1
060C26A473088515Y1,AGM60_Y1,3,2026-01-25,186.401,176.415,182.021,180.495,177.931,173.881,46.18,45.58,44.57,45.74,42.95,46.9,517.8,41.0,2.05,3,9,1942,2,2.09,15.9,70.3,24.2
060C26A085139714Y1,AGM60_Y1,3,2026-01-08,193.212,182.892,189.422,190.284,185.581,183.834,44.99,44.74,45.41,46.1,45.58,44.9,555.1,45.3,2.03,6,9,1921,4,2.1,26.1,69.3,27.5
060C26A318933121Y1,AGM60_Y1,2,2026-01-25,173.635,179.639,179.517,174.258,176.804,177.056,45.69,45.28,46.3,43.19,43.71,45.62,556.4,44.8,2.05,7,10,1830,3,2.09,26.1,67.1,26.7
060C26A112716182Y1,AGM60_Y1,4,2026-01-12,181.154,180.152,184.43,173.476,176.048,179.091,44.1,44.96,44.44,43.9,46.17,45.12,527.5,32.7,2.05,4,14,1794,2,2.11,23.5,72.8,21.4
060C26A247470441Y1,AGM60_Y1,2,2026-01-25,176.775,177.17,177.778,177.401,177.621,177.107,45.41,44.92,43.81,45.51,44.11,45.41,533.4,32.8,2.04,6,9,1745,2,2.09,22.1,66.3,28.7
060C26A023081795Y1,AGM60_Y1,2,2026-01-13,181.195,181.881,181.504,182.191,182.689,181.782,44.51,44.23,46.15,47.14,44.81,46.1,527.9,36.2,2.11,4,17,1886,2,2.1,24.1,72.6,24.1
060C26A406913190Y1,AGM60_Y1,5,2026-01-13,176.656,181.46,178.949,183.033,174.729,182.647,43.27,44.51,46.7,43.95,43.85,45.62,557.3,33.8,2.07,6,13,1984,5,2.07,24.7,70.5,27.1
060C26A609879552Y1,AGM60_Y1,4,2026-01-23,177.047,179.727,176.14,172.681,175.556,182.962,45.2,45.78,45.57,45.23,45.58,43.79,543.7,47.6,2.02,6,15,1671,3,2.07,25.2,64.3,30.6
060C26A295185703Y1,AGM60_Y1,3,2026-01-07,178.676,185.965,178.192,177.607,180.702,182.543,43.94,46.3,48.49,44.4,45.6,45.43,554.2,40.9,2.1,6,10,2201,3,2.01,21.8,71.1,30.2
060C26A489902544Y1,AGM60_Y1,3,2026-01-01,186.907,185.95,179.79,182.109,183.256,178.377,44.63,45.71,45.37,47.44,44.68,44.22,549.5,47.7,2.01,6,9,1513,2,2.15,24.8,70.4,26.8
060C26A902331500Y1,AGM60_Y1,4,2026-01-26,175.149,176.99,176.79,178.443,178.761,178.242,44.49,44.01,44.95,44.23,43.85,45.41,549.7,39.6,2.0,4,8,1808,1,2.16,23.5,75.0,22.6
060C26A459708198Y1,AGM60_Y1,2,2026-01-08,185.621,181.821,182.138,187.345,184.215,185.107,44.77,44.86,43.6,45.41,45.16,47.76,538.1,37.6,2.06,5,12,1740,4,2.12,21.9,66.9,25.5
060C26B833687520Y1,AGM60_Y1,4,2026-02-21,173.425,177.944,172.303,170.931,179.898,178.152,45.03,44.37,43.61,44.58,44.86,45.45,545.5,42.0,2.02,5,1,1839,3,2.1,24.0,71.4,25.3
060C26B750547826Y1,AGM60_Y1,4,2026-02-08,184.105,178.901,180.53,179.277,186.196,179.47,45.58,46.15,45.07,44.42,44.95,45.58,561.1,28.7,2.03,6,13,1779,3,2.04,21.6,74.9,18.7
060C26B077260394Y1,AGM60_Y1,2,2026-02-05,174.631,176.009,172.914,175.535,180.235,176.096,46.22,46.35,46.83,43.47,45.36,46.5,550.9,44.3,2.1,4,13,1671,3,2.11,26.2,62.4,25.2
060C26B293571436Y1,AGM60_Y1,3,2026-02-08,182.626,181.168,178.013,179.376,178.136,177.299,45.51,46.55,44.55,45.21,44.75,44.42,551.5,39.4,2.05,1,5,1883,2,2.1,22.3,69.6,23.5
060C26B455925809Y1,AGM60_Y1,5,2026-02-16,180.401,181.203,180.809,182.408,177.806,177.498,44.37,45.83,46.36,44.63,44.99,45.04,559.8,46.6,2.07,4,12,2110,3,2.08,23.6,70.4,18.7
060C26B583895129Y1,AGM60_Y1,2,2026-02-24,183.589,185.065,182.078,185.016,182.052,177.939,44.04,44.87,43.21,43.5,44.64,45.49,536.2,52.5,2.08,5,13,1988,2,2.08,24.0,61.8,28.4
060C26B802306456Y1,AGM60_Y1,3,2026-02-20,181.761,188.229,179.716,189.489,185.965,193.545,44.26,44.18,44.25,45.07,44.56,45.91,547.2,50.2,2.08,8,8,1820,3,2.08,22.9,63.4,27.3
060C26B748399756Y1,AGM60_Y1,3,2026-02-25,181.83,176.6,181.079,177.478,173.825,177.502,44.29,45.07,44.37,43.98,45.1,44.39,548.2,37.7,2.08,5,7,1647,3,2.08,24.0,71.1,28.4
060C26B436875742Y1,AGM60_Y1,3,2026-02-15,182.156,181.734,181.736,182.946,181.923,182.293,44.98,44.77,45.33,44.15,44.15,45.09,540.5,29.3,2.05,6,16,1553,4,2.08,27.2,75.0,27.3
060C26B324157645Y1,AGM60_Y1,4,2026-02-08,171.933,169.234,173.399,172.284,171.907,173.493,45.89,44.64,46.91,43.79,46.64,45.43,555.7,35.4,2.1,6,11,1995,5,2.13,25.9,69.5,23.7
060C26B370687179Y1,AGM60_Y1,3,2026-02-12,181.175,178.25,183.748,177.38,180.484,175.824,45.53,45.61,45.06,44.0,43.56,47.98,528.6,41.8,2.03,6,11,1926,4,2.07,19.2,65.1,25.7
060C26B701103835Y1,AGM60_Y1,4,2026-02-14,179.645,183.755,174.718,176.051,178.484,180.603,44.2,46.09,45.59,43.29,45.14,44.13,545.0,41.3,1.99,3,14,1773,5,2.14,20.7,65.4,27.8
060C26B118831450Y1,AGM60_Y1,4,2026-02-17,183.934,176.307,178.658,184.443,184.487,177.569,44.82,45.55,46.09,45.24,44.0,46.0,540.1,45.0,2.1,8,9,1851,3,2.09,26.1,64.7,20.0
060C26C396176413Y1,AGM60_Y1,4,2026-03-10,181.884,177.733,175.11,182.47,176.934,182.946,44.01,46.27,44.45,46.68,43.95,46.16,536.3,59.1,2.04,5,8,1781,2,2.07,28.2,66.4,29.0
060C26C980647597Y1,AGM60_Y1,2,2026-03-17,186.203,183.178,187.868,181.49,181.14,182.571,45.08,45.67,44.09,44.34,44.25,44.49,571.4,50.2,2.05,7,6,1843,2,2.06,28.1,66.2,21.7
060C26C958611145Y1,AGM60_Y1,4,2026-03-08,188.817,192.477,192.052,188.928,186.253,187.634,44.42,44.78,45.36,43.6,43.87,45.61,529.6,35.2,2.03,4,5,1643,4,2.09,27.4,70.3,26.5
060C26C137225988Y1,AGM60_Y1,5,2026-03-16,178.64,174.939,177.544,175.679,174.649,181.522,44.17,45.48,46.58,44.9,44.87,44.63,554.7,41.7,2.09,3,9,2482,2,2.05,21.4,63.4,26.3
060C26C128219350Y1,AGM60_Y1,2,2026-03-16,182.794,192.0,181.017,185.995,187.126,192.013,46.35,45.18,44.26,45.62,45.52,45.07,516.2,43.1,2.09,8,10,1430,2,2.12,27.9,66.3,21.1
060C26C100049109Y1,AGM60_Y1,1,2026-03-14,176.38,170.209,166.764,171.256,180.93,168.719,45.1,46.26,44.12,46.01,43.93,45.2,529.6,45.3,2.02,6,10,1789,5,2.13,29.3,70.8,25.2
060C26C760572483Y1,AGM60_Y1,3,2026-03-06,180.641,181.51,179.28,182.609,174.249,173.545,44.38,43.74,43.26,47.08,45.58,45.55,553.2,46.2,2.05,4,11,1483,1,2.1,19.5,75.0,25.5
060C26C614720731Y1,AGM60_Y1,3,2026-03-09,184.285,185.793,184.538,184.881,183.894,185.364,44.89,45.34,45.62,44.21,46.06,44.99,526.5,32.9,2.07,5,8,1398,3,2.06,26.2,66.6,22.2
060C26C783097862Y1,AGM60_Y1,2,2026-03-19,187.993,186.563,190.241,183.471,184.621,183.719,45.09,45.31,44.63,45.99,44.49,45.82,528.7,33.1,2.06,6,10,1928,4,2.09,33.2,73.1,26.6
060C26C803955825Y1,AGM60_Y1,2,2026-03-26,186.796,183.9,182.193,187.408,184.589,181.818,43.84,44.71,45.63,43.91,44.91,43.45,534.4,34.0,2.05,6,10,1911,4,2.08,31.7,68.2,27.6
060C26C323119294Y1,AGM60_Y1,2,2026-03-17,180.292,176.553,179.213,178.565,179.24,181.412,44.45,44.49,44.61,44.45,47.6,45.18,554.9,40.4,2.09,6,12,1866,5,2.09,28.0,66.6,26.7
060C26C920997793Y1,AGM60_Y1,3,2026-03-06,188.385,185.716,185.833,187.08,186.846,187.456,44.99,45.58,43.45,45.1,43.77,45.94,554.7,34.0,2.01,4,6,1849,3,2.11,26.4,64.9,26.0
060C26C147809485Y1,AGM60_Y1,3,2026-03-13,177.157,187.392,182.238,179.139,187.376,180.166,45.28,46.02,44.75,45.05,45.31,44.81,532.7,48.5,2.0,8,10,1971,4,2.11,30.3,67.4,24.9
060C26D023455015Y1,AGM60_Y1,3,2026-04-24,178.913,179.459,181.568,182.901,179.66,180.813,45.21,44.4,44.18,46.05,43.18,43.56,560.3,41.2,2.01,3,12,2081,2,2.1,25.7,64.9,23.9
060C26D646695428Y1,AGM60_Y1,2,2026-04-12,182.897,179.933,182.387,177.365,180.426,173.824,45.67,46.11,47.29,46.14,46.71,43.73,528.5,38.3,1.99,7,7,2227,3,2.12,27.0,63.4,26.9
060C26D460814633Y1,AGM60_Y1,4,2026-04-01,177.825,182.838,177.601,177.727,178.235,179.691,45.16,44.71,46.83,43.51,43.39,46.02,536.1,30.7,2.07,8,9,1896,4,2.15,25.9,72.2,23.6
060C26D764704533Y1,AGM60_Y1,4,2026-04-24,172.726,176.873,173.049,178.1,177.682,179.062,43.02,44.63,44.88,44.63,44.59,44.18,537.7,44.6,2.05,4,12,1815,3,2.09,26.4,64.5,26.2
060C26D150120099Y1,AGM60_Y1,3,2026-04-11,183.089,180.239,183.772,185.401,183.195,185.519,46.37,44.94,45.45,43.65,44.33,45.08,543.2,47.9,2.05,1,9,2160,3,2.1,23.9,66.5,24.8
060C26D301584462Y1,AGM60_Y1,4,2026-04-05,179.857,183.438,180.787,178.993,180.774,180.477,45.6,46.28,41.95,45.87,46.23,44.19,537.6,23.2,2.07,4,15,2012,2,2.12,23.8,68.9,23.3
060C26D883765537Y1,AGM60_Y1,1,2026-04-16,175.276,175.455,173.809,173.753,173.729,177.978,45.11,45.64,45.2,43.02,45.16,44.58,542.5,28.3,2.04,6,10,2405,3,2.11,20.9,68.8,15.4
060C26D846311978Y1,AGM60_Y1,2,2026-04-06,184.437,180.398,186.636,185.001,175.109,176.884,42.98,44.2,43.84,46.15,44.75,45.53,527.5,45.0,2.07,6,1,1925,3,2.15,22.1,72.2,24.4
060C26D194424424Y1,AGM60_Y1,2,2026-04-19,178.945,177.34,178.895,175.573,175.109,176.529,47.23,45.02,46.39,45.68,46.34,46.49,544.4,43.3,2.13,6,3,1708,5,2.08,24.5,69.0,22.6
060C26D855065459Y1,AGM60_Y1,3,2026-04-03,187.034,182.363,185.723,188.467,183.756,193.292,46.04,45.58,45.6,45.32,45.31,45.02,538.1,57.1,2.05,5,12,1522,3,2.07,24.8,62.2,26.7
060C26D632041196Y1,AGM60_Y1,3,2026-04-24,176.966,176.568,177.416,178.469,177.393,175.103,43.82,44.47,43.78,44.31,46.76,43.86,528.6,38.1,2.06,3,4,1263,5,2.09,21.9,66.1,25.9
060C26D904213502Y1,AGM60_Y1,4,2026-04-13,182.595,179.09,179.322,178.512,179.595,178.411,44.99,43.31,44.8,46.79,44.24,44.07,539.4,37.8,2.07,5,12,2387,3,2.08,24.1,64.6,24.1
060C26D366654911Y1,AGM60_Y1,4,2026-04-20,187.197,187.976,185.602,186.33,185.911,185.531,44.39,44.51,46.78,45.16,44.55,45.29,530.7,33.1,2.05,6,15,1452,4,2.09,20.3,65.0,26.3
060C26E596930560Y1,AGM60_Y1,3,2026-05-04,178.009,186.51,179.267,181.637,175.311,180.182,45.79,45.29,44.16,44.37,43.62,43.98,542.1,51.4,2.04,3,13,1576,3,2.08,25.2,68.0,24.1
060C26E752204787Y1,AGM60_Y1,4,2026-05-10,182.428,179.341,182.169,180.857,181.637,178.734,44.61,44.73,45.15,45.45,45.66,46.54,532.7,39.7,2.06,5,10,1601,1,2.04,22.4,68.3,22.0
060C26E364245766Y1,AGM60_Y1,4,2026-05-16,184.702,180.202,176.394,177.71,185.544,179.935,43.0,43.4,47.21,46.0,43.34,45.13,519.1,42.7,2.1,6,12,1623,3,2.2,25.5,63.9,24.4
060C26E441023608Y1,AGM60_Y1,3,2026-05-14,181.423,179.289,187.722,179.853,177.941,177.134,43.34,46.09,45.51,46.87,44.22,45.69,533.6,44.6,2.05,4,14,2321,3,2.15,16.5,74.9,20.6
060C26E710854739Y1,AGM60_Y1,3,2026-05-08,180.65,178.979,173.545,182.879,177.627,174.453,46.04,46.32,45.41,46.22,44.05,44.25,542.8,43.6,2.05,6,12,1489,2,2.12,29.2,75.0,25.9
060C26E998552905Y1,AGM60_Y1,3,2026-05-11,186.042,184.578,180.109,185.876,182.996,183.377,44.89,45.87,44.36,44.42,47.96,43.54,532.8,42.8,2.04,4,9,1511,2,2.09,22.7,64.3,33.6
060C26E388269997Y1,AGM60_Y1,3,2026-05-08,183.256,191.606,179.729,190.222,182.819,180.309,44.84,45.1,44.4,46.45,46.11,46.14,535.8,40.9,2.06,5,1,1677,3,2.11,21.2,68.5,24.7
060C26E382072854Y1,AGM60_Y1,4,2026-05-03,176.324,176.893,174.891,174.174,178.612,176.058,43.76,45.22,46.21,43.63,45.58,46.49,538.7,37.8,2.1,3,9,1774,3,2.06,24.7,67.8,25.6
060C26E628204210Y1,AGM60_Y1,3,2026-05-27,175.027,174.543,177.554,176.966,175.628,178.14,45.35,43.64,45.88,42.97,45.82,44.41,521.7,41.1,2.07,6,11,1318,4,2.1,21.1,65.4,25.3
060C26E437566432Y1,AGM60_Y1,2,2026-05-26,175.194,173.191,171.427,175.54,175.645,171.775,43.77,46.0,44.44,43.3,43.49,44.97,541.3,33.7,2.09,7,16,1311,4,2.07,24.2,66.3,21.0
060C26E448184585Y1,AGM60_Y1,3,2026-05-14,187.425,179.779,182.082,186.062,178.796,182.355,44.4,45.14,45.84,42.62,44.33,43.17,530.8,39.6,2.08,4,5,1884,3,2.11,25.4,70.1,28.7
060C26E739881542Y1,AGM60_Y1,3,2026-05-07,179.863,180.431,180.175,175.507,179.578,184.816,44.46,46.58,45.1,42.94,45.13,44.3,536.4,44.7,2.08,5,9,2058,4,2.08,24.3,69.1,21.6
060C26E363193219Y1,AGM60_Y1,1,2026-05-22,183.031,188.856,185.992,184.439,182.14,186.765,46.46,43.46,44.89,45.85,46.76,45.89,541.5,47.8,2.03,8,16,1559,5,2.12,22.9,66.4,23.5
060C26F030502081Y1,AGM60_Y1,3,2026-06-05,180.963,185.601,178.399,176.544,171.073,177.438,46.08,45.33,47.37,46.92,46.21,45.04,535.3,51.2,2.05,2,14,1442,4,2.06,25.3,68.6,19.2
060C26F915413415Y1,AGM60_Y1,3,2026-06-04,179.297,177.996,175.424,175.102,179.985,179.637,45.37,45.14,45.49,43.79,43.6,46.05,558.5,43.0,2.07,4,11,1755,3,2.1,22.2,63.0,31.2
060C26F663716935Y1,AGM60_Y1,3,2026-06-03,177.986,187.555,175.006,174.927,174.403,171.945,46.06,44.93,45.55,45.68,45.29,45.91,523.2,30.2,2.09,7,7,1350,3,2.1,27.2,68.1,25.0
060C26F179592488Y1,AGM60_Y1,3,2026-06-16,181.934,182.822,186.092,181.484,182.648,186.594,45.29,44.09,46.82,44.66,44.95,46.6,534.6,42.4,2.04,4,11,2363,4,2.08,22.6,68.1,26.9
060C26F964159948Y1,AGM60_Y1,4,2026-06-25,191.869,184.82,184.124,179.53,177.93,185.985,44.32,44.14,45.34,43.83,43.76,44.67,528.3,45.2,2.0,5,7,1959,2,2.07,25.9,61.1,19.5
060C26F091429864Y1,AGM60_Y1,3,2026-06-27,174.676,180.928,177.914,180.526,176.243,181.562,44.33,46.41,47.1,45.6,42.71,43.4,527.3,42.6,2.08,4,11,1202,3,2.16,25.6,67.7,23.6
060C26F560474786Y1,AGM60_Y1,3,2026-06-05,176.667,175.615,174.619,176.257,175.604,177.542,45.05,43.15,46.51,43.72,43.63,44.73,520.2,24.9,2.12,5,9,1329,3,2.11,31.6,69.6,19.5
060C26F060207177Y1,AGM60_Y1,2,2026-06-17,183.815,183.826,185.063,184.398,183.061,185.281,45.11,46.04,43.29,44.43,44.99,44.58,554.7,29.3,2.05,5,16,1676,2,2.08,26.2,72.1,26.3
060C26F570040026Y1,AGM60_Y1,4,2026-06-15,174.431,185.109,169.014,171.253,173.249,170.689,45.14,45.4,43.53,44.08,46.07,45.18,535.2,45.1,2.06,7,7,2086,2,2.08,26.7,60.6,29.4
060C26F183729282Y1,AGM60_Y1,2,2026-06-03,175.707,175.899,181.119,181.867,177.903,185.53,45.96,45.16,45.05,44.8,43.56,45.7,545.2,35.3,2.07,5,8,1756,5,2.12,27.8,70.4,21.4
060C26F880671247Y1,AGM60_Y1,4,2026-06-24,181.6,179.295,178.453,182.807,175.899,177.63,45.6,44.76,45.76,45.86,45.01,44.0,544.2,49.9,2.06,5,11,2037,4,2.16,24.5,62.5,25.0
060C26F792015651Y1,AGM60_Y1,3,2026-06-09,181.843,176.806,180.33,181.455,176.848,181.356,45.65,44.8,46.56,46.12,45.07,43.66,553.8,45.1,2.07,4,5,1818,2,2.07,21.8,69.6,28.0
060C26F755140545Y1,AGM60_Y1,2,2026-06-13,176.172,176.55,177.416,177.083,179.772,177.894,45.12,44.05,45.08,45.45,45.42,44.9,531.8,25.1,2.07,3,12,874,3,2.08,21.4,71.1,26.7
060C26G152934683Y1,AGM60_Y1,2,2026-07-02,179.408,176.864,184.908,178.174,180.305,180.226,43.91,43.11,43.45,45.34,44.41,44.61,545.2,59.0,2.04,8,11,2156,3,2.07,22.0,63.3,29.6
060C26G985038581Y1,AGM60_Y1,3,2026-07-03,177.572,181.179,179.143,177.117,179.941,178.567,46.03,43.76,44.41,46.32,41.21,44.81,546.5,41.9,2.04,6,12,1996,2,2.07,29.2,63.7,27.1
060C26G098175284Y1,AGM60_Y1,5,2026-07-16,171.416,179.793,181.376,173.488,171.643,172.887,43.92,44.71,46.03,44.61,45.36,46.22,531.3,31.1,2.04,4,16,1845,4,2.08,26.5,75.0,20.8
060C26G951811301Y1,AGM60_Y1,4,2026-07-07,178.716,185.68,177.142,180.0,179.076,184.584,44.85,46.33,44.61,46.84,44.62,45.45,526.3,46.4,2.06,5,9,2088,3,2.06,25.3,75.0,22.2
060C26G314980608Y1,AGM60_Y1,2,2026-07-08,177.172,178.727,177.639,178.211,176.858,179.291,45.57,43.78,46.14,43.61,43.77,44.01,533.5,29.1,1.97,7,9,1159,1,2.06,25.0,75.0,21.6
060C26G415121804Y1,AGM60_Y1,3,2026-07-06,180.158,175.708,182.579,179.789,179.412,180.196,45.45,45.58,45.3,46.56,44.5,45.22,531.9,36.4,1.99,4,14,1731,4,2.1,22.4,70.4,29.0
060C26G895915080Y1,AGM60_Y1,1,2026-07-07,176.302,179.51,184.528,183.207,179.989,183.02,45.31,46.39,45.55,45.57,45.12,44.64,539.3,47.6,2.06,4,12,1551,4,2.12,24.2,67.7,23.6
060C26G625571992Y1,AGM60_Y1,4,2026-07-16,178.133,177.306,177.563,177.415,174.203,174.281,45.0,45.47,45.71,43.31,45.72,45.87,534.2,32.8,2.05,5,12,1957,2,2.09,26.5,71.0,24.8
060C26G692398195Y1,AGM60_Y1,1,2026-07-04,177.418,178.271,176.752,179.128,177.84,184.172,46.02,44.93,45.53,44.36,45.33,44.71,545.8,37.2,2.01,8,11,1477,3,2.12,25.4,67.9,21.7
060C26G393533283Y1,AGM60_Y1,3,2026-07-21,179.314,184.885,178.546,179.196,179.108,181.416,45.38,46.88,41.91,43.85,45.51,45.15,524.9,39.5,2.04,6,8,1359,4,2.13,24.9,65.6,25.3
060C26G446080561Y1,AGM60_Y1,4,2026-07-02,178.146,172.651,175.772,183.237,181.355,176.027,45.74,43.92,45.92,45.87,43.79,44.99,543.5,41.4,2.05,7,16,1734,4,2.11,24.1,67.3,24.5
060C26G322671854Y1,AGM60_Y1,2,2026-07-03,185.308,185.181,185.989,178.493,187.616,190.8,44.21,45.08,45.28,44.63,45.58,46.28,528.4,33.3,2.05,5,12,1852,2,2.11,24.8,70.4,21.5
060C26G880994502Y1,AGM60_Y1,2,2026-07-05,177.607,183.327,186.062,184.411,181.652,180.854,44.48,45.18,45.61,44.98,44.38,43.2,540.8,41.5,2.08,4,16,2181,4,2.15,23.2,68.0,24.3
060C26H097565525Y1,AGM60_Y1,4,2026-08-02,176.738,173.014,176.253,175.992,176.881,175.113,44.77,44.69,47.17,45.14,42.64,43.5,532.7,44.5,2.05,5,12,1374,1,2.12,30.4,64.6,26.4
060C26H583609139Y1,AGM60_Y1,3,2026-08-17,184.371,180.977,183.185,183.337,184.961,185.376,45.89,43.35,44.08,44.69,44.34,45.55,546.9,28.0,2.08,3,10,1632,3,2.1,22.1,73.7,26.3
060C26H669742066Y1,AGM60_Y1,1,2026-08-21,180.295,184.458,184.777,184.279,188.907,183.191,44.53,44.44,47.25,45.67,45.82,44.06,555.6,46.3,2.05,5,5,1885,3,2.06,27.2,69.8,22.9
060C26H066151138Y1,AGM60_Y1,4,2026-08-19,181.282,178.974,173.702,184.98,181.267,173.972,46.31,45.97,45.69,44.99,46.24,44.12,522.3,57.0,2.03,1,14,2295,4,2.13,27.8,66.7,30.6
060C26H757646338Y1,AGM60_Y1,2,2026-08-14,190.969,183.949,183.101,184.53,182.681,184.108,45.52,45.77,45.91,45.98,47.46,46.37,544.4,45.2,2.09,1,9,2221,2,2.06,26.1,67.0,21.8
060C26H763213787Y1,AGM60_Y1,4,2026-08-10,185.442,177.478,185.429,179.862,182.887,182.643,44.54,44.12,45.56,44.1,44.14,45.41,545.3,45.6,2.12,6,9,1189,4,2.1,27.1,64.1,16.3
060C26H971191691Y1,AGM60_Y1,2,2026-08-14,182.504,192.186,178.187,185.923,179.685,183.949,44.63,45.22,45.23,46.4,46.32,45.0,551.2,47.6,2.05,6,11,1544,2,2.03,21.2,71.6,28.2
060C26H024386321Y1,AGM60_Y1,3,2026-08-26,186.18,180.792,184.136,188.675,186.581,179.81,43.34,45.39,45.52,44.96,47.8,46.33,545.2,54.7,2.07,7,8,1532,3,2.12,24.5,67.1,24.2
060C26H196455398Y1,AGM60_Y1,2,2026-08-01,178.359,175.292,178.11,180.315,176.23,181.674,43.84,44.66,44.57,43.92,45.36,45.11,536.0,44.1,2.13,8,13,1568,3,2.11,24.7,61.9,24.2
060C26H836183651Y1,AGM60_Y1,4,2026-08-19,178.651,182.53,179.925,183.184,180.958,178.555,46.62,45.01,44.72,45.81,45.53,44.79,525.0,46.0,2.06,3,3,2665,4,2.13,22.8,65.4,25.2
060C26H951843922Y1,AGM60_Y1,4,2026-08-10,172.917,176.24,180.759,171.399,173.154,177.699,44.15,43.55,46.11,45.11,43.92,43.98,541.5,47.6,2.01,6,13,2296,4,2.11,27.4,66.0,26.8
060C26H780724168Y1,AGM60_Y1,3,2026-08-25,184.744,182.556,179.607,183.543,179.374,182.128,44.96,45.89,46.02,45.42,45.91,44.89,553.5,42.9,2.02,5,9,1424,3,2.08,27.8,69.9,24.7
060C26H396424101Y1,AGM60_Y1,3,2026-08-25,179.193,176.23,181.223,180.72,179.662,179.839,44.74,44.74,46.77,44.82,44.31,45.31,534.6,29.8,2.08,3,9,2242,2,2.14,27.8,71.6,20.6
060C26I460279806Y1,AGM60_Y1,3,2026-09-12,171.861,172.707,180.26,178.478,176.801,175.923,43.27,44.39,45.49,45.5,44.92,45.08,535.0,42.1,2.05,2,8,2250,5,2.12,22.5,66.3,24.9
060C26I120279506Y1,AGM60_Y1,4,2026-09-21,181.3,174.302,173.741,175.918,177.855,172.485,43.14,43.67,44.61,45.09,45.86,44.58,538.7,55.5,2.01,6,2,1895,3,2.07,26.1,68.9,23.9
060C26I253348156Y1,AGM60_Y1,3,2026-09-13,178.473,178.911,183.082,174.513,174.24,177.423,44.0,43.64,44.72,45.4,45.52,44.13,544.8,53.8,2.11,9,11,2163,4,2.11,23.8,67.4,24.4
060C26I293483231Y1,AGM60_Y1,4,2026-09-09,188.404,185.406,186.342,180.697,183.486,180.787,45.38,44.48,44.72,44.69,44.94,44.35,546.3,37.1,2.07,2,11,1836,6,2.07,20.8,67.4,29.4
060C26I914644567Y1,AGM60_Y1,3,2026-09-24,178.819,180.972,179.172,175.282,181.886,178.107,43.47,45.15,45.92,44.92,45.82,45.26,559.8,45.7,2.01,1,10,1517,4,2.09,18.7,60.0,21.8
060C26I315569202Y1,AGM60_Y1,4,2026-09-27,183.219,181.633,182.441,181.374,181.731,185.612,43.94,44.49,43.4,45.87,44.78,45.84,539.6,46.8,2.0,3,14,1823,3,2.1,26.0,73.5,20.0
060C26I437828183Y1,AGM60_Y1,4,2026-09-18,180.391,184.87,179.415,179.176,179.553,175.748,45.58,45.85,45.24,44.85,44.99,44.88,550.5,49.4,2.07,4,14,1984,3,2.08,18.4,66.1,23.2
060C26I172956331Y1,AGM60_Y1,4,2026-09-24,185.01,180.509,181.179,186.626,186.57,184.648,45.36,45.0,45.03,44.55,43.77,46.86,528.6,38.2,2.03,2,8,1471,2,2.11,25.2,71.1,24.6
060C26I638161545Y1,AGM60_Y1,4,2026-09-17,180.038,181.879,182.164,177.194,183.641,174.495,45.69,45.78,44.34,44.83,46.47,45.86,541.5,51.5,2.07,4,10,1818,2,2.09,27.0,72.7,24.1
060C26I499700761Y1,AGM60_Y1,2,2026-09-15,185.609,185.52,182.745,181.36,181.592,187.105,47.74,44.69,45.62,44.18,45.89,45.52,512.2,33.3,2.0,3,10,1710,2,2.15,27.1,69.9,23.0
060C26I801804070Y1,AGM60_Y1,4,2026-09-16,175.29,181.387,178.146,173.539,177.55,178.776,44.95,44.38,45.09,45.58,46.28,43.23,525.6,47.1,2.09,3,15,2107,3,2.07,20.5,70.5,29.3
060C26I650599685Y1,AGM60_Y1,3,2026-09-13,186.42,186.551,184.339,185.879,179.8,182.025,44.79,45.94,45.24,46.88,46.0,45.21,530.2,43.9,2.02,4,5,1480,5,2.15,27.3,71.2,22.7
060C26I505396549Y1,AGM60_Y1,5,2026-09-03,178.173,180.936,178.126,181.602,180.027,183.52,44.98,45.75,45.62,45.58,42.75,45.03,550.6,46.6,2.0,8,6,1783,2,2.14,24.6,63.6,23.5
060C26J811857287Y1,AGM60_Y1,3,2026-10-27,180.476,182.04,183.668,184.723,178.072,180.329,44.13,45.49,44.2,45.54,45.5,45.56,534.3,48.2,2.08,6,4,1594,5,2.08,29.0,63.4,26.6
060C26J137728822Y1,AGM60_Y1,4,2026-10-11,177.589,178.282,173.809,178.581,176.102,174.4,43.74,45.3,45.02,46.69,45.1,46.27,535.4,45.2,2.08,3,6,1251,3,2.15,30.6,71.3,23.4
060C26J846990103Y1,AGM60_Y1,5,2026-10-03,178.171,173.005,168.363,173.281,173.605,178.783,43.33,45.95,44.91,43.75,45.47,46.01,508.3,53.4,2.03,7,12,1347,2,2.09,27.9,64.5,27.1
060C26J362737028Y1,AGM60_Y1,3,2026-10-18,169.44,175.827,176.256,177.65,176.591,176.249,44.03,44.0,45.78,45.84,44.2,44.26,538.5,47.3,2.03,7,11,1818,2,2.11,23.1,61.6,34.2
060C26J412344302Y1,AGM60_Y1,3,2026-10-05,181.762,186.421,180.046,180.479,184.042,185.564,45.56,44.6,45.2,45.49,44.99,46.39,544.9,40.1,2.07,4,13,1670,1,2.13,23.9,65.6,19.3
060C26J050816643Y1,AGM60_Y1,5,2026-10-11,175.439,179.715,177.343,182.239,176.328,177.087,46.08,44.45,44.38,44.76,46.96,45.71,547.5,48.5,2.06,4,7,1457,2,2.08,31.6,68.7,30.8
060C26J589113178Y1,AGM60_Y1,3,2026-10-05,181.175,180.227,174.714,179.226,177.231,184.048,42.05,46.95,45.88,43.47,44.31,42.96,532.8,50.6,2.03,4,14,1913,2,2.12,21.4,68.4,26.8
060C26J028807516Y1,AGM60_Y1,3,2026-10-04,177.63,177.452,181.299,180.852,178.977,179.987,45.02,43.25,42.76,43.39,43.29,45.46,532.4,41.0,2.07,7,1,1909,4,2.06,19.8,63.2,23.7
060C26J975826169Y1,AGM60_Y1,3,2026-10-17,185.829,188.783,187.946,182.115,184.599,186.484,46.24,45.02,45.14,46.76,45.49,46.18,533.4,43.3,2.07,2,3,1774,2,2.1,21.3,74.4,25.4
060C26J548868044Y1,AGM60_Y1,4,2026-10-02,181.029,180.298,177.466,177.107,183.234,177.186,43.9,45.23,46.81,44.42,43.92,44.73,552.9,50.6,1.95,4,14,1419,3,2.13,22.0,65.7,24.0
060C26J581929474Y1,AGM60_Y1,5,2026-10-08,178.695,171.348,174.339,169.737,172.95,174.522,43.43,45.17,44.75,46.28,46.84,46.74,535.2,43.8,2.05,9,8,1923,2,2.08,22.6,61.2,19.8
060C26J328232101Y1,AGM60_Y1,3,2026-10-05,176.052,174.627,170.28,177.573,180.31,174.03,46.63,46.9,45.08,45.6,46.69,46.01,544.9,42.1,2.03,5,10,1702,4,2.11,24.3,70.9,28.0
060C26J359539225Y1,AGM60_Y1,2,2026-10-22,179.182,175.792,177.434,178.159,174.717,178.905,43.41,44.45,47.3,43.52,44.48,45.47,539.8,37.1,2.11,2,11,1550,3,2.15,21.6,69.8,22.7
060C26K957012671Y1,AGM60_Y1,2,2026-11-18,180.566,190.339,185.686,185.722,187.902,187.304,43.47,43.72,45.47,43.82,44.25,45.05,547.5,39.9,2.06,6,13,2015,2,2.06,27.8,69.6,23.6
060C26K925971700Y1,AGM60_Y1,2,2026-11-25,179.687,187.085,180.853,189.572,178.184,184.562,44.53,46.31,46.12,44.93,44.59,43.59,522.2,47.1,2.08,7,7,2216,4,2.13,25.4,62.9,29.7
060C26K021397316Y1,AGM60_Y1,3,2026-11-05,188.353,186.062,185.159,182.275,184.962,182.327,42.7,45.87,44.5,43.89,45.34,42.56,563.9,35.3,2.04,7,6,1965,1,2.08,23.9,65.9,24.6
060C26K209071080Y1,AGM60_Y1,3,2026-11-21,173.93,177.515,175.066,173.955,172.916,175.137,45.5,45.66,45.9,45.66,44.75,45.0,561.1,39.8,2.02,6,10,1685,3,2.07,22.6,64.7,27.0
060C26K169530858Y1,AGM60_Y1,4,2026-11-25,180.021,181.422,181.464,181.048,181.546,180.06,45.29,44.41,45.62,43.26,44.3,44.46,545.9,37.0,2.06,5,6,1782,2,2.08,24.2,68.7,24.8
060C26K168957563Y1,AGM60_Y1,4,2026-11-13,189.056,184.402,181.155,185.584,184.675,179.697,44.35,45.82,46.42,45.02,44.63,45.22,535.2,43.6,2.09,3,5,1365,4,2.1,25.1,66.9,25.7
060C26K611603411Y1,AGM60_Y1,4,2026-11-03,182.216,183.185,187.746,188.724,184.599,185.765,45.36,44.28,42.56,46.65,44.58,44.54,538.1,42.3,2.05,6,10,1233,4,2.14,20.3,67.6,22.8
060C26K513643754Y1,AGM60_Y1,2,2026-11-02,174.47,182.679,174.431,178.154,182.709,176.729,44.64,45.95,45.0,44.61,45.28,44.91,534.9,53.7,2.06,5,7,2067,2,2.07,24.9,68.9,26.1
060C26K928864832Y1,AGM60_Y1,4,2026-11-08,182.226,182.061,182.064,185.546,183.937,181.772,46.54,43.06,43.87,45.56,45.13,45.5,552.6,40.6,2.05,3,12,2079,1,2.07,21.8,67.0,22.9
060C26K939024775Y1,AGM60_Y1,3,2026-11-27,182.341,180.949,178.471,179.011,178.314,186.309,45.93,43.53,45.42,44.59,44.73,45.74,543.6,35.0,2.12,8,2,1965,3,2.08,24.8,67.4,28.7
060C26K197428718Y1,AGM60_Y1,3,2026-11-26,179.516,178.635,172.584,175.711,171.73,176.964,45.08,45.3,46.96,45.32,44.52,45.95,553.5,49.5,2.1,6,18,1750,3,2.07,24.9,64.7,25.3
060C26K000470057Y1,AGM60_Y1,4,2026-11-13,175.372,174.477,176.649,177.44,174.082,177.025,43.63,45.54,45.47,44.23,46.09,45.36,552.3,43.9,2.06,5,9,1582,2,2.09,24.8,66.1,26.6
060C26K880518653Y1,AGM60_Y1,3,2026-11-27,177.923,177.413,177.169,175.887,181.785,179.724,45.36,46.2,45.19,45.36,45.41,44.27,540.5,41.2,2.05,1,12,1722,3,2.11,26.6,65.6,23.6
060C26L103247936Y1,AGM60_Y1,5,2026-12-06,183.695,174.206,173.793,176.225,174.454,182.026,44.81,44.65,45.48,44.68,44.71,46.6,542.9,45.0,2.06,3,12,1527,4,2.11,27.1,65.6,25.6
060C26L317731790Y1,AGM60_Y1,2,2026-12-03,177.406,173.722,178.517,178.417,175.804,175.937,43.33,44.63,44.42,45.8,45.47,43.15,545.1,36.9,1.98,1,8,1556,5,2.09,29.4,67.2,22.3
060C26L640308774Y1,AGM60_Y1,1,2026-12-25,189.019,191.178,188.263,188.274,187.918,186.91,45.52,47.12,45.2,43.83,45.54,46.02,529.2,37.5,2.09,4,17,1362,2,2.11,27.7,66.3,24.5
060C26L154506478Y1,AGM60_Y1,2,2026-12-07,181.561,180.752,184.633,180.723,179.09,184.633,44.03,44.12,44.91,45.1,45.14,44.19,541.3,35.3,1.96,5,9,1865,3,2.1,29.3,68.7,25.4
060C26L736540901Y1,AGM60_Y1,3,2026-12-24,178.633,184.124,180.652,173.877,177.982,180.726,44.56,46.12,45.76,44.19,43.18,45.32,546.0,44.1,2.01,3,11,1381,3,2.11,22.7,64.7,27.6
060C26L273005344Y1,AGM60_Y1,4,2026-12-23,189.094,188.193,190.415,188.188,186.803,188.084,46.69,43.9,45.52,45.4,45.14,44.56,546.4,38.9,2.01,2,5,2045,4,2.11,27.4,66.9,26.4
060C26L981088427Y1,AGM60_Y1,3,2026-12-08,174.524,177.908,182.125,184.356,179.141,181.024,45.82,43.53,45.36,44.96,43.85,42.55,548.9,50.4,2.07,5,11,2199,3,2.09,22.0,67.1,22.0
060C26L468952159Y1,AGM60_Y1,2,2026-12-07,182.296,180.195,182.354,180.09,179.816,178.287,46.14,45.4,44.65,44.28,44.88,43.94,522.3,36.2,2.03,4,8,2224,4,2.16,28.0,65.8,24.4
060C26L600081956Y1,AGM60_Y1,4,2026-12-19,176.503,180.208,182.081,181.005,178.577,180.456,44.93,43.35,44.02,46.39,45.06,45.15,545.6,46.3,2.09,3,16,1704,2,2.09,19.9,65.1,22.8
060C26L546152352Y1,AGM60_Y1,5,2026-12-12,179.533,179.443,179.921,187.233,175.108,183.217,46.6,45.54,45.06,44.95,46.22,43.56,526.1,36.8,2.07,1,9,1785,3,2.14,21.8,71.2,30.4
060C26L469966952Y1,AGM60_Y1,4,2026-12-22,177.226,182.849,177.508,176.573,183.091,179.707,44.98,47.01,44.02,43.59,44.91,43.05,550.3,29.8,2.08,5,3,1955,1,2.1,24.8,69.4,26.0
060C26L884511465Y1,AGM60_Y1,1,2026-12-22,178.988,182.383,176.461,182.843,180.118,185.187,46.69,43.94,46.08,43.19,45.61,44.0,530.6,42.2,2.04,5,14,1549,4,2.07,24.3,62.5,25.1
060C26L960302569Y1,AGM60_Y1,2,2026-12-26,178.569,192.147,188.225,188.399,181.176,182.752,46.32,45.63,43.95,45.71,45.17,46.43,552.8,52.7,2.06,5,11,1770,2,2.08,24.1,60.0,22.1
060C26A309488662Z1,AGM60_Z1,5,2026-01-16,175.347,182.374,176.28,183.919,188.41,183.148,45.11,44.62,44.25,46.53,45.74,44.48,530.8,50.9,2.05,4,11,1903,1,2.12,31.3,67.1,26.5
060C26A607381468Z1,AGM60_Z1,4,2026-01-11,182.39,177.268,179.246,185.29,179.975,183.411,44.03,44.9,44.51,44.46,45.18,45.67,519.5,41.1,2.1,3,8,1439,1,2.14,30.4,65.3,24.0
060C26A988900794Z1,AGM60_Z1,3,2026-01-13,173.953,176.467,175.881,177.726,177.625,175.525,44.85,44.09,45.89,43.86,47.11,45.92,549.7,40.3,2.11,6,9,1810,2,2.04,23.7,64.5,24.0
060C26A416118721Z1,AGM60_Z1,1,2026-01-13,180.996,182.828,181.4,183.657,177.224,186.078,46.95,45.95,43.59,45.65,44.74,45.55,538.4,34.0,2.02,4,12,1684,3,2.06,26.5,66.4,24.8
060C26A983561499Z1,AGM60_Z1,4,2026-01-11,183.775,182.703,184.09,186.452,181.113,181.13,44.0,45.72,44.71,45.62,43.35,44.74,546.6,42.9,2.08,6,11,1797,3,2.09,20.2,64.3,22.9
060C26A873140141Z1,AGM60_Z1,4,2026-01-18,180.651,182.41,176.218,181.263,179.781,182.031,43.69,47.02,45.68,45.65,45.95,43.32,522.6,48.0,2.06,6,2,1598,2,2.12,21.0,68.4,24.1
060C26A685534601Z1,AGM60_Z1,3,2026-01-05,187.684,188.399,185.539,186.083,186.378,187.611,47.09,45.33,45.57,43.87,43.95,44.92,540.6,30.7,2.12,7,10,2107,3,2.13,26.9,61.9,24.8
060C26A979250799Z1,AGM60_Z1,3,2026-01-03,174.329,172.742,177.815,174.495,175.886,169.858,43.2,47.28,45.31,44.14,43.76,44.31,533.0,28.1,2.11,6,10,2019,2,2.1,26.2,72.5,22.4
060C26A149751385Z1,AGM60_Z1,4,2026-01-27,173.033,184.014,186.227,181.307,176.236,174.501,45.04,45.98,45.11,45.59,45.46,44.95,520.0,41.5,2.05,7,13,1570,4,2.09,26.0,69.6,20.6
060C26A715375058Z1,AGM60_Z1,2,2026-01-21,179.052,178.022,176.698,180.53,177.913,179.358,46.44,45.12,43.67,45.43,44.54,45.36,555.0,40.9,2.03,4,13,1263,2,2.1,29.3,68.2,29.4
060C26A467361312Z1,AGM60_Z1,2,2026-01-11,187.701,184.599,186.655,187.103,182.44,186.617,44.16,44.93,45.99,45.35,44.3,45.96,524.7,42.7,2.08,3,11,1659,3,2.05,24.7,66.6,26.5
060C26A312073202Z1,AGM60_Z1,3,2026-01-24,178.267,177.877,178.459,178.891,179.297,178.713,45.02,45.43,44.77,45.34,44.16,43.17,529.8,36.4,2.09,5,12,1658,2,2.1,24.4,68.8,21.8
060C26A076955346Z1,AGM60_Z1,4,2026-01-21,177.579,179.14,176.05,173.527,180.381,177.43,44.24,44.48,44.11,44.21,43.76,45.59,507.2,34.4,2.07,8,17,1946,3,2.1,19.5,71.4,19.9
060C26B141701308Z1,AGM60_Z1,4,2026-02-05,181.117,185.767,181.012,183.747,186.328,185.363,44.42,44.16,45.08,46.13,44.57,46.0,531.1,44.3,2.08,3,8,2040,3,2.14,26.9,66.4,23.6
060C26B410538825Z1,AGM60_Z1,1,2026-02-06,170.739,174.298,172.737,174.017,172.609,174.917,45.18,44.31,46.61,44.96,46.8,45.65,537.6,28.2,2.13,9,11,1836,2,2.17,28.9,67.3,24.9
060C26B627439638Z1,AGM60_Z1,4,2026-02-22,179.342,177.022,180.638,181.037,183.338,176.753,45.62,43.35,46.05,44.68,45.13,44.34,516.5,37.4,2.04,7,6,2071,2,2.13,29.2,71.0,21.8
060C26B623975531Z1,AGM60_Z1,3,2026-02-10,171.174,170.024,175.113,172.406,167.728,165.064,44.59,44.54,45.09,45.98,45.75,44.95,538.4,48.0,2.05,5,11,1511,2,2.1,22.0,74.7,25.3
060C26B158894483Z1,AGM60_Z1,4,2026-02-26,185.768,171.713,178.876,182.368,166.158,184.158,45.06,44.87,45.6,45.17,44.96,45.79,542.4,50.3,2.0,5,8,1743,4,2.11,31.7,70.1,31.1
060C26B108166029Z1,AGM60_Z1,3,2026-02-06,179.314,179.997,178.831,176.836,179.071,180.941,43.76,45.11,45.26,44.94,45.42,45.2,542.3,39.8,2.04,3,10,1781,3,2.11,28.2,69.2,21.5
060C26B630689224Z1,AGM60_Z1,5,2026-02-10,171.274,175.609,173.438,170.748,173.614,177.86,44.6,45.75,45.68,44.61,46.68,45.65,548.4,40.3,2.06,4,8,2017,1,2.11,28.9,66.3,25.6
060C26B321572346Z1,AGM60_Z1,2,2026-02-21,177.911,181.081,177.689,175.056,183.39,181.032,43.62,44.51,45.68,46.31,43.88,43.83,537.8,30.5,2.08,3,14,1929,2,2.13,23.1,71.8,23.3
060C26B213236476Z1,AGM60_Z1,1,2026-02-13,188.967,180.782,184.129,191.538,186.682,182.973,44.58,43.09,44.96,46.21,46.28,44.98,531.7,44.6,2.05,4,9,2681,5,2.14,28.7,75.0,22.5
060C26B201989909Z1,AGM60_Z1,4,2026-02-17,183.254,179.568,182.293,181.903,183.196,179.871,45.07,46.6,45.8,44.81,44.36,44.71,549.5,31.3,2.03,2,12,2220,3,2.14,23.7,73.2,24.0
060C26B851970887Z1,AGM60_Z1,4,2026-02-03,181.296,180.984,177.033,177.997,180.891,182.648,46.05,45.62,44.77,45.02,45.24,44.57,543.3,51.5,2.05,5,10,1567,2,2.08,27.6,61.5,26.2
060C26B634504584Z1,AGM60_Z1,2,2026-02-06,176.946,175.324,179.059,172.895,173.692,176.827,44.25,43.73,44.55,45.69,45.07,43.81,529.2,42.8,2.08,7,6,2035,4,2.04,26.8,69.8,23.0
060C26B779563188Z1,AGM60_Z1,3,2026-02-27,179.698,174.12,172.87,173.545,175.188,176.767,43.88,46.02,45.39,44.55,44.2,44.1,528.1,35.5,2.09,6,11,1614,2,2.07,26.7,63.4,21.9
060C26C094654553Z1,AGM60_Z1,2,2026-03-11,186.78,185.053,177.943,167.646,182.051,178.362,45.01,45.33,45.0,45.44,44.47,47.09,535.1,41.3,2.06,6,6,1688,2,2.09,24.9,67.8,25.5
060C26C887800988Z1,AGM60_Z1,3,2026-03-13,170.874,186.045,192.976,178.768,179.119,189.961,45.61,45.46,45.01,44.12,46.16,45.38,534.7,40.8,2.02,6,14,1998,3,2.01,28.5,70.1,20.8
060C26C851432559Z1,AGM60_Z1,1,2026-03-15,177.135,183.762,193.749,184.262,185.933,183.231,46.02,45.77,46.62,45.95,44.81,45.82,533.7,44.0,2.05,9,16,1971,1,2.09,27.2,66.8,27.7
060C26C454876643Z1,AGM60_Z1,4,2026-03-24,175.133,175.691,175.821,176.969,177.143,176.741,46.11,43.99,45.22,46.05,46.53,45.13,550.5,37.4,2.06,5,15,1427,3,2.09,31.1,66.2,19.3
060C26C700266399Z1,AGM60_Z1,2,2026-03-26,174.761,188.78,183.642,186.011,177.21,181.722,45.4,44.86,45.65,46.95,45.18,45.02,551.1,47.4,2.05,6,13,1567,1,2.07,25.6,62.4,25.9
060C26C401188994Z1,AGM60_Z1,2,2026-03-08,182.874,181.764,182.711,182.501,183.91,182.282,45.05,42.32,45.16,44.38,44.3,46.45,527.4,30.0,2.08,4,12,1827,4,2.09,23.4,64.7,23.9
060C26C578671112Z1,AGM60_Z1,5,2026-03-06,176.183,176.593,174.808,179.326,178.622,182.874,46.79,45.3,44.52,45.31,45.35,44.39,537.2,38.8,2.1,4,10,1485,2,2.08,23.2,68.0,22.1
060C26C409066604Z1,AGM60_Z1,3,2026-03-27,176.094,174.836,175.527,174.858,176.219,175.16,45.99,44.25,44.34,45.28,45.18,45.26,545.1,42.2,2.05,8,6,1881,4,2.13,21.9,65.6,24.9
060C26C332240231Z1,AGM60_Z1,4,2026-03-03,179.004,175.163,179.874,179.292,178.168,180.987,46.35,44.67,44.48,44.52,45.35,45.55,541.3,31.9,2.05,6,3,1779,2,2.08,21.1,71.1,30.3
060C26C886944735Z1,AGM60_Z1,4,2026-03-05,174.853,170.952,182.055,175.195,172.852,179.583,46.55,44.7,44.42,45.98,47.0,45.16,555.7,47.1,2.02,6,3,1321,3,2.11,22.7,60.9,30.8
060C26C832401213Z1,AGM60_Z1,2,2026-03-05,177.733,173.155,176.087,182.397,177.54,177.474,45.81,45.4,43.5,45.28,45.58,45.88,538.9,38.6,2.1,4,9,1662,4,2.08,22.7,65.2,25.2
060C26C138266240Z1,AGM60_Z1,4,2026-03-12,181.97,183.37,185.875,185.795,183.293,185.019,44.18,45.51,45.08,45.31,45.01,44.72,546.6,33.8,2.07,6,17,1928,4,2.1,28.2,66.6,25.7
060C26C578486930Z1,AGM60_Z1,3,2026-03-16,184.542,183.575,180.083,185.629,181.382,182.526,44.42,44.74,47.33,45.08,46.21,46.5,550.8,33.3,2.07,5,10,1808,4,2.12,30.1,64.7,29.1
060C26D769207585Z1,AGM60_Z1,3,2026-04-11,180.872,182.844,179.87,182.652,179.554,181.658,44.55,44.77,45.63,46.59,45.75,45.08,543.3,48.5,2.04,6,11,1691,3,2.1,26.3,63.6,27.3
060C26D044048125Z1,AGM60_Z1,2,2026-04-09,178.332,185.375,178.018,190.172,179.621,177.555,43.73,44.51,44.82,44.91,42.94,44.09,551.5,49.9,2.01,9,7,1703,3,2.12,19.3,65.8,33.3
060C26D258185123Z1,AGM60_Z1,2,2026-04-11,178.36,173.621,186.017,175.751,179.342,173.908,45.24,42.53,44.35,45.19,45.74,44.85,532.9,43.8,2.04,1,14,1684,4,2.09,22.5,68.7,28.1
060C26D682683482Z1,AGM60_Z1,4,2026-04-04,177.875,177.776,175.336,178.977,178.349,181.193,44.94,44.22,44.78,44.62,46.09,44.46,525.3,33.5,2.02,5,6,1955,3,2.03,23.7,62.5,25.8
060C26D623424846Z1,AGM60_Z1,5,2026-04-04,179.775,178.741,171.582,176.845,175.565,174.67,45.99,43.64,43.54,44.41,45.61,43.08,543.4,39.0,2.11,8,10,2144,3,2.09,27.5,74.2,23.1
060C26D991022966Z1,AGM60_Z1,2,2026-04-05,181.702,178.761,181.46,180.267,182.615,180.032,42.42,45.2,44.75,46.06,47.45,45.05,539.0,40.8,2.03,5,8,1943,3,2.06,27.3,67.6,21.7
060C26D866797998Z1,AGM60_Z1,3,2026-04-08,180.105,177.159,179.877,181.633,178.544,176.425,43.62,46.01,44.79,45.57,46.14,45.89,558.0,37.5,2.12,6,9,1714,4,2.01,24.8,64.2,23.3
060C26D298467426Z1,AGM60_Z1,2,2026-04-03,174.057,173.485,173.172,177.396,177.234,176.2,44.68,44.8,46.52,43.88,43.32,44.13,530.1,44.4,2.05,4,12,1711,5,2.11,24.4,65.9,21.9
060C26D674056576Z1,AGM60_Z1,4,2026-04-24,175.157,178.865,176.928,176.545,172.055,174.673,46.14,45.22,45.69,44.24,44.48,44.71,542.2,44.3,2.03,4,9,2217,4,2.07,24.2,63.2,23.5
060C26D475050416Z1,AGM60_Z1,2,2026-04-12,177.887,175.687,180.322,179.205,182.759,175.447,46.45,46.32,44.24,44.43,45.38,46.06,537.4,37.2,2.11,6,2,1917,3,2.14,26.5,67.6,19.6
060C26D759367059Z1,AGM60_Z1,2,2026-04-13,181.382,182.343,188.747,184.365,187.185,182.544,45.71,44.61,43.72,46.24,44.92,44.03,534.7,36.3,2.04,4,15,1931,5,2.1,21.9,73.1,27.1
060C26D039211110Z1,AGM60_Z1,3,2026-04-12,188.525,177.912,179.704,177.656,172.795,182.854,44.2,44.85,44.1,47.03,46.1,43.57,527.9,41.0,2.01,9,16,1741,2,2.1,24.8,70.3,27.6
060C26D112142609Z1,AGM60_Z1,1,2026-04-21,172.145,173.919,185.596,178.352,176.089,178.275,44.8,45.01,43.93,44.95,46.19,44.12,553.9,33.7,2.07,7,14,1899,2,2.1,26.8,75.0,23.2
060C26E458635196Z1,AGM60_Z1,5,2026-05-02,176.116,177.796,171.706,174.978,176.532,176.546,44.93,45.41,45.72,46.18,45.74,45.68,554.8,37.6,2.08,6,15,1539,3,2.1,27.6,68.1,24.4
060C26E993669470Z1,AGM60_Z1,2,2026-05-07,176.947,180.648,177.4,182.661,181.185,179.572,44.8,47.24,44.68,45.18,45.01,46.13,532.0,36.1,2.1,6,11,2132,2,2.08,24.6,62.4,29.1
060C26E303573481Z1,AGM60_Z1,2,2026-05-08,185.776,184.292,184.558,183.835,183.423,186.234,45.7,46.21,44.29,44.35,43.55,44.2,533.6,27.4,2.05,2,9,1629,3,2.12,25.0,72.6,25.2
060C26E885927299Z1,AGM60_Z1,3,2026-05-07,169.885,177.785,175.055,174.57,173.186,172.339,45.0,45.65,45.47,43.92,46.11,44.43,526.0,35.5,2.07,4,13,1590,4,2.1,28.7,68.3,28.1
060C26E385988056Z1,AGM60_Z1,3,2026-05-20,172.899,174.025,173.646,176.177,172.258,172.393,46.39,45.29,44.78,46.04,44.55,44.1,554.1,36.3,2.07,4,13,1765,1,2.08,20.3,61.3,32.0
060C26E197757710Z1,AGM60_Z1,2,2026-05-16,169.814,175.032,171.752,170.728,172.683,173.681,45.71,45.65,44.18,43.55,44.52,44.7,547.0,47.9,2.03,5,17,1878,4,2.14,26.4,66.6,27.3
060C26E914971673Z1,AGM60_Z1,4,2026-05-14,180.491,178.985,178.621,181.397,181.74,180.27,43.51,44.84,44.86,45.67,45.7,44.5,528.5,55.1,2.07,4,8,1358,2,2.06,27.1,61.1,27.0
060C26E162594789Z1,AGM60_Z1,2,2026-05-22,174.246,183.677,183.469,180.205,179.007,186.797,44.98,46.04,44.64,44.93,44.27,44.26,548.9,43.6,2.07,5,8,2156,2,2.04,24.3,69.2,23.7
060C26E852825971Z1,AGM60_Z1,4,2026-05-04,174.69,174.681,171.24,168.541,165.154,177.021,46.48,43.49,44.47,46.06,43.23,44.94,555.2,44.8,2.08,4,12,1687,4,2.03,18.3,64.7,23.5
060C26E767885461Z1,AGM60_Z1,3,2026-05-20,179.296,187.142,186.319,184.815,182.94,183.634,45.79,42.18,44.98,42.34,46.69,43.94,539.9,38.6,2.04,2,7,2157,2,2.13,32.2,69.1,23.3
060C26E527765412Z1,AGM60_Z1,3,2026-05-09,177.367,178.174,177.502,177.968,179.861,182.655,43.83,47.01,46.12,45.2,45.88,44.95,552.3,52.6,2.05,7,10,1709,3,2.07,18.4,63.4,22.8
060C26E303111970Z1,AGM60_Z1,5,2026-05-11,173.467,178.248,178.497,177.055,176.467,176.474,43.73,44.92,44.84,45.25,44.54,44.6,521.9,38.5,2.1,8,12,1600,3,2.08,21.6,70.5,17.4
060C26E310778017Z1,AGM60_Z1,2,2026-05-21,181.898,178.821,179.25,178.686,178.231,183.024,44.82,46.41,46.94,45.17,44.65,45.73,550.2,45.4,2.06,6,10,1959,4,2.12,24.3,67.8,25.9
060C26F519886298Z1,AGM60_Z1,5,2026-06-12,171.624,176.427,180.706,179.661,179.895,173.484,45.06,43.53,45.08,45.15,44.73,45.87,556.0,34.0,2.06,3,16,2280,2,2.09,25.4,65.2,23.7
060C26F595282407Z1,AGM60_Z1,1,2026-06-24,180.055,176.561,181.415,179.874,180.855,182.384,45.6,45.39,46.34,45.07,46.73,46.48,530.5,47.6,2.11,5,15,2249,4,2.12,26.4,63.1,22.3
060C26F082106935Z1,AGM60_Z1,2,2026-06-27,182.521,184.896,186.657,182.455,177.545,183.323,44.65,45.61,44.96,45.51,45.14,44.41,527.1,43.7,2.04,3,10,2177,2,2.09,25.3,66.0,23.3
060C26F650116120Z1,AGM60_Z1,3,2026-06-21,178.597,182.244,177.471,184.782,180.549,182.556,45.27,46.0,44.8,45.14,43.76,46.29,561.2,34.8,2.03,3,6,2123,2,2.09,27.9,69.3,23.8
060C26F363465192Z1,AGM60_Z1,4,2026-06-08,178.587,181.38,177.52,180.958,183.755,179.191,45.91,43.68,43.95,43.68,45.19,45.0,543.7,32.6,2.05,5,10,2016,3,2.08,22.6,69.7,24.3
060C26F866239874Z1,AGM60_Z1,2,2026-06-18,183.356,177.907,180.858,183.315,182.334,181.22,44.71,44.62,42.92,44.03,46.7,43.04,544.1,42.1,2.01,5,14,1667,2,2.1,24.8,72.3,24.0
060C26F876429334Z1,AGM60_Z1,3,2026-06-03,185.493,185.16,183.243,184.22,183.228,184.147,46.7,45.7,45.54,45.2,43.04,46.35,547.7,41.8,2.01,3,17,1671,4,2.18,26.8,61.8,24.7
060C26F239096384Z1,AGM60_Z1,3,2026-06-15,177.865,183.276,180.977,178.628,178.704,183.513,44.98,44.28,46.13,43.78,45.39,43.99,530.0,25.2,2.07,8,15,1762,3,2.08,23.5,68.3,22.6
060C26F172388689Z1,AGM60_Z1,4,2026-06-19,187.426,186.262,182.916,183.891,183.981,185.826,42.88,46.04,43.09,44.1,46.89,44.88,554.9,39.8,2.02,9,11,2212,4,2.15,22.1,67.6,29.3
060C26F207163975Z1,AGM60_Z1,2,2026-06-15,183.501,176.89,182.04,184.214,179.573,181.925,46.1,45.2,46.53,46.1,45.41,45.71,560.8,44.9,2.07,3,8,1827,4,2.08,27.6,69.1,29.7
060C26F378553983Z1,AGM60_Z1,3,2026-06-20,180.479,187.051,185.076,188.536,183.643,186.828,44.84,45.05,42.33,43.92,45.81,44.22,527.8,36.9,2.07,4,12,1942,3,2.1,26.6,63.6,22.3
060C26F154295319Z1,AGM60_Z1,3,2026-06-06,182.131,171.991,181.18,172.412,174.375,177.816,46.14,43.99,44.36,46.07,45.99,43.07,533.2,44.3,2.01,7,8,1761,3,2.16,20.8,64.9,21.0
060C26F652938430Z1,AGM60_Z1,3,2026-06-12,167.91,179.345,168.662,163.131,178.293,173.468,45.07,46.1,46.02,42.49,45.0,46.6,546.2,47.7,2.08,6,12,2205,3,2.15,26.7,69.0,22.4
060C26G833758511Z1,AGM60_Z1,4,2026-07-22,181.883,180.561,177.797,177.804,173.547,172.987,44.76,45.25,43.85,45.48,44.2,45.12,532.8,44.5,2.07,6,12,1905,2,2.08,26.2,69.0,26.1
060C26G866773697Z1,AGM60_Z1,3,2026-07-23,181.156,178.251,184.303,183.35,187.438,181.795,45.88,44.43,44.83,44.42,44.88,44.91,530.6,44.4,2.07,2,10,1480,2,2.1,19.6,65.1,24.1
060C26G964270894Z1,AGM60_Z1,1,2026-07-01,172.386,175.165,176.461,176.469,172.782,177.223,47.84,44.65,44.81,45.21,44.32,46.41,545.2,34.8,2.04,5,14,1668,3,2.08,20.5,67.5,19.0
060C26G114043416Z1,AGM60_Z1,3,2026-07-18,184.452,179.884,176.547,184.733,179.57,175.968,44.8,44.36,45.16,43.39,46.28,43.69,545.0,31.2,2.03,6,7,1938,2,2.1,21.5,75.0,25.1
060C26G437423172Z1,AGM60_Z1,2,2026-07-22,173.593,173.194,175.796,173.042,173.188,175.843,44.28,44.62,44.3,45.88,44.9,45.45,545.7,33.7,2.01,1,11,1003,2,2.12,25.7,64.5,25.9
060C26G438891884Z1,AGM60_Z1,3,2026-07-08,176.008,180.113,177.426,175.425,176.067,180.219,45.96,44.92,45.11,45.26,46.06,46.39,530.3,39.3,2.08,4,7,1940,5,2.11,26.4,68.8,28.7
060C26G392018103Z1,AGM60_Z1,5,2026-07-16,190.113,179.858,184.757,178.427,185.439,182.12,46.16,44.0,45.95,44.51,46.13,44.54,532.1,53.8,2.04,5,9,1068,3,2.12,23.6,64.9,20.9
060C26G764303609Z1,AGM60_Z1,2,2026-07-11,174.793,177.845,174.241,169.748,178.559,176.378,43.15,44.56,45.19,45.85,47.12,45.58,538.1,43.0,2.05,4,13,1758,3,2.12,20.4,67.9,21.1
060C26G656927502Z1,AGM60_Z1,3,2026-07-05,190.579,186.103,179.522,178.09,175.879,187.796,43.86,44.39,44.75,44.0,45.37,43.82,537.2,56.3,2.04,2,6,1683,4,2.12,29.7,65.2,24.7
060C26G078145171Z1,AGM60_Z1,2,2026-07-04,178.33,174.192,178.537,177.74,180.206,174.919,45.33,45.66,43.49,45.52,44.7,44.25,553.7,40.0,2.06,7,9,1809,3,2.11,23.3,71.3,28.3
060C26G234169806Z1,AGM60_Z1,2,2026-07-19,183.2,185.029,186.199,187.329,185.305,182.975,46.07,43.2,43.95,45.62,44.34,45.35,536.5,24.2,2.04,7,20,2204,5,2.08,23.8,69.5,25.0
060C26G556989993Z1,AGM60_Z1,3,2026-07-25,179.146,186.86,178.873,179.809,182.618,180.105,44.42,45.27,47.32,45.35,44.91,45.38,539.8,39.0,2.06,8,17,1602,3,2.11,22.5,75.0,26.0
060C26G452179940Z1,AGM60_Z1,3,2026-07-18,184.577,179.502,177.471,180.833,188.449,185.499,44.42,45.75,45.45,45.06,43.58,45.36,520.0,44.4,2.04,3,15,1488,3,2.08,24.8,71.1,25.1
060C26H609433347Z1,AGM60_Z1,4,2026-08-02,177.369,171.457,173.492,176.943,181.505,174.692,45.84,44.23,44.91,44.57,45.3,45.7,545.6,37.4,1.98,6,5,1843,3,2.11,28.2,69.2,30.8
060C26H406778724Z1,AGM60_Z1,4,2026-08-16,178.876,175.501,183.38,176.281,184.939,175.228,45.62,43.98,44.61,45.83,44.36,44.39,546.4,43.3,2.07,5,12,2314,4,2.09,23.4,69.1,21.5
060C26H099062225Z1,AGM60_Z1,3,2026-08-03,182.311,183.09,185.407,183.84,180.355,186.594,42.44,44.43,44.36,43.48,45.03,45.84,538.7,44.8,2.06,6,4,2024,3,2.17,30.3,68.9,26.9
060C26H846924416Z1,AGM60_Z1,3,2026-08-07,182.11,170.202,168.354,167.067,173.086,174.804,45.11,42.09,44.15,43.57,45.69,45.37,552.5,41.5,2.04,7,1,2228,3,2.1,23.5,71.1,23.9
060C26H277476068Z1,AGM60_Z1,4,2026-08-15,184.577,181.725,183.064,183.115,184.108,182.536,44.78,44.05,45.33,43.94,42.51,44.85,551.7,37.3,2.06,5,12,1897,3,2.12,24.8,69.0,26.0
060C26H688850122Z1,AGM60_Z1,3,2026-08-22,184.792,184.023,181.146,182.134,185.15,180.4,45.35,44.74,44.1,46.29,42.51,46.64,521.3,29.5,2.06,5,6,1602,3,2.13,25.7,71.9,24.6
060C26H649795388Z1,AGM60_Z1,5,2026-08-18,176.144,175.385,177.626,173.189,169.633,177.271,46.09,43.59,45.69,46.5,46.15,46.12,548.9,42.6,2.07,1,6,2118,3,2.11,26.0,63.2,26.4
060C26H033093356Z1,AGM60_Z1,2,2026-08-13,180.584,178.4,179.956,182.061,179.03,186.633,44.45,44.15,44.92,44.79,44.77,46.32,554.6,46.1,2.04,7,11,1460,2,2.1,26.9,68.9,23.4
060C26H633189140Z1,AGM60_Z1,3,2026-08-27,179.008,180.357,180.466,177.632,179.282,183.794,44.58,43.96,43.93,43.56,44.72,45.14,534.6,48.3,2.02,6,9,2059,2,2.11,24.0,64.7,29.0
060C26H066737702Z1,AGM60_Z1,3,2026-08-26,180.95,178.264,178.352,177.79,181.109,180.609,45.5,44.83,44.81,43.8,46.15,44.62,531.9,46.5,2.09,8,19,2083,3,2.11,23.0,66.2,21.9
060C26H810319489Z1,AGM60_Z1,4,2026-08-11,178.49,180.729,180.837,179.705,182.006,188.422,44.97,44.27,44.68,45.11,44.99,45.18,543.1,47.5,2.02,7,14,2124,2,2.14,26.5,68.4,22.0
060C26H687439730Z1,AGM60_Z1,4,2026-08-23,179.934,183.61,180.05,179.357,176.525,171.664,45.98,44.3,44.07,44.99,45.37,45.19,555.6,43.1,2.06,3,11,1950,3,2.17,21.6,63.8,28.0
060C26H582658710Z1,AGM60_Z1,4,2026-08-15,177.23,181.597,177.118,178.723,178.729,181.633,44.91,44.9,44.43,45.82,44.3,43.51,540.8,50.3,2.03,5,10,1679,4,2.06,21.8,65.7,25.9
060C26I721657603Z1,AGM60_Z1,3,2026-09-15,178.981,184.911,178.895,179.13,181.516,176.751,44.94,44.56,45.94,45.37,43.83,45.11,556.1,43.7,2.06,6,14,2414,4,2.08,28.9,66.4,25.9
060C26I393463285Z1,AGM60_Z1,3,2026-09-03,184.317,180.217,184.987,184.542,189.144,184.737,46.69,46.15,44.95,44.19,46.21,45.67,530.3,43.0,2.04,6,9,2170,3,2.09,22.5,65.4,25.0
060C26I365989709Z1,AGM60_Z1,3,2026-09-20,176.793,179.702,186.491,173.394,181.155,182.142,44.58,44.52,45.09,45.24,45.07,45.57,536.2,53.8,2.06,7,12,1403,4,2.09,26.0,64.1,27.3
060C26I313328147Z1,AGM60_Z1,3,2026-09-09,178.004,176.768,178.892,186.381,177.811,178.673,44.0,44.93,44.68,44.21,43.84,44.71,537.9,48.3,2.1,4,17,2131,3,2.1,30.1,68.4,22.5
060C26I599438280Z1,AGM60_Z1,3,2026-09-04,176.192,176.408,179.438,179.576,180.494,177.899,45.14,44.02,45.3,45.47,46.04,47.76,531.2,33.3,2.03,6,7,2022,3,2.14,24.3,67.0,26.3
060C26I443995365Z1,AGM60_Z1,1,2026-09-21,181.739,178.012,180.753,177.276,175.228,182.678,44.27,45.29,45.42,43.72,43.9,44.38,541.4,51.2,2.02,4,6,1513,5,2.11,23.3,62.2,24.3
060C26I179694912Z1,AGM60_Z1,4,2026-09-17,175.941,175.013,177.202,177.469,176.246,173.309,46.01,45.02,45.0,45.07,44.74,46.43,530.1,26.0,2.05,10,14,1702,4,2.06,25.2,69.7,23.0
060C26I723643522Z1,AGM60_Z1,3,2026-09-25,178.623,181.838,178.853,179.309,177.491,176.573,44.84,45.96,42.93,45.6,47.11,45.34,547.6,39.9,2.12,7,10,1344,2,2.06,27.8,67.6,29.4
060C26I010863433Z1,AGM60_Z1,4,2026-09-19,183.194,181.446,178.895,180.083,176.208,177.519,45.16,45.41,45.72,46.81,45.15,44.07,536.5,44.1,2.1,2,12,1839,2,2.1,25.3,60.0,22.0
060C26I946277405Z1,AGM60_Z1,2,2026-09-06,181.044,178.603,180.437,185.259,179.197,184.496,44.79,44.03,44.33,45.51,45.97,43.71,542.9,60.5,2.07,7,1,1418,3,2.1,23.6,63.2,22.0
060C26I105918873Z1,AGM60_Z1,3,2026-09-18,178.904,175.981,175.413,176.097,178.55,177.567,46.58,45.55,41.97,45.62,44.77,45.5,530.7,42.8,2.06,7,12,1539,5,2.09,23.7,72.4,31.7
060C26I037194365Z1,AGM60_Z1,1,2026-09-06,178.626,175.429,175.054,176.657,175.599,182.509,44.47,44.43,45.5,44.21,45.11,47.31,543.4,44.1,2.02,5,7,1784,1,2.15,22.4,68.6,18.2
060C26I750226873Z1,AGM60_Z1,3,2026-09-27,180.731,181.829,182.646,180.644,182.939,178.967,43.55,44.09,44.29,43.91,45.22,44.72,536.3,34.4,2.08,2,9,2211,4,2.08,21.9,72.5,27.3
060C26J620338066Z1,AGM60_Z1,3,2026-10-13,178.614,173.523,182.132,175.36,181.518,177.932,46.42,45.21,44.23,44.49,45.11,44.61,539.5,29.8,2.08,8,13,2142,2,2.05,29.5,69.4,25.5
060C26J412483642Z1,AGM60_Z1,2,2026-10-03,177.344,176.486,185.584,183.128,183.401,182.518,45.26,43.08,45.56,46.86,44.95,46.21,531.6,43.4,2.04,6,8,1906,2,2.06,20.0,64.8,29.6
060C26J844877437Z1,AGM60_Z1,3,2026-10-14,173.178,172.638,173.232,173.159,172.402,171.932,44.14,45.29,45.93,43.81,45.38,44.03,531.9,36.1,2.06,7,9,2308,3,2.11,21.2,63.2,26.2
060C26J652960436Z1,AGM60_Z1,3,2026-10-09,180.079,176.047,179.734,173.394,174.608,176.561,46.26,45.72,45.66,45.66,44.48,45.59,548.3,47.8,2.01,7,7,1638,3,2.09,20.5,65.1,22.8
060C26J106711363Z1,AGM60_Z1,4,2026-10-16,181.156,180.767,185.116,179.501,175.517,185.819,45.86,46.45,44.19,43.61,45.24,44.77,550.7,40.4,2.02,6,10,1360,2,2.07,23.4,68.0,25.9
060C26J429982284Z1,AGM60_Z1,4,2026-10-09,180.449,180.501,179.11,178.673,181.732,181.006,46.22,45.36,45.83,43.29,43.88,47.93,513.2,41.0,2.0,6,9,2056,3,2.06,27.0,61.8,27.0
060C26J277734870Z1,AGM60_Z1,2,2026-10-15,178.622,174.265,182.55,181.102,177.095,172.687,46.46,44.82,45.7,42.64,43.68,43.31,537.9,46.2,2.11,5,15,1857,3,2.09,23.6,68.6,26.4
060C26J441214469Z1,AGM60_Z1,2,2026-10-26,175.788,179.072,178.825,175.106,176.873,177.154,43.8,47.27,43.81,45.49,45.28,45.62,559.8,37.8,2.05,4,11,1793,3,2.05,27.3,61.2,30.5
060C26J945717677Z1,AGM60_Z1,3,2026-10-25,181.671,190.03,178.616,182.506,190.968,190.743,44.69,44.96,43.62,46.18,45.8,44.05,531.4,45.4,2.09,4,9,1826,1,2.13,21.7,67.8,26.0
060C26J815291874Z1,AGM60_Z1,3,2026-10-12,178.895,180.305,177.997,180.186,181.402,180.014,44.43,43.71,45.72,45.05,45.64,46.2,543.1,32.2,2.03,7,6,1015,4,2.13,26.0,73.1,26.1
060C26J872227953Z1,AGM60_Z1,1,2026-10-02,179.024,181.954,179.424,182.6,180.987,181.585,43.66,44.81,45.35,44.16,44.99,43.38,537.8,21.5,2.06,6,11,2017,2,2.03,22.1,71.0,24.0
060C26J183742976Z1,AGM60_Z1,4,2026-10-19,180.788,171.579,186.073,182.531,177.736,179.939,44.38,45.59,46.48,46.34,44.29,45.11,525.5,41.7,2.03,6,10,2082,2,2.13,26.3,64.4,26.3
060C26J408676502Z1,AGM60_Z1,2,2026-10-11,175.368,182.173,178.292,177.686,178.839,175.618,46.21,45.56,45.34,45.27,43.97,46.11,541.6,49.8,2.03,7,16,1474,2,2.07,29.4,62.6,23.5
060C26K072720617Z1,AGM60_Z1,5,2026-11-27,176.396,178.988,180.686,177.654,178.866,172.518,44.93,43.07,44.28,46.29,43.96,43.83,540.2,35.9,2.07,6,15,1739,4,2.11,27.2,66.1,24.2
060C26K956467282Z1,AGM60_Z1,2,2026-11-18,182.835,183.38,181.861,183.048,178.705,185.264,45.22,45.7,44.89,46.43,43.85,44.12,541.3,43.1,2.04,5,6,1662,2,2.09,23.5,65.4,30.9
060C26K587413076Z1,AGM60_Z1,4,2026-11-17,177.615,177.384,178.424,179.178,180.576,176.934,44.72,44.71,45.24,44.01,45.51,43.61,521.1,39.4,2.08,9,9,1690,2,2.14,27.1,62.4,24.6
060C26K457905325Z1,AGM60_Z1,4,2026-11-19,177.91,179.165,178.792,177.964,179.002,176.725,45.28,44.57,45.02,44.68,45.67,44.87,542.2,48.2,2.05,4,4,1531,4,2.14,29.1,63.7,25.7
060C26K531149352Z1,AGM60_Z1,2,2026-11-15,187.875,178.438,181.235,182.971,185.815,186.191,44.56,45.16,45.04,45.81,44.89,46.46,547.4,33.6,2.06,6,9,2013,2,2.12,25.2,72.4,28.5
060C26K268112924Z1,AGM60_Z1,3,2026-11-10,183.366,184.123,182.301,183.516,182.733,184.149,46.59,43.78,46.38,44.66,45.23,44.91,528.2,28.4,2.04,4,5,1178,3,2.14,24.4,72.0,23.3
060C26K055621774Z1,AGM60_Z1,3,2026-11-11,181.449,182.06,181.319,182.785,181.412,182.505,44.87,44.57,44.67,47.16,45.2,45.28,548.3,37.5,2.08,3,9,1874,4,2.12,26.7,60.0,19.7
060C26K115465619Z1,AGM60_Z1,3,2026-11-19,183.966,184.231,186.185,183.503,183.178,178.84,44.32,43.45,43.43,45.96,44.75,44.71,538.5,44.2,2.04,6,8,1884,3,2.06,24.7,64.3,23.5
060C26K728366949Z1,AGM60_Z1,5,2026-11-01,189.872,179.466,177.754,174.787,176.796,178.735,47.26,46.76,47.6,46.37,45.04,44.89,541.9,48.9,2.1,5,8,1618,3,2.09,25.5,67.1,27.3
060C26K819193292Z1,AGM60_Z1,5,2026-11-12,176.909,175.035,175.722,173.199,177.566,174.759,45.08,43.92,44.86,47.75,45.37,43.14,535.2,48.4,2.08,7,8,1709,2,2.08,24.2,64.4,26.0
060C26K451408397Z1,AGM60_Z1,1,2026-11-20,174.441,179.339,171.524,173.259,172.763,171.655,44.72,44.37,45.92,43.74,44.09,44.9,524.4,38.9,2.03,7,16,1730,2,2.06,25.4,65.8,26.5
060C26K667815582Z1,AGM60_Z1,2,2026-11-21,190.566,188.653,194.607,181.602,186.38,182.654,45.48,45.18,46.33,44.48,44.15,43.45,551.9,48.5,1.99,5,11,2126,3,2.09,26.6,67.6,28.0
060C26K807057461Z1,AGM60_Z1,2,2026-11-15,184.061,176.535,182.903,177.554,178.822,183.048,44.63,46.62,45.82,46.68,46.01,44.35,555.4,48.5,2.06,5,7,1558,3,2.07,27.1,64.8,21.7
060C26L972809752Z1,AGM60_Z1,1,2026-12-09,184.236,185.904,180.8,182.12,183.342,181.28,45.29,46.57,46.01,47.15,44.6,43.77,551.5,37.4,2.04,7,4,1819,3,2.05,20.0,72.5,28.9
060C26L190201090Z1,AGM60_Z1,3,2026-12-07,178.098,180.454,178.457,180.185,177.836,182.529,45.47,45.98,44.79,45.37,45.58,45.54,554.8,39.2,2.09,5,15,1479,2,2.08,23.9,65.5,21.2
060C26L831501465Z1,AGM60_Z1,4,2026-12-11,172.469,172.096,173.108,170.798,170.865,172.687,44.23,44.11,45.35,44.32,43.54,44.64,523.6,35.9,2.04,5,8,2105,2,2.07,27.4,67.8,24.1
060C26L424417839Z1,AGM60_Z1,1,2026-12-15,179.73,181.555,185.701,180.765,181.35,174.483,45.76,42.75,44.07,44.57,46.52,45.71,540.2,51.6,2.09,5,9,1648,4,2.1,24.2,62.8,21.1
060C26L226511602Z1,AGM60_Z1,5,2026-12-14,181.302,181.775,179.338,177.61,178.86,182.629,43.12,45.01,45.48,44.06,45.66,46.4,535.0,38.0,2.09,5,1,1493,4,2.1,28.7,68.9,26.5
060C26L047451719Z1,AGM60_Z1,4,2026-12-12,184.771,183.461,182.153,183.713,185.235,183.018,44.81,42.5,46.52,43.82,45.03,45.98,554.8,35.1,2.08,6,14,1771,3,2.12,26.3,69.8,25.9
060C26L403758606Z1,AGM60_Z1,4,2026-12-06,178.199,181.177,173.463,176.584,181.553,176.922,45.23,46.26,44.89,44.21,43.76,46.17,538.1,35.6,1.98,7,8,1963,4,2.08,27.1,67.4,25.6
060C26L612418477Z1,AGM60_Z1,2,2026-12-22,177.619,176.937,176.168,178.283,178.329,172.653,45.82,45.86,44.52,46.76,44.94,44.28,543.5,40.0,2.07,4,7,1947,3,2.1,28.6,67.3,27.8
060C26L901978560Z1,AGM60_Z1,3,2026-12-25,179.791,180.557,180.481,179.262,179.218,181.835,44.82,46.85,44.88,43.71,44.75,44.51,559.4,41.4,2.09,5,13,1851,1,2.11,26.6,67.3,26.8
060C26L574566166Z1,AGM60_Z1,2,2026-12-15,180.1,183.239,187.091,182.576,183.417,184.228,44.38,44.21,43.59,46.05,42.49,45.44,537.0,42.6,2.06,6,2,1738,3,2.06,24.3,66.3,27.4
060C26L521852980Z1,AGM60_Z1,3,2026-12-14,179.105,183.035,179.168,185.585,181.026,177.523,43.42,44.87,43.8,45.33,44.57,45.67,541.1,47.6,2.04,4,15,2133,3,2.15,31.1,63.3,25.9
060C26L977444885Z1,AGM60_Z1,1,2026-12-12,178.702,177.436,176.935,179.296,174.955,172.404,44.47,47.81,45.59,43.39,46.08,44.38,554.4,50.6,2.05,1,8,1728,4,2.09,21.9,62.1,22.2
060C26L331120671Z1,AGM60_Z1,5,2026-12-26,175.893,179.451,182.03,182.895,178.245,177.581,44.74,46.26,45.29,45.72,45.6,46.45,553.6,35.3,2.06,5,14,1985,2,2.09,21.3,64.9,27.8
070C26A993768275B1,AGM70_B1,4,2026-01-21,214.516,214.668,214.573,209.072,215.495,217.744,45.91,45.09,43.77,45.27,46.27,42.86,620.1,44.6,2.0,5,16,1249,3,2.12,20.7,79.0,29.9
070C26A450959532B1,AGM70_B1,3,2026-01-05,220.856,210.665,218.5,217.601,209.534,218.732,44.12,44.44,46.48,47.28,44.4,44.07,640.8,50.0,2.07,6,8,2024,1,2.08,24.1,80.6,20.9
070C26A774509061B1,AGM70_B1,2,2026-01-01,204.094,207.659,208.344,212.931,211.222,207.845,47.55,43.98,44.28,45.99,43.25,45.81,608.0,47.3,2.04,8,9,1524,3,2.09,26.5,76.4,22.6
070C26A731348599B1,AGM70_B1,3,2026-01-17,209.795,207.369,211.358,209.177,207.304,212.826,44.88,45.66,43.72,43.93,42.8,44.03,609.8,56.1,2.01,8,10,2090,4,2.09,27.2,78.0,27.8
070C26A748189837B1,AGM70_B1,2,2026-01-15,205.897,206.891,204.56,205.352,208.914,206.062,44.83,46.51,47.86,43.68,44.55,44.25,630.6,41.3,2.06,4,1,2087,3,2.08,24.6,79.4,22.4
070C26A641849164B1,AGM70_B1,4,2026-01-18,205.159,203.892,208.814,209.571,211.127,206.565,44.79,44.27,45.32,45.72,45.08,45.14,605.8,40.5,2.02,5,18,2044,4,2.17,27.9,76.1,22.2
070C26A889279225B1,AGM70_B1,5,2026-01-02,211.159,208.25,204.456,206.318,207.786,206.551,45.74,46.19,46.09,42.49,46.96,44.99,637.9,48.1,2.06,1,10,1985,3,2.06,23.3,80.3,23.6
070C26A814442329B1,AGM70_B1,4,2026-01-16,203.772,204.045,201.543,207.949,202.012,201.218,45.96,46.47,43.52,44.93,45.04,43.92,636.0,54.5,2.07,5,2,1958,3,2.13,28.0,77.1,23.5
070C26A456656806B1,AGM70_B1,2,2026-01-08,215.227,209.771,205.059,208.384,211.725,216.428,44.96,45.16,44.21,46.11,43.07,45.56,635.4,54.7,2.02,5,8,1564,1,2.02,25.7,86.0,21.2
070C26A509072001B1,AGM70_B1,4,2026-01-16,213.607,212.485,212.003,215.813,209.94,211.963,43.51,45.98,46.18,44.98,44.76,43.67,648.7,51.9,2.02,3,15,1638,5,2.04,22.3,71.1,25.8
070C26A286174673B1,AGM70_B1,4,2026-01-23,209.628,210.012,206.534,208.068,209.375,208.74,43.38,43.05,45.75,46.51,44.96,44.48,630.6,54.3,2.09,6,6,1658,4,2.14,27.3,81.2,25.0
070C26A805143729B1,AGM70_B1,2,2026-01-24,210.976,212.349,216.794,215.588,218.907,211.692,46.88,43.92,45.23,44.96,43.97,45.36,625.4,43.1,2.09,7,14,1848,3,2.05,27.7,74.9,22.0
070C26A469796939B1,AGM70_B1,3,2026-01-21,202.086,208.111,204.969,208.375,202.12,206.625,44.84,46.82,44.98,44.7,44.1,43.72,655.2,51.8,2.11,5,7,2063,3,2.08,27.1,75.4,25.9
070C26B177777167B1,AGM70_B1,4,2026-02-09,206.975,206.108,212.593,199.563,202.372,207.373,44.59,46.05,45.2,45.9,44.64,44.56,623.7,52.2,2.09,5,9,1448,3,2.06,29.9,82.2,23.6
070C26B938707043B1,AGM70_B1,4,2026-02-16,198.864,209.879,202.952,200.484,202.319,206.152,45.0,45.94,44.76,44.97,45.74,44.6,633.9,48.2,2.0,5,8,1999,2,2.14,24.0,79.0,24.7
070C26B687886824B1,AGM70_B1,3,2026-02-25,203.193,209.494,206.887,201.648,205.68,204.829,44.85,44.13,44.38,44.94,44.96,45.15,628.0,55.1,2.07,5,5,2271,1,2.1,25.1,76.6,22.4
070C26B511801031B1,AGM70_B1,2,2026-02-07,212.297,209.677,211.464,207.519,212.317,212.154,44.31,44.62,46.19,45.74,43.63,45.67,635.9,51.1,1.97,2,10,1798,3,2.14,25.2,79.8,26.1
070C26B646774435B1,AGM70_B1,3,2026-02-11,211.015,209.77,212.377,206.284,209.789,207.822,44.57,44.33,43.69,45.53,45.41,44.11,635.1,46.2,2.05,4,16,1689,4,2.11,22.5,76.8,29.8
070C26B729251680B1,AGM70_B1,3,2026-02-17,209.163,215.634,208.034,207.91,205.853,213.347,44.94,45.46,47.06,44.87,43.55,44.83,630.4,63.3,2.07,6,12,2008,4,2.13,30.0,70.0,24.6
070C26B864147194B1,AGM70_B1,3,2026-02-04,206.536,208.904,217.607,208.997,211.738,205.893,45.53,45.15,44.31,46.01,44.67,46.74,630.0,59.1,2.05,6,9,1649,3,2.1,26.5,77.4,26.0
070C26B330978597B1,AGM70_B1,3,2026-02-25,200.699,206.401,202.179,206.049,202.906,211.705,43.56,45.6,43.92,43.68,46.11,44.19,666.1,60.4,2.01,8,15,1582,4,2.15,29.8,70.0,26.3
070C26B006731456B1,AGM70_B1,2,2026-02-21,214.958,213.865,213.145,214.224,213.871,212.521,44.0,45.24,45.4,43.15,45.8,45.08,608.6,43.9,2.08,3,11,1647,5,2.09,23.6,73.9,28.7
070C26B025667939B1,AGM70_B1,4,2026-02-07,207.949,212.143,212.415,211.888,208.811,211.0,43.23,45.66,45.46,43.42,45.57,45.87,638.7,63.0,2.03,2,8,1830,4,2.11,26.7,80.0,24.0
070C26B264380355B1,AGM70_B1,3,2026-02-09,208.41,207.233,213.264,206.181,208.393,213.606,46.21,43.68,42.98,46.32,45.98,43.86,622.1,55.5,2.03,4,10,1845,5,2.08,23.9,74.1,24.8
070C26B607225620B1,AGM70_B1,4,2026-02-04,203.865,203.92,204.671,205.025,203.802,206.741,45.47,42.81,45.52,42.98,43.27,44.51,621.1,42.1,2.03,8,15,1589,3,2.08,20.0,78.3,26.7
070C26B378294631B1,AGM70_B1,4,2026-02-24,203.552,201.901,199.797,217.388,212.106,200.422,44.1,45.52,46.23,42.63,42.87,45.23,642.9,49.8,2.01,6,12,2176,2,2.08,27.1,80.5,21.7
070C26C479769744B1,AGM70_B1,3,2026-03-20,218.155,217.709,217.682,218.209,219.261,217.656,43.51,46.06,43.46,46.08,45.32,45.52,621.6,27.4,2.02,6,9,1728,2,2.12,24.7,84.8,24.4
070C26C634443632B1,AGM70_B1,2,2026-03-06,208.674,214.395,211.97,212.17,205.071,213.741,45.22,45.0,45.53,44.35,43.21,44.13,658.9,52.4,1.99,4,7,1487,2,2.1,21.1,70.0,27.5
070C26C735944957B1,AGM70_B1,4,2026-03-15,212.282,214.226,220.132,214.352,222.695,219.5,45.78,45.18,43.61,45.3,47.35,46.0,620.6,44.2,2.06,5,10,2163,4,2.12,25.2,86.0,25.0
070C26C915272543B1,AGM70_B1,2,2026-03-13,194.191,197.52,195.023,198.158,199.293,192.655,45.18,45.15,46.08,45.56,45.74,44.51,619.8,49.8,2.04,4,7,1571,3,2.06,32.2,70.8,26.5
070C26C014637729B1,AGM70_B1,4,2026-03-07,216.273,219.797,212.817,215.114,209.339,217.453,43.39,46.39,45.26,45.38,45.85,47.39,643.4,59.3,2.02,3,11,1929,5,2.11,27.6,78.3,22.7
070C26C952294518B1,AGM70_B1,3,2026-03-15,210.422,209.503,208.671,206.909,208.571,205.151,45.03,45.77,45.89,45.78,43.9,43.53,637.3,44.6,2.05,4,12,2111,3,2.09,26.7,82.5,23.9
070C26C416431520B1,AGM70_B1,4,2026-03-01,207.528,214.21,212.735,211.708,210.435,210.414,45.48,46.36,44.34,43.59,45.5,42.94,644.8,48.0,2.07,5,2,1974,3,2.08,24.4,75.1,25.8
070C26C838742175B1,AGM70_B1,3,2026-03-04,211.45,211.88,209.95,208.409,209.6,209.605,45.59,45.19,44.37,45.58,45.06,43.91,630.8,46.4,2.03,4,13,2191,3,2.11,23.1,82.6,23.2
070C26C045959465B1,AGM70_B1,4,2026-03-23,211.194,212.33,210.489,212.919,210.457,207.917,45.28,46.7,45.69,45.0,43.75,45.0,642.9,44.1,2.02,8,11,1565,1,2.05,30.3,87.5,25.1
070C26C815447319B1,AGM70_B1,3,2026-03-14,202.895,210.527,205.082,208.363,204.519,200.723,46.25,44.76,44.58,45.5,45.27,44.18,632.0,59.2,2.1,4,18,1623,3,2.11,27.0,70.7,25.4
070C26C978110312B1,AGM70_B1,4,2026-03-09,212.148,212.751,204.737,211.151,203.204,208.474,45.72,45.56,45.82,45.58,45.68,44.84,647.8,57.3,2.05,8,18,2146,2,2.1,28.3,84.0,25.0
070C26C160584767B1,AGM70_B1,3,2026-03-01,205.023,202.375,205.27,204.608,204.359,207.095,45.27,45.59,45.74,43.2,45.65,45.16,624.6,37.8,2.06,5,15,1002,2,2.12,22.5,77.5,24.5
070C26C119111357B1,AGM70_B1,2,2026-03-16,209.814,207.818,207.851,210.268,208.943,210.338,47.42,44.8,43.88,45.6,44.34,44.72,614.4,43.9,2.1,7,5,2395,3,2.11,25.5,76.9,26.5
070C26D381754759B1,AGM70_B1,3,2026-04-17,210.878,209.499,209.513,203.331,213.281,205.598,46.33,44.99,43.16,42.82,44.84,46.68,616.4,62.9,2.05,5,7,1392,2,2.12,26.6,73.3,20.8
070C26D570543623B1,AGM70_B1,2,2026-04-03,212.02,210.818,212.97,208.774,210.216,212.069,44.76,44.78,45.41,44.25,45.08,45.51,614.1,57.4,2.08,6,11,2320,3,2.12,26.6,72.0,26.2
070C26D768985932B1,AGM70_B1,1,2026-04-18,205.41,208.06,209.337,208.324,208.084,211.727,45.35,46.18,44.17,45.15,45.03,44.51,626.4,34.5,2.02,7,10,1417,4,2.05,28.7,86.5,26.2
070C26D495277752B1,AGM70_B1,4,2026-04-22,204.6,203.221,199.021,208.427,205.487,210.667,44.51,46.16,44.85,45.48,45.1,45.39,651.2,57.0,2.01,8,15,2280,3,2.1,27.4,78.3,29.0
070C26D490322458B1,AGM70_B1,3,2026-04-22,219.766,218.194,216.674,216.125,219.784,217.004,44.91,46.12,45.82,45.39,44.7,44.42,642.3,40.8,2.02,5,8,1997,3,2.05,30.2,86.4,19.1
070C26D667788189B1,AGM70_B1,3,2026-04-03,209.384,214.652,213.421,207.271,210.268,210.064,44.1,45.17,46.08,44.39,43.96,46.6,627.2,57.0,2.08,5,10,1059,3,2.09,24.6,72.1,17.4
070C26D013790103B1,AGM70_B1,3,2026-04-07,217.195,206.687,214.814,214.77,211.393,210.985,44.55,44.58,44.43,43.2,44.05,45.38,629.1,58.0,2.0,6,9,1347,3,2.08,27.5,81.7,24.7
070C26D203095487B1,AGM70_B1,2,2026-04-11,205.259,202.615,205.666,205.619,200.743,209.661,44.76,44.18,45.83,45.12,44.99,46.83,652.8,57.7,2.07,4,6,1791,5,2.06,25.7,75.8,24.3
070C26D245812063B1,AGM70_B1,4,2026-04-19,210.096,199.634,207.04,204.354,202.379,204.11,43.33,44.47,45.09,43.82,44.78,45.98,648.3,47.9,2.01,5,5,1843,4,2.08,24.3,81.6,28.6
070C26D359100769B1,AGM70_B1,4,2026-04-11,200.43,203.936,198.99,205.435,200.411,199.818,44.61,46.33,46.2,42.51,45.36,45.77,625.1,51.2,2.09,4,13,2097,3,2.11,25.3,81.2,20.7
070C26D897479831B1,AGM70_B1,4,2026-04-21,209.445,205.077,205.014,209.701,213.272,210.319,45.06,44.98,46.09,44.36,45.19,44.51,619.7,47.3,2.02,10,1,1148,2,2.13,24.5,85.6,27.2
070C26D569557621B1,AGM70_B1,4,2026-04-21,214.846,215.436,220.785,218.125,217.701,216.626,45.05,44.9,45.55,43.93,43.77,45.14,626.8,39.9,2.07,6,9,2194,4,2.13,27.0,82.8,25.4
070C26D412690570B1,AGM70_B1,3,2026-04-01,210.907,205.389,211.47,210.849,212.439,220.815,44.91,45.22,44.87,45.03,44.24,45.08,631.8,56.0,2.06,2,15,1629,4,2.08,26.2,77.7,25.8
070C26E950421744B1,AGM70_B1,2,2026-05-10,209.36,205.647,203.242,203.944,207.745,202.738,44.65,46.72,46.24,44.72,42.77,44.97,636.8,43.4,2.07,7,15,1692,3,2.1,28.5,84.6,23.6
070C26E489280637B1,AGM70_B1,4,2026-05-04,208.2,210.742,207.145,205.068,213.219,204.412,45.05,44.48,45.36,46.65,45.51,44.03,626.2,50.1,2.04,7,7,1996,3,2.11,19.9,81.1,29.7
070C26E135691774B1,AGM70_B1,3,2026-05-06,216.919,210.328,211.384,209.757,214.612,213.982,46.19,43.02,43.81,45.56,45.26,45.83,618.9,45.8,2.12,2,12,1690,3,2.09,26.1,73.4,23.0
070C26E714022808B1,AGM70_B1,5,2026-05-16,203.802,204.061,204.106,199.357,206.59,201.117,44.86,46.18,45.69,43.94,43.42,43.67,654.3,43.9,2.11,2,6,1884,3,2.14,23.7,78.1,23.6
070C26E455431768B1,AGM70_B1,5,2026-05-02,214.548,216.841,210.599,216.558,214.891,213.445,46.23,45.25,45.06,44.96,42.78,45.0,637.5,49.8,2.04,7,10,1551,4,2.12,28.0,81.6,20.7
070C26E338149065B1,AGM70_B1,3,2026-05-16,211.414,212.147,209.994,212.872,211.547,212.355,46.09,45.09,47.32,46.96,44.44,45.72,623.3,38.8,2.03,2,6,1284,5,2.09,23.1,85.0,26.5
070C26E476539360B1,AGM70_B1,3,2026-05-25,212.538,204.26,209.081,214.184,214.101,208.588,44.46,46.61,43.69,45.95,44.43,44.64,617.8,50.6,2.04,1,9,1733,1,2.08,25.1,82.6,20.8
070C26E532493252B1,AGM70_B1,2,2026-05-03,202.905,205.626,209.656,209.205,208.227,207.913,44.95,44.87,46.24,43.35,45.63,45.84,636.1,55.2,2.09,6,12,1503,2,2.09,21.9,73.8,25.1
070C26E337293855B1,AGM70_B1,2,2026-05-01,211.473,210.082,209.185,208.724,207.72,209.43,45.28,43.18,44.66,43.27,45.59,46.51,641.7,36.5,2.06,8,12,1418,4,2.12,26.8,80.9,26.1
070C26E175562485B1,AGM70_B1,3,2026-05-01,221.91,216.742,217.915,220.607,216.535,217.655,45.44,44.58,45.02,44.89,44.88,46.06,654.7,42.6,2.0,6,8,2346,3,2.14,25.9,76.5,28.0
070C26E397178285B1,AGM70_B1,4,2026-05-24,205.98,210.007,205.87,201.279,205.322,208.369,44.91,45.84,43.5,45.95,44.94,45.0,605.1,51.4,2.05,3,9,1554,5,2.1,27.6,80.2,27.6
070C26E840561170B1,AGM70_B1,3,2026-05-19,214.205,213.91,215.773,213.988,223.079,211.893,45.09,45.45,44.27,44.31,42.02,43.92,633.4,35.4,2.01,4,4,1302,2,2.11,28.5,79.1,24.5
070C26E027629989B1,AGM70_B1,2,2026-05-26,208.866,208.437,210.779,211.891,209.406,211.65,45.06,44.6,44.23,45.51,43.82,43.48,644.8,34.0,2.04,5,12,1756,2,2.12,27.1,82.2,27.6
070C26F171628459B1,AGM70_B1,3,2026-06-01,207.925,212.099,207.937,212.316,208.672,208.624,43.56,44.46,45.8,43.86,44.8,45.32,643.6,51.9,2.03,8,12,2105,3,2.13,21.6,79.8,24.7
070C26F543584696B1,AGM70_B1,3,2026-06-16,219.841,219.02,218.438,214.784,221.041,220.941,44.47,46.09,44.08,45.86,43.58,44.47,617.1,47.2,2.04,8,10,1917,3,2.07,22.5,80.0,25.6
070C26F428401210B1,AGM70_B1,4,2026-06-19,214.885,216.057,215.723,215.449,216.236,216.968,44.68,45.08,45.31,44.74,45.57,42.8,622.5,39.4,2.02,7,10,2235,3,2.09,23.5,85.4,22.3
070C26F790605733B1,AGM70_B1,3,2026-06-21,213.504,210.789,204.801,196.984,214.972,210.799,45.33,46.04,44.91,44.7,45.72,44.08,623.2,54.6,2.03,6,12,1847,4,2.09,27.8,83.4,25.5
070C26F175369916B1,AGM70_B1,3,2026-06-21,209.56,212.54,216.199,202.74,206.128,213.509,45.96,45.02,44.97,45.89,43.62,44.77,649.0,57.4,2.08,8,8,1503,1,2.1,19.7,78.1,28.2
070C26F936514496B1,AGM70_B1,3,2026-06-20,216.602,209.88,215.588,210.536,215.145,216.617,46.09,46.27,44.06,45.76,43.26,45.44,603.9,42.1,2.1,4,8,1398,4,2.15,23.4,82.8,19.7
070C26F885946993B1,AGM70_B1,3,2026-06-12,217.685,209.933,207.114,215.139,223.894,210.383,43.76,45.2,43.5,45.49,44.48,46.17,636.8,52.1,2.06,4,2,1916,2,2.05,31.7,84.9,22.1
070C26F193597601B1,AGM70_B1,3,2026-06-14,212.982,209.844,209.467,211.16,216.186,208.873,44.18,43.98,45.02,45.33,44.43,45.31,643.2,60.1,2.02,7,6,1713,2,2.13,23.2,79.6,25.5
070C26F743360783B1,AGM70_B1,3,2026-06-11,210.13,193.804,208.135,204.279,203.284,201.775,43.96,46.12,45.16,45.11,45.7,45.15,643.2,60.9,2.05,2,9,2113,1,2.14,27.6,78.4,23.9
070C26F375033279B1,AGM70_B1,5,2026-06-09,203.785,203.919,206.267,209.486,212.71,210.858,44.44,44.23,45.15,43.69,45.95,44.4,638.3,36.5,2.08,3,10,2079,3,2.1,26.9,75.4,27.4
070C26F539090535B1,AGM70_B1,3,2026-06-19,206.632,202.933,207.033,203.612,213.877,210.564,46.36,45.26,43.56,44.32,42.08,44.62,628.5,47.5,2.03,5,10,2308,3,2.05,23.2,75.0,24.3
070C26F030512052B1,AGM70_B1,4,2026-06-02,213.571,215.345,208.79,218.292,214.826,216.027,45.58,46.33,45.66,45.07,44.69,45.75,610.8,55.7,2.09,6,14,1963,4,2.15,26.8,71.9,32.0
070C26F176413188B1,AGM70_B1,3,2026-06-23,206.138,205.493,203.985,207.978,207.236,203.971,45.78,46.39,43.45,43.58,44.17,46.42,631.8,45.7,2.0,2,4,1655,2,2.06,27.2,81.1,27.2
070C26G393658049B1,AGM70_B1,2,2026-07-03,200.423,197.74,200.363,194.98,197.959,199.377,45.47,46.45,43.71,47.34,46.88,44.11,649.1,61.2,2.04,7,11,1698,3,2.1,25.0,77.7,28.5
070C26G501142833B1,AGM70_B1,3,2026-07-11,212.369,216.365,208.519,211.609,205.054,207.701,45.34,42.6,44.56,42.91,43.96,45.0,627.6,75.3,2.05,5,7,1471,1,2.12,23.3,73.0,23.9
070C26G799514449B1,AGM70_B1,3,2026-07-18,218.433,210.247,211.986,214.506,209.886,210.808,45.9,46.31,46.74,44.5,46.23,44.09,642.2,58.3,2.04,3,8,1793,3,2.12,20.2,80.1,19.0
070C26G508083598B1,AGM70_B1,2,2026-07-26,210.923,212.219,207.108,211.219,207.483,210.493,44.26,44.43,43.36,45.39,45.56,44.92,610.8,33.9,2.1,4,8,1685,4,2.09,25.8,79.3,29.1
070C26G526817493B1,AGM70_B1,3,2026-07-24,214.014,213.17,212.237,213.973,214.278,212.58,47.05,44.41,44.98,45.18,46.23,44.59,645.0,49.2,2.07,6,1,1973,3,2.11,26.1,87.3,24.8
070C26G396676593B1,AGM70_B1,2,2026-07-11,212.735,206.446,210.5,211.02,215.54,208.264,44.87,47.03,43.84,46.51,43.63,43.77,614.0,44.0,2.08,3,16,1687,3,2.14,23.3,83.0,22.1
070C26G139906234B1,AGM70_B1,4,2026-07-14,217.981,218.756,209.481,219.407,209.989,213.424,44.39,45.75,44.67,43.7,44.95,44.32,618.2,54.5,2.09,1,14,1521,4,2.1,24.5,83.0,27.4
070C26G324056494B1,AGM70_B1,2,2026-07-12,217.982,212.511,205.867,210.345,208.714,206.501,47.18,44.65,44.2,46.76,45.13,45.32,654.1,39.2,2.05,5,15,1898,2,2.13,26.0,87.5,23.0
070C26G384822769B1,AGM70_B1,2,2026-07-22,206.335,214.228,209.555,208.468,206.789,209.123,45.37,44.69,45.22,46.72,43.26,45.86,630.5,57.0,2.08,9,1,1430,4,2.08,22.9,70.0,18.3
070C26G502522250B1,AGM70_B1,3,2026-07-23,213.389,212.449,212.401,212.925,211.4,217.812,45.49,46.62,45.36,46.11,44.11,46.12,618.0,49.4,2.06,4,10,1673,3,2.11,26.1,75.7,27.1
070C26G908988865B1,AGM70_B1,3,2026-07-20,215.736,213.45,214.218,214.598,215.282,214.8,44.77,44.67,45.07,46.11,44.57,44.05,625.8,48.5,2.04,4,12,2145,4,2.06,25.1,75.4,24.2
070C26G859792534B1,AGM70_B1,3,2026-07-11,210.135,207.949,211.683,212.499,208.207,211.09,45.5,45.21,44.57,45.9,46.36,45.29,626.9,47.3,2.08,4,10,1549,5,2.07,25.6,84.6,22.6
070C26G420196893B1,AGM70_B1,2,2026-07-15,205.537,204.126,205.895,206.146,201.123,201.533,43.67,44.47,44.33,46.06,46.12,44.19,611.9,47.0,2.07,4,10,1421,3,2.08,23.9,87.5,20.8
070C26H199339141B1,AGM70_B1,3,2026-08-23,200.731,209.604,212.787,211.368,209.206,213.279,44.27,45.71,44.69,47.07,44.82,45.73,640.2,54.2,2.07,4,11,1510,3,2.06,22.6,76.5,26.3
070C26H788164077B1,AGM70_B1,2,2026-08-10,214.396,212.193,215.336,218.013,219.008,216.196,44.9,45.43,44.68,46.92,45.16,46.62,626.3,44.6,2.06,8,11,2136,3,2.07,24.1,75.3,25.3
070C26H298062285B1,AGM70_B1,4,2026-08-07,201.723,203.911,201.964,205.704,203.194,198.918,45.29,45.8,43.79,46.11,45.15,45.34,614.4,52.6,2.04,2,17,1971,4,2.12,21.5,73.9,26.0
070C26H727545403B1,AGM70_B1,4,2026-08-02,211.551,210.657,213.348,209.802,213.96,214.615,45.9,44.92,45.1,44.36,44.63,46.09,614.1,38.8,2.04,5,8,1324,3,2.15,26.0,84.6,23.5
070C26H170690834B1,AGM70_B1,3,2026-08-16,211.907,206.271,204.6,210.018,205.098,207.219,45.54,43.48,45.77,42.78,45.28,43.72,648.8,43.9,2.02,6,11,2246,4,2.09,21.6,85.7,27.7
070C26H140641548B1,AGM70_B1,2,2026-08-26,216.506,216.527,217.367,217.088,217.137,216.038,43.19,45.76,44.7,44.05,46.14,44.84,623.7,40.9,2.08,4,5,2393,1,2.12,26.7,83.1,20.1
070C26H242416389B1,AGM70_B1,4,2026-08-21,208.127,209.397,206.564,207.759,214.131,212.702,43.64,43.82,44.84,43.83,44.51,45.48,630.1,36.7,2.09,7,3,1454,3,2.1,23.7,80.0,24.5
070C26H143020148B1,AGM70_B1,4,2026-08-25,211.459,211.942,212.467,205.942,209.452,207.195,42.77,43.65,43.75,44.5,44.22,43.76,600.0,56.6,2.07,4,8,2022,5,2.09,26.0,81.3,23.4
070C26H905963206B1,AGM70_B1,4,2026-08-17,216.272,217.594,218.219,221.167,219.044,216.681,43.54,44.95,44.0,44.01,43.97,46.47,647.7,54.5,2.02,3,11,1801,3,2.13,29.6,75.1,25.0
070C26H697066601B1,AGM70_B1,3,2026-08-21,207.569,206.836,208.515,207.701,205.752,211.589,44.28,44.88,44.88,43.86,46.21,46.34,635.1,64.9,2.05,5,15,1288,2,2.13,28.6,74.7,24.3
070C26H336915605B1,AGM70_B1,2,2026-08-15,210.904,214.094,207.862,215.891,214.688,214.179,46.2,46.08,43.99,44.2,45.38,46.58,639.0,61.7,2.08,6,13,1528,3,2.15,27.6,77.0,23.0
070C26H508512312B1,AGM70_B1,5,2026-08-22,207.384,207.234,210.146,209.568,208.824,202.624,45.88,44.59,44.16,45.29,44.68,44.73,623.9,57.5,2.05,7,11,1981,1,2.1,27.2,79.4,23.4
070C26H457036827B1,AGM70_B1,4,2026-08-17,210.752,210.989,210.458,208.46,209.193,210.578,43.04,45.01,45.32,46.05,46.07,44.71,622.9,45.9,2.07,3,10,1700,4,2.06,31.9,70.0,23.1
070C26I290534359B1,AGM70_B1,1,2026-09-08,207.423,207.71,204.866,209.826,209.1,213.35,44.75,45.2,43.39,46.54,45.27,43.69,625.5,44.2,2.05,6,10,1648,3,2.08,26.3,82.4,21.5
070C26I558935171B1,AGM70_B1,4,2026-09-20,212.437,207.982,212.685,206.582,207.829,205.806,45.2,46.25,45.0,43.02,45.36,43.99,650.4,42.5,2.09,7,10,1806,3,2.12,26.3,86.2,20.3
070C26I881089828B1,AGM70_B1,1,2026-09-07,215.218,213.376,214.348,213.6,211.642,206.241,46.06,45.35,45.34,44.89,45.69,45.11,634.0,67.1,2.04,4,13,1535,3,2.05,23.3,72.6,30.1
070C26I089770734B1,AGM70_B1,4,2026-09-10,207.844,203.587,209.243,209.591,205.763,210.888,46.47,45.27,44.1,43.81,46.25,43.9,626.5,56.5,2.05,5,15,2371,5,2.09,24.8,78.0,26.6
070C26I998343518B1,AGM70_B1,3,2026-09-18,209.84,209.299,209.178,202.604,212.869,204.426,44.36,44.13,46.88,45.92,44.33,45.78,628.3,50.8,2.03,3,9,1367,2,2.1,23.9,71.0,21.3
070C26I283190916B1,AGM70_B1,5,2026-09-18,211.7,208.379,207.928,207.131,217.173,209.968,44.83,45.37,46.38,43.95,44.57,46.18,614.3,64.6,2.07,10,8,1982,3,2.13,25.5,70.0,30.5
070C26I441265883B1,AGM70_B1,1,2026-09-18,219.652,216.735,212.97,216.393,210.457,215.94,45.36,44.49,43.18,44.14,44.83,45.2,630.6,48.6,2.03,4,9,2103,4,2.11,28.3,75.0,29.1
070C26I722689422B1,AGM70_B1,5,2026-09-25,210.673,215.017,210.097,217.82,217.506,216.579,44.34,44.95,43.9,45.15,45.63,44.25,626.6,46.8,2.09,3,10,1791,3,2.11,25.0,79.9,21.0
070C26I032398049B1,AGM70_B1,4,2026-09-12,214.143,204.586,201.636,216.244,209.779,205.515,45.65,46.13,46.2,43.95,46.12,45.77,645.0,46.2,2.06,1,16,1322,4,2.12,28.6,85.2,31.5
070C26I453086036B1,AGM70_B1,3,2026-09-08,212.515,216.333,211.692,212.16,213.992,214.868,44.64,45.67,43.98,44.84,44.79,46.3,637.9,42.9,2.01,6,8,2120,3,2.11,23.1,78.1,28.0
070C26I565458213B1,AGM70_B1,3,2026-09-13,211.064,206.043,212.273,205.905,215.939,207.883,44.68,45.45,43.47,46.28,43.51,44.41,636.0,64.6,2.01,3,10,1400,2,2.08,26.2,82.0,27.2
070C26I871572694B1,AGM70_B1,4,2026-09-03,215.712,213.78,213.764,210.399,213.543,216.339,44.22,45.81,43.2,45.97,45.63,44.44,638.9,38.2,2.06,6,5,1796,3,2.02,24.8,79.1,28.4
070C26I844224904B1,AGM70_B1,4,2026-09-08,207.812,209.992,207.18,208.01,210.955,211.04,45.57,44.21,44.86,45.29,45.68,44.83,615.9,33.4,2.09,8,6,2159,5,2.12,21.0,78.7,28.6
070C26J566856538B1,AGM70_B1,4,2026-10-17,202.016,211.993,200.268,198.78,198.467,210.526,44.25,45.98,46.27,45.41,45.04,43.81,616.6,50.2,2.07,6,14,2084,3,2.13,26.1,75.4,24.7
070C26J766967442B1,AGM70_B1,3,2026-10-20,218.143,209.692,213.33,221.596,215.564,216.567,44.49,46.13,45.68,45.04,45.93,45.22,606.9,45.2,2.08,7,10,1449,3,2.09,24.4,78.1,19.8
070C26J055705452B1,AGM70_B1,3,2026-10-04,213.09,211.199,209.716,209.377,208.562,211.128,45.3,46.46,43.85,43.66,44.29,45.6,638.7,50.9,2.02,5,6,1370,6,2.15,31.0,76.7,23.7
070C26J756078351B1,AGM70_B1,3,2026-10-14,218.139,212.003,212.838,214.89,211.828,211.772,45.08,45.42,45.34,46.4,43.35,45.75,638.4,63.2,2.06,6,3,1615,3,2.08,23.4,77.6,29.4
070C26J113070161B1,AGM70_B1,3,2026-10-17,208.13,210.856,205.783,203.758,210.376,206.989,45.92,43.72,43.57,44.66,46.89,46.28,629.1,45.5,2.01,3,1,2368,6,2.08,23.2,71.5,20.4
070C26J001437181B1,AGM70_B1,2,2026-10-19,203.175,206.318,205.411,209.427,203.27,201.521,44.91,45.6,45.81,44.92,43.86,44.05,618.8,58.8,2.05,5,7,2254,3,2.1,22.8,70.4,27.0
070C26J457922868B1,AGM70_B1,4,2026-10-16,202.006,210.742,211.468,207.182,206.818,200.833,46.51,45.87,45.56,44.05,44.17,45.67,639.3,44.0,2.03,3,16,1588,4,2.08,25.4,84.7,19.8
070C26J981721166B1,AGM70_B1,4,2026-10-26,211.507,212.118,210.586,212.681,214.136,207.554,45.49,43.46,45.26,44.68,43.65,47.53,630.9,53.8,2.02,7,6,1971,1,2.12,26.5,72.6,27.1
070C26J916423617B1,AGM70_B1,3,2026-10-05,207.874,215.02,211.99,213.978,206.911,208.943,44.67,46.05,43.8,44.91,45.37,44.57,636.8,38.7,2.06,3,12,1581,3,2.13,30.1,87.5,22.9
070C26J853104524B1,AGM70_B1,3,2026-10-09,219.66,211.906,221.264,221.003,213.456,226.373,43.94,44.7,45.52,46.12,45.04,45.36,625.3,57.2,2.06,2,14,1936,1,2.1,21.9,78.1,28.2
070C26J833355583B1,AGM70_B1,4,2026-10-14,210.069,208.512,202.854,209.317,210.881,212.895,43.21,43.36,43.85,44.64,44.67,43.35,620.8,59.9,2.07,7,6,2776,2,2.08,21.3,71.5,26.9
070C26J826069215B1,AGM70_B1,2,2026-10-06,212.871,206.469,213.596,205.761,212.147,216.299,45.18,44.0,46.41,47.49,45.23,45.18,626.7,40.9,2.05,6,12,1648,4,2.15,22.9,77.6,21.0
070C26J392055373B1,AGM70_B1,5,2026-10-12,215.114,208.205,214.146,216.417,211.257,211.093,44.95,42.86,45.1,45.33,45.45,44.58,636.1,47.6,2.05,6,7,1237,4,2.08,22.5,87.5,20.6
070C26K866343533B1,AGM70_B1,2,2026-11-17,205.282,201.946,212.106,204.52,206.246,204.532,46.59,44.93,43.61,44.64,46.64,46.26,611.4,41.2,2.0,8,10,1944,5,2.11,29.6,85.7,22.0
070C26K041878745B1,AGM70_B1,2,2026-11-16,199.084,203.056,209.264,205.977,208.831,201.236,46.22,44.94,45.81,45.29,46.12,44.94,636.3,46.8,2.09,4,11,2065,2,2.07,26.7,83.0,17.6
070C26K777306706B1,AGM70_B1,1,2026-11-22,210.146,205.498,208.59,211.399,208.02,205.757,44.48,43.98,45.7,44.33,46.3,46.16,622.7,55.5,2.08,4,13,1812,3,2.14,23.7,75.9,26.0
070C26K082535068B1,AGM70_B1,4,2026-11-20,209.044,208.745,212.519,212.484,209.388,204.548,42.86,44.11,45.47,44.72,44.44,45.04,626.1,34.9,2.09,5,3,1708,2,2.14,29.8,82.4,29.2
070C26K860154638B1,AGM70_B1,5,2026-11-02,205.735,216.473,207.318,210.548,212.399,207.026,46.46,44.96,47.58,44.95,45.91,47.36,635.8,54.8,2.09,3,4,1917,3,2.13,28.0,85.8,28.2
070C26K404056383B1,AGM70_B1,2,2026-11-21,202.909,203.18,209.344,203.184,203.595,202.96,45.27,45.32,43.89,44.88,44.4,43.76,633.5,47.4,2.05,7,8,2022,4,2.08,16.0,77.8,21.4
070C26K771343015B1,AGM70_B1,3,2026-11-04,213.705,212.368,213.819,212.024,213.365,215.192,44.95,45.45,44.83,45.77,44.87,46.26,636.9,40.7,2.08,5,5,2353,3,2.12,30.4,77.4,28.3
070C26K533568248B1,AGM70_B1,4,2026-11-26,218.08,216.932,218.284,217.934,218.21,216.518,44.66,44.01,45.27,44.18,44.76,43.82,618.9,37.1,2.0,5,6,2148,3,2.16,26.3,84.4,31.4
070C26K935657556B1,AGM70_B1,3,2026-11-09,214.366,212.253,216.219,213.583,215.136,213.678,44.81,43.6,44.5,45.2,46.44,44.81,621.6,40.1,2.05,5,12,1843,2,2.05,21.7,73.9,24.2
070C26K764427984B1,AGM70_B1,4,2026-11-09,204.491,197.791,201.696,200.817,208.887,208.263,45.02,45.35,45.9,43.05,44.14,42.49,625.7,54.5,2.1,4,13,1806,3,2.12,31.3,79.8,24.9
070C26K888153230B1,AGM70_B1,3,2026-11-11,214.229,215.61,213.608,212.894,212.496,213.925,41.71,45.17,45.27,43.45,46.3,43.61,626.0,51.1,2.0,5,16,1188,4,2.15,25.4,72.6,27.0
070C26K230202630B1,AGM70_B1,3,2026-11-13,211.12,210.143,209.447,208.416,212.678,206.823,47.17,44.07,45.92,43.38,44.54,45.55,637.0,49.4,2.1,7,6,2056,5,2.07,22.4,76.1,24.3
070C26K321341841B1,AGM70_B1,4,2026-11-05,210.562,209.869,206.891,210.384,209.817,207.296,44.33,47.53,45.73,46.16,42.96,44.41,630.8,39.0,2.0,4,11,1769,3,2.11,29.4,86.7,29.5
070C26L458284590B1,AGM70_B1,4,2026-12-11,206.554,204.066,210.214,206.367,207.1,207.258,45.1,44.36,45.16,44.18,45.36,44.92,628.2,40.5,2.01,9,14,2082,4,2.08,27.0,77.0,24.5
070C26L365829013B1,AGM70_B1,4,2026-12-06,214.098,208.109,215.343,211.07,212.746,212.053,46.92,45.02,44.89,45.16,45.22,45.67,646.0,46.6,2.06,5,8,2302,3,2.12,21.4,86.9,17.5
070C26L016707885B1,AGM70_B1,3,2026-12-25,207.532,205.444,204.083,207.342,206.532,211.084,45.47,43.19,44.8,45.07,46.41,44.18,646.6,45.7,2.08,4,11,969,2,2.04,24.9,82.4,21.3
070C26L606238008B1,AGM70_B1,4,2026-12-07,215.162,218.314,219.349,218.635,219.13,217.437,45.4,44.59,45.04,45.69,45.22,45.53,617.2,36.4,2.08,5,7,2148,2,2.11,22.9,82.2,27.2
070C26L585701142B1,AGM70_B1,4,2026-12-09,212.134,215.351,214.116,211.751,212.551,214.337,45.17,46.79,46.14,44.96,44.51,44.48,642.5,40.3,2.01,5,1,2318,5,2.07,23.9,75.2,22.8
070C26L537848877B1,AGM70_B1,1,2026-12-02,211.946,209.279,213.891,210.306,212.744,209.994,46.34,45.31,44.5,44.81,45.7,42.81,623.0,40.1,2.03,4,15,2169,4,2.11,25.1,76.6,27.6
070C26L558164094B1,AGM70_B1,4,2026-12-08,204.992,204.788,207.071,204.345,205.156,200.377,44.77,45.13,44.25,45.04,44.28,45.02,627.2,43.1,2.07,5,14,1812,3,2.1,23.0,84.3,23.6
070C26L776939803B1,AGM70_B1,5,2026-12-11,206.731,207.065,202.743,204.662,206.159,207.842,43.94,45.49,44.75,44.64,44.19,45.36,634.7,56.7,2.12,2,5,1908,3,2.06,28.4,82.8,24.2
070C26L653543964B1,AGM70_B1,4,2026-12-26,211.396,203.307,213.014,209.723,212.094,211.103,45.43,45.42,44.31,45.93,43.7,47.46,627.5,59.2,2.06,8,16,2277,2,2.1,21.9,81.6,22.5
070C26L600459950B1,AGM70_B1,2,2026-12-20,210.618,208.887,209.488,207.683,206.723,209.313,44.19,46.59,44.95,47.17,44.99,44.01,635.8,44.1,2.06,6,12,1910,3,2.11,25.8,72.5,27.4
070C26L025083211B1,AGM70_B1,3,2026-12-18,213.765,212.523,211.217,217.872,213.102,208.957,43.83,46.57,45.79,43.88,46.64,44.21,629.6,44.1,2.06,7,15,1836,4,2.09,28.0,79.7,25.4
070C26L418909353B1,AGM70_B1,2,2026-12-08,211.706,210.117,211.242,209.729,214.793,215.443,45.11,43.95,44.17,45.37,45.5,45.4,601.6,41.1,2.02,6,6,2101,2,2.09,24.7,76.5,23.3
070C26L961244520B1,AGM70_B1,3,2026-12-11,213.747,205.955,210.675,206.532,204.883,203.209,44.22,43.03,45.43,43.54,47.11,43.51,614.6,42.9,2.08,4,1,1857,4,2.05,24.2,83.8,22.7
070C26A613558029C1,AGM70_C1,4,2026-01-04,218.681,220.152,220.487,219.796,216.569,217.872,44.06,43.9,45.65,45.65,45.23,45.02,625.4,47.9,2.05,7,13,1858,3,2.15,22.2,73.4,22.8
070C26A826933136C1,AGM70_C1,2,2026-01-12,210.554,209.377,211.927,212.495,211.39,206.11,46.12,44.48,44.44,44.2,45.21,44.5,628.9,45.5,2.08,1,8,1801,4,2.12,25.1,81.7,25.2
070C26A839321582C1,AGM70_C1,2,2026-01-21,217.09,218.213,214.12,212.968,217.519,215.431,45.73,44.71,45.65,44.46,44.01,44.89,624.2,59.8,2.13,7,12,1791,2,2.09,24.1,75.8,31.9
070C26A123135861C1,AGM70_C1,4,2026-01-06,211.446,208.545,205.152,206.43,215.292,214.286,44.99,45.78,45.46,43.14,46.25,46.45,641.3,44.2,2.09,5,13,2242,3,2.08,24.9,78.6,27.1
070C26A278783073C1,AGM70_C1,2,2026-01-03,206.531,205.192,207.479,209.832,198.867,205.576,44.84,45.39,42.65,43.66,45.09,43.64,634.5,36.3,2.03,7,10,1483,4,2.1,25.2,82.8,24.6
070C26A027404056C1,AGM70_C1,3,2026-01-24,203.942,206.107,204.431,206.897,212.141,207.78,44.18,45.62,44.93,45.11,45.37,43.94,643.6,68.8,2.03,7,7,1550,3,2.11,25.9,77.4,28.5
070C26A689896713C1,AGM70_C1,3,2026-01-15,214.308,215.144,210.362,216.726,214.657,214.746,46.42,45.07,44.37,45.32,43.27,44.58,634.6,51.3,2.04,6,11,1653,3,2.11,29.8,79.3,23.7
070C26A513189535C1,AGM70_C1,4,2026-01-04,204.757,206.62,205.367,209.929,206.332,208.082,44.36,45.97,44.36,45.32,46.72,45.68,632.0,41.4,2.05,4,5,1694,1,2.07,22.5,78.2,27.6
070C26A894674843C1,AGM70_C1,3,2026-01-08,211.485,209.487,211.391,208.937,212.565,210.55,45.25,45.76,45.79,42.69,44.77,43.87,629.7,49.3,2.0,7,13,1620,3,2.1,28.9,80.8,24.8
070C26A676031925C1,AGM70_C1,4,2026-01-24,221.437,221.049,221.387,221.17,221.07,221.746,44.48,45.56,45.4,45.07,44.72,45.82,635.9,28.7,1.98,10,13,1900,4,2.09,25.0,80.1,24.5
070C26A112071587C1,AGM70_C1,3,2026-01-05,206.486,212.674,205.618,199.592,211.703,213.062,44.29,46.03,44.11,44.49,45.46,44.21,638.8,43.8,2.05,7,13,1904,2,2.11,23.4,70.3,25.0
070C26A776813962C1,AGM70_C1,2,2026-01-20,211.581,206.727,212.045,216.467,211.532,207.84,43.52,45.14,44.68,44.42,43.9,44.64,633.9,50.7,2.05,5,11,2289,3,2.11,23.6,81.9,25.1
070C26A519379844C1,AGM70_C1,1,2026-01-02,211.885,209.995,210.516,206.1,211.246,210.542,46.32,46.07,45.45,45.27,43.93,46.82,634.8,47.8,2.03,3,10,1618,3,2.16,23.8,72.9,31.4
070C26B923686920C1,AGM70_C1,2,2026-02-11,206.867,206.047,200.366,196.636,208.485,204.144,46.33,44.64,45.07,45.84,42.46,44.08,642.8,52.6,2.07,7,16,1776,2,2.07,22.6,72.5,27.4
070C26B005654859C1,AGM70_C1,2,2026-02-21,210.224,212.711,210.883,207.598,211.948,211.196,45.61,45.4,45.26,45.19,45.06,44.66,620.8,45.5,2.03,1,13,1851,6,2.08,22.6,79.3,23.3
070C26B147295580C1,AGM70_C1,3,2026-02-13,213.239,213.565,211.3,214.299,212.061,210.406,46.06,45.06,45.4,43.81,45.88,44.14,619.1,55.0,2.08,6,6,1799,3,2.14,27.6,70.0,22.2
070C26B907114701C1,AGM70_C1,3,2026-02-10,214.816,217.142,210.252,209.796,215.005,214.857,45.62,45.2,46.65,45.93,45.22,44.99,611.1,41.9,2.08,2,14,1570,1,2.05,24.0,86.0,24.8
070C26B048500778C1,AGM70_C1,3,2026-02-21,208.8,211.652,216.554,213.527,214.996,211.146,46.42,46.22,46.83,44.09,45.07,44.71,609.1,37.0,2.02,6,11,1415,4,2.12,25.1,81.4,21.7
070C26B736044612C1,AGM70_C1,1,2026-02-12,203.511,204.496,203.055,202.407,202.906,203.861,46.2,43.8,46.81,44.51,46.36,45.38,634.0,32.5,2.06,4,12,1840,2,2.11,25.1,85.9,21.2
070C26B114580750C1,AGM70_C1,3,2026-02-19,207.414,206.722,208.823,208.307,207.362,206.825,44.0,44.96,45.01,44.35,46.05,45.08,668.0,40.0,2.04,2,7,2047,4,2.11,26.3,81.5,23.8
070C26B185188494C1,AGM70_C1,4,2026-02-09,210.412,214.229,212.862,209.062,213.928,214.945,46.39,44.58,44.01,45.05,45.72,44.82,654.7,62.9,2.01,5,14,1595,4,2.15,26.7,78.7,27.0
070C26B097015273C1,AGM70_C1,5,2026-02-14,206.955,203.88,205.283,203.821,199.881,205.64,46.27,45.39,45.02,45.26,47.38,45.07,615.7,62.0,2.03,5,1,2012,4,2.06,19.9,74.5,31.0
070C26B098589009C1,AGM70_C1,3,2026-02-25,207.326,206.62,207.771,206.638,205.441,207.053,44.5,44.7,45.78,43.5,44.33,46.23,616.0,42.8,2.03,3,14,2176,2,2.06,27.8,81.1,22.5
070C26B658216728C1,AGM70_C1,1,2026-02-06,212.283,211.111,220.099,215.992,214.34,214.933,41.86,44.11,44.36,46.0,43.36,46.21,650.3,68.9,2.1,4,11,1429,2,2.08,23.1,77.2,24.1
070C26B135386490C1,AGM70_C1,3,2026-02-20,214.991,211.506,213.56,218.332,209.53,208.736,46.62,44.96,44.06,43.75,44.44,45.02,627.5,40.7,2.05,6,8,1391,3,2.14,26.0,85.5,26.3
070C26B953586086C1,AGM70_C1,5,2026-02-14,204.59,202.384,207.2,206.335,205.426,199.539,45.46,47.33,45.64,44.39,46.21,43.83,637.4,56.1,2.07,5,10,1961,1,2.08,27.2,70.0,24.9
070C26C350612235C1,AGM70_C1,3,2026-03-21,206.186,209.646,209.278,199.452,206.266,200.13,44.19,42.31,44.23,44.33,45.35,45.32,658.6,65.6,2.03,5,12,2217,1,2.06,20.4,73.8,29.2
070C26C728506563C1,AGM70_C1,2,2026-03-19,209.195,218.841,214.473,211.681,211.465,214.62,46.88,45.66,44.56,43.81,45.41,45.51,631.6,41.3,2.06,7,6,1331,4,2.12,26.7,84.8,25.9
070C26C496662805C1,AGM70_C1,3,2026-03-25,212.938,213.803,206.964,209.181,210.215,210.386,44.91,44.07,45.8,45.88,47.85,46.08,617.9,52.3,2.05,4,8,2024,2,2.13,23.7,75.3,23.1
070C26C866622723C1,AGM70_C1,3,2026-03-27,209.493,206.068,209.496,210.117,207.865,206.715,44.9,42.92,45.0,45.13,45.51,45.65,625.1,45.2,2.04,1,8,2262,2,2.12,18.0,81.1,19.4
070C26C125616380C1,AGM70_C1,3,2026-03-14,222.926,217.837,213.74,217.617,220.778,218.195,45.8,45.99,44.52,45.2,44.97,44.39,610.8,45.4,2.02,5,10,1875,4,2.1,28.8,83.8,27.6
070C26C182442860C1,AGM70_C1,2,2026-03-14,204.784,208.592,208.727,210.378,209.987,205.499,45.86,45.0,45.36,44.63,45.04,47.26,616.9,46.7,2.07,7,12,2072,4,2.11,24.9,83.8,25.8
070C26C239600151C1,AGM70_C1,3,2026-03-24,208.662,203.925,206.019,214.18,202.395,208.892,45.21,46.28,46.01,44.79,46.45,44.73,653.5,54.9,2.03,2,13,1491,4,2.11,26.8,75.1,27.2
070C26C772462126C1,AGM70_C1,3,2026-03-14,201.274,206.407,210.343,201.691,197.606,204.054,44.85,44.78,43.35,44.09,44.68,45.96,618.2,47.5,2.01,8,11,1391,3,2.08,24.4,81.3,25.4
070C26C633663435C1,AGM70_C1,3,2026-03-27,219.303,217.94,217.572,217.202,216.981,219.151,47.13,45.86,45.01,44.98,45.34,46.69,648.3,46.3,2.09,5,4,1782,3,2.11,20.8,76.8,24.9
070C26C284508117C1,AGM70_C1,2,2026-03-23,201.292,205.449,198.859,209.716,209.146,204.257,47.36,45.76,46.57,44.63,44.79,45.27,623.0,44.9,2.03,4,7,1843,2,2.15,26.2,77.6,22.7
070C26C168996838C1,AGM70_C1,3,2026-03-01,224.453,217.185,217.632,219.409,219.336,220.159,44.58,43.13,45.44,44.66,45.09,43.71,634.6,49.5,2.04,5,9,1542,2,2.05,23.0,72.5,26.1
070C26C352889077C1,AGM70_C1,2,2026-03-27,216.227,214.805,211.924,218.594,215.433,216.066,44.72,46.03,44.39,45.79,43.65,44.87,630.1,53.8,2.05,6,9,1960,3,2.03,20.8,78.5,29.0
070C26C848701285C1,AGM70_C1,3,2026-03-05,203.525,212.503,209.919,206.223,210.8,206.738,45.99,45.0,45.02,43.74,45.72,44.11,613.3,44.6,2.01,5,12,1745,3,2.14,23.2,82.6,26.3
070C26D282780556C1,AGM70_C1,3,2026-04-01,207.25,209.225,208.672,209.237,204.025,209.497,46.1,45.65,45.93,44.67,46.05,45.36,647.8,57.4,2.0,4,13,2012,3,2.07,21.1,76.0,26.3
070C26D716323149C1,AGM70_C1,3,2026-04-15,222.926,217.855,214.66,221.16,216.786,218.428,45.53,45.33,44.29,43.97,44.58,42.44,625.6,58.6,2.07,4,3,2093,5,2.12,22.4,75.1,20.9
070C26D017736797C1,AGM70_C1,2,2026-04-04,215.941,214.533,217.041,222.569,211.012,215.333,43.77,43.81,46.18,45.41,44.98,44.2,627.2,46.7,2.05,6,11,2331,3,2.07,27.1,77.1,28.1
070C26D447394097C1,AGM70_C1,1,2026-04-26,204.347,202.26,203.631,205.446,197.76,204.753,43.83,43.91,44.6,43.6,44.29,45.76,612.9,42.0,2.08,8,8,1384,3,2.09,26.3,87.5,30.8
070C26D774214355C1,AGM70_C1,3,2026-04-19,222.175,222.033,214.825,222.139,217.729,221.072,44.83,46.34,47.4,45.45,44.65,43.07,651.4,37.4,2.06,6,13,1593,3,2.06,28.6,80.5,26.3
070C26D570665292C1,AGM70_C1,3,2026-04-12,205.24,209.018,209.104,211.803,207.42,212.22,43.83,45.52,45.96,43.37,44.81,44.94,615.1,39.1,2.05,3,9,2374,3,2.09,29.7,83.3,24.2
070C26D010292183C1,AGM70_C1,4,2026-04-12,209.083,210.938,214.58,217.026,212.453,214.542,45.48,45.15,44.6,44.39,45.55,45.8,629.5,60.6,2.07,6,17,2407,2,2.06,19.4,70.4,20.3
070C26D234625859C1,AGM70_C1,2,2026-04-22,209.726,211.55,208.428,209.619,212.897,206.864,45.81,45.25,44.12,44.19,45.15,44.93,622.9,51.6,2.06,5,12,2225,3,2.1,25.3,87.5,23.0
070C26D761855477C1,AGM70_C1,4,2026-04-07,201.368,200.284,207.113,213.367,206.071,201.896,43.81,44.26,43.54,45.64,44.14,46.31,631.1,54.1,2.01,2,12,1413,5,2.06,25.6,76.7,24.3
070C26D516987848C1,AGM70_C1,3,2026-04-02,205.634,207.838,206.063,206.869,210.592,205.546,44.47,45.75,42.7,44.85,45.62,46.15,588.6,44.2,2.07,2,9,1772,3,2.08,25.3,82.1,24.9
070C26D950032269C1,AGM70_C1,3,2026-04-02,210.298,205.489,210.614,216.796,211.41,208.474,44.47,46.44,46.18,44.95,44.01,45.07,625.1,51.9,2.04,2,13,1885,2,2.09,24.2,81.6,28.4
070C26D327946473C1,AGM70_C1,3,2026-04-03,210.363,210.176,207.118,210.623,208.386,205.894,45.4,45.2,45.07,43.46,45.4,45.31,626.2,57.6,2.03,3,9,1757,3,2.13,28.2,79.2,24.0
070C26D660600205C1,AGM70_C1,3,2026-04-21,204.317,200.068,207.711,204.837,194.598,206.173,44.76,44.91,44.71,45.14,42.16,46.72,644.4,49.3,2.04,3,3,1955,5,2.14,32.6,85.2,26.0
070C26E610071431C1,AGM70_C1,3,2026-05-27,213.861,213.005,214.842,212.392,208.194,214.978,43.86,43.25,45.38,44.88,44.45,45.18,618.3,54.5,2.05,9,1,2111,1,2.06,22.2,73.6,27.0
070C26E425427795C1,AGM70_C1,3,2026-05-03,209.532,210.5,210.194,209.548,215.571,211.975,44.02,45.38,44.61,44.94,44.71,43.23,635.0,50.4,2.14,9,12,1697,3,2.07,28.7,79.7,22.6
070C26E133760873C1,AGM70_C1,2,2026-05-08,208.37,212.32,206.101,202.836,206.771,201.724,47.1,43.9,42.97,45.23,44.28,43.82,632.8,42.3,2.04,5,5,1519,4,2.1,25.2,78.2,25.4
070C26E748859688C1,AGM70_C1,1,2026-05-11,207.027,205.003,206.468,204.643,205.161,203.363,45.7,44.53,44.61,43.69,43.67,44.27,645.0,40.6,2.06,5,18,1752,3,2.08,28.5,84.0,20.5
070C26E960733171C1,AGM70_C1,3,2026-05-20,214.115,206.898,208.379,209.742,207.21,213.802,43.74,43.68,44.31,43.46,45.02,46.39,639.3,61.3,2.01,2,11,1025,3,2.09,26.3,72.1,24.5
070C26E652041607C1,AGM70_C1,3,2026-05-25,206.246,204.548,202.66,206.364,204.816,206.862,44.25,44.75,46.51,45.01,45.06,45.9,623.5,47.3,2.03,8,10,2012,3,2.11,20.2,80.8,24.4
070C26E611695322C1,AGM70_C1,2,2026-05-14,208.268,211.569,208.571,210.04,214.424,206.399,44.79,45.81,46.19,44.19,45.44,45.4,647.5,37.2,2.01,6,10,1879,2,2.12,26.7,87.5,23.9
070C26E113119573C1,AGM70_C1,4,2026-05-27,206.529,209.878,208.538,209.821,213.222,206.263,43.86,44.92,42.63,44.5,46.86,44.45,616.2,33.6,2.07,6,11,1648,3,2.12,20.1,83.6,31.8
070C26E922868587C1,AGM70_C1,2,2026-05-18,209.629,208.096,213.282,209.874,204.399,209.635,44.11,45.0,47.24,46.11,45.35,45.6,624.3,51.6,2.08,8,7,2247,4,2.1,25.4,84.3,25.9
070C26E628661685C1,AGM70_C1,2,2026-05-18,209.255,209.598,212.348,207.394,207.235,206.685,45.55,44.01,44.76,45.58,46.81,44.66,640.9,31.8,2.06,4,5,1378,3,2.17,23.8,81.9,26.9
070C26E948645600C1,AGM70_C1,5,2026-05-13,207.807,209.58,207.622,207.709,210.146,209.65,43.81,45.18,45.73,44.09,44.19,45.28,629.0,44.4,2.01,1,10,1331,3,2.12,24.3,76.9,27.2
070C26E627971628C1,AGM70_C1,3,2026-05-20,206.124,203.289,203.13,203.596,204.597,201.956,44.75,44.27,44.65,43.39,46.11,45.6,623.8,44.7,2.09,7,7,1712,4,2.15,29.0,78.8,25.0
070C26E825940439C1,AGM70_C1,3,2026-05-25,206.929,206.492,204.473,202.71,202.097,206.657,43.7,45.09,45.74,44.74,43.8,45.84,613.9,42.1,2.08,10,11,2612,4,2.06,27.7,81.2,21.4
070C26F189382383C1,AGM70_C1,3,2026-06-09,206.366,210.631,214.82,210.325,208.433,213.59,45.98,46.02,45.01,44.15,46.66,45.41,621.2,65.2,2.04,2,6,1518,1,2.06,22.8,72.5,22.0
070C26F940588107C1,AGM70_C1,4,2026-06-04,216.863,212.733,220.843,221.516,223.768,221.46,43.52,44.75,44.49,43.61,47.42,44.66,607.1,34.5,2.03,5,14,2058,2,2.1,26.8,85.9,21.0
070C26F214903643C1,AGM70_C1,3,2026-06-16,211.052,210.675,208.009,208.111,211.371,208.922,45.06,43.48,44.94,43.86,45.56,44.87,637.3,58.8,2.1,3,11,1102,2,2.12,25.0,70.5,22.1
070C26F936647217C1,AGM70_C1,4,2026-06-25,205.134,208.778,210.09,208.731,214.444,213.892,43.02,45.13,45.08,44.57,45.24,44.89,644.6,54.2,2.06,5,10,1716,2,2.11,27.6,79.1,29.7
070C26F155744348C1,AGM70_C1,2,2026-06-22,209.791,207.522,210.166,209.117,209.822,208.955,45.24,46.36,45.88,44.34,44.91,43.17,629.3,42.1,2.07,3,6,2006,4,2.12,24.6,81.1,31.1
070C26F630246226C1,AGM70_C1,2,2026-06-20,209.929,210.067,200.209,204.729,207.709,202.422,43.93,46.45,45.87,45.16,46.33,46.78,611.5,52.6,2.04,2,11,1661,4,2.11,25.4,82.2,28.9
070C26F545536752C1,AGM70_C1,3,2026-06-10,218.966,211.191,211.718,210.689,217.301,208.962,45.97,44.64,45.97,45.56,45.77,44.64,653.8,63.6,2.02,6,3,2636,3,2.01,26.3,81.6,29.2
070C26F832375030C1,AGM70_C1,3,2026-06-03,211.867,208.76,213.735,207.147,212.076,205.5,45.01,45.3,44.75,43.79,45.59,46.21,644.1,44.5,2.06,4,7,1712,3,2.08,22.5,81.2,26.5
070C26F766273096C1,AGM70_C1,2,2026-06-10,216.856,212.571,210.702,210.575,213.568,215.466,45.43,43.37,45.27,45.95,44.89,46.93,638.4,55.0,2.08,8,8,1876,5,2.1,25.1,75.1,27.0
070C26F391670614C1,AGM70_C1,5,2026-06-15,205.285,214.996,203.35,202.22,206.464,213.078,45.71,45.83,45.73,44.47,45.95,42.55,649.2,65.8,2.04,3,17,1706,3,2.14,25.8,76.1,23.4
070C26F603165604C1,AGM70_C1,3,2026-06-05,206.462,216.779,209.975,217.608,212.692,213.05,43.43,45.01,44.59,46.13,46.13,46.24,617.8,57.9,2.07,5,15,1935,4,2.09,29.9,79.5,27.6
070C26F963186799C1,AGM70_C1,3,2026-06-09,209.485,213.585,213.85,214.014,208.009,207.895,45.33,46.41,44.48,44.97,43.69,43.66,615.8,37.5,2.03,3,20,1750,3,2.06,25.2,84.8,20.9
070C26F601776004C1,AGM70_C1,5,2026-06-19,208.92,213.383,215.772,209.2,212.123,209.419,44.1,43.92,44.31,46.47,45.0,44.29,615.7,41.1,2.05,5,15,1879,2,2.08,24.2,82.6,21.3
070C26G081275904C1,AGM70_C1,2,2026-07-09,208.54,207.696,207.67,208.461,208.076,207.148,45.32,45.19,44.06,43.54,43.4,44.6,626.3,49.5,2.04,5,13,1873,2,2.09,23.1,82.7,25.4
070C26G347645802C1,AGM70_C1,3,2026-07-16,214.994,218.906,218.013,223.388,217.36,216.873,44.72,45.04,44.7,46.96,45.66,45.41,640.5,62.4,2.06,5,10,1778,2,2.07,26.1,75.6,26.4
070C26G690954723C1,AGM70_C1,2,2026-07-21,210.006,210.286,206.0,211.464,207.597,209.719,45.98,43.49,46.59,46.16,45.67,44.37,632.8,48.9,2.08,4,11,1729,4,2.05,22.2,82.0,21.0
070C26G679631332C1,AGM70_C1,1,2026-07-27,219.367,215.065,209.761,206.518,210.12,214.083,45.13,46.3,45.28,43.55,45.59,44.25,628.3,58.6,2.04,5,10,1519,2,2.14,20.1,76.8,23.7
070C26G471017382C1,AGM70_C1,3,2026-07-09,212.931,213.627,215.029,211.538,214.658,214.184,47.45,45.81,44.56,45.7,44.66,46.13,618.3,26.7,2.09,6,17,2318,4,2.07,27.0,85.7,30.3
070C26G991034000C1,AGM70_C1,4,2026-07-13,209.683,214.092,211.744,208.146,210.502,207.192,46.68,44.3,46.35,45.95,45.4,43.84,631.9,44.7,2.04,10,18,2008,1,2.13,22.6,81.8,17.5
070C26G707891547C1,AGM70_C1,2,2026-07-24,205.159,208.028,207.735,209.544,211.671,206.229,45.48,46.11,46.59,44.59,46.67,47.54,597.4,40.2,2.04,1,6,1222,2,2.05,28.7,81.9,21.2
070C26G338690842C1,AGM70_C1,3,2026-07-22,210.599,210.081,211.041,211.171,210.223,211.499,44.14,43.94,43.78,43.9,45.14,45.18,615.9,46.6,2.04,7,1,1838,4,2.06,23.4,72.0,21.6
070C26G278046412C1,AGM70_C1,1,2026-07-06,207.09,205.477,203.752,205.758,203.318,203.912,42.1,43.87,44.41,46.29,44.1,44.24,618.1,43.1,2.02,4,11,1652,4,2.09,23.6,76.2,24.9
070C26G440875420C1,AGM70_C1,4,2026-07-27,206.133,206.361,206.733,207.796,205.72,206.594,46.43,44.47,45.59,45.92,45.13,45.61,646.5,50.2,2.05,3,11,2391,4,2.11,23.7,75.2,22.3
070C26G933476234C1,AGM70_C1,2,2026-07-03,207.605,210.947,205.937,204.712,206.442,210.642,44.58,44.24,44.35,45.35,45.85,44.65,631.8,39.7,2.06,6,16,1783,1,2.08,27.0,80.7,27.3
070C26G097067200C1,AGM70_C1,3,2026-07-24,213.033,212.234,213.102,213.158,214.939,211.844,44.78,45.33,44.7,44.48,43.98,44.74,642.2,37.5,2.05,6,15,1853,4,2.11,26.2,86.3,19.8
070C26G809692703C1,AGM70_C1,2,2026-07-20,201.257,201.129,203.55,201.017,200.216,206.785,45.57,42.93,44.8,43.52,45.92,44.97,655.0,43.8,2.05,4,13,1758,3,2.13,25.8,74.8,25.6
070C26H651279607C1,AGM70_C1,3,2026-08-11,217.954,221.389,219.423,208.035,214.466,216.487,45.18,46.3,45.36,44.62,44.39,42.84,627.8,51.6,2.02,3,8,1423,3,2.12,30.0,83.4,25.2
070C26H968626410C1,AGM70_C1,3,2026-08-03,210.886,216.859,214.778,214.036,215.638,214.229,45.1,45.57,44.5,43.57,43.55,46.06,635.1,57.9,2.07,4,14,2257,3,2.12,26.5,71.9,22.0
070C26H830652144C1,AGM70_C1,2,2026-08-05,201.624,215.946,208.881,208.167,206.023,212.575,45.89,46.52,45.86,45.68,45.77,43.91,631.1,49.0,2.03,3,5,2069,3,2.12,26.5,81.2,18.7
070C26H369178064C1,AGM70_C1,3,2026-08-22,211.225,211.319,209.948,206.426,212.606,212.734,44.28,44.73,44.15,45.74,44.69,45.4,643.0,55.0,2.09,7,10,1568,2,2.11,27.2,75.9,22.2
070C26H016022205C1,AGM70_C1,2,2026-08-20,209.471,210.431,212.729,211.019,212.793,209.328,43.96,44.79,44.49,46.49,46.36,46.06,626.2,36.0,2.08,4,5,1375,1,2.13,25.1,87.5,26.9
070C26H234231358C1,AGM70_C1,3,2026-08-24,214.667,214.252,215.204,211.974,209.437,214.894,46.14,42.72,44.42,44.71,45.57,44.68,618.2,50.5,2.06,9,9,1774,4,2.08,27.4,73.8,32.2
070C26H058641546C1,AGM70_C1,4,2026-08-06,217.676,218.365,219.24,222.348,220.847,216.431,45.29,46.25,44.74,44.65,44.7,45.23,624.4,49.3,2.07,6,7,1829,4,2.09,27.0,79.9,28.4
070C26H611670655C1,AGM70_C1,3,2026-08-18,206.236,207.268,204.357,203.99,206.575,204.93,45.68,44.89,44.39,44.63,42.98,46.2,630.7,33.2,2.07,5,10,1547,4,2.1,24.4,77.4,24.5
070C26H372936352C1,AGM70_C1,2,2026-08-01,204.955,205.193,208.336,204.338,204.913,210.575,45.37,45.16,46.11,44.08,45.54,45.19,619.4,47.5,2.05,8,15,1726,3,2.06,25.7,81.1,30.4
070C26H935094927C1,AGM70_C1,4,2026-08-17,212.21,216.775,214.45,205.414,218.796,209.941,44.8,43.34,44.37,43.97,45.26,46.6,620.0,51.8,2.06,7,18,1549,4,2.13,21.5,70.7,24.3
070C26H190314935C1,AGM70_C1,3,2026-08-11,211.188,206.878,210.801,208.484,213.685,212.136,44.75,46.77,44.75,45.27,45.23,44.6,630.8,52.2,2.08,8,9,1652,3,2.06,23.4,76.5,28.5
070C26H217176079C1,AGM70_C1,2,2026-08-08,215.062,219.745,214.503,216.866,219.334,212.772,44.02,45.14,44.03,43.3,45.7,45.32,606.6,36.5,2.06,4,3,2036,3,2.07,25.1,82.5,24.3
070C26H080979781C1,AGM70_C1,2,2026-08-12,208.697,210.159,209.486,208.234,209.704,208.914,44.58,45.86,44.23,45.71,45.8,45.88,616.9,33.7,2.05,6,9,1855,3,2.15,26.4,77.2,26.2
070C26I179645703C1,AGM70_C1,4,2026-09-15,217.082,214.411,221.142,221.964,218.29,212.818,43.61,45.28,42.96,44.44,45.17,45.22,634.3,39.5,2.09,7,11,2165,1,2.11,26.1,80.5,21.9
070C26I217385041C1,AGM70_C1,5,2026-09-03,198.554,207.139,198.51,199.157,203.523,200.857,44.43,45.66,43.73,43.05,46.17,44.75,646.4,59.6,2.09,4,11,1686,2,2.09,25.4,77.0,20.4
070C26I604811599C1,AGM70_C1,3,2026-09-16,210.255,208.629,211.098,212.583,209.506,208.972,44.63,45.17,44.41,44.18,46.93,44.3,616.9,37.0,2.03,4,8,2188,2,2.13,21.7,76.9,28.4
070C26I333238531C1,AGM70_C1,1,2026-09-14,213.951,213.616,213.256,214.982,216.214,213.146,45.12,46.07,44.11,45.62,46.76,44.86,642.5,42.2,2.09,7,13,1648,1,2.12,24.3,77.6,22.5
070C26I520574330C1,AGM70_C1,2,2026-09-20,215.247,213.521,213.815,213.479,216.101,215.027,45.12,42.34,44.39,44.5,45.85,44.42,644.5,50.2,2.05,6,12,1880,2,2.14,26.9,76.4,28.5
070C26I312855757C1,AGM70_C1,4,2026-09-01,207.462,206.057,204.27,211.749,207.679,211.007,44.92,46.01,43.98,45.55,44.76,44.2,624.8,52.1,2.04,5,15,1624,5,2.15,29.6,80.5,21.0
070C26I101557150C1,AGM70_C1,3,2026-09-05,206.507,208.414,214.102,208.867,206.186,207.79,45.68,44.29,45.1,47.24,45.31,45.39,637.9,60.5,2.01,3,7,2071,3,2.15,29.6,76.4,20.2
070C26I451497607C1,AGM70_C1,3,2026-09-12,214.603,211.304,209.785,209.131,211.136,208.745,45.12,45.38,44.07,43.49,42.9,45.1,633.6,57.5,2.06,5,4,1722,3,2.1,27.0,80.0,19.0
070C26I611353848C1,AGM70_C1,4,2026-09-21,205.61,210.465,207.906,200.799,209.936,207.856,46.88,45.41,46.97,47.09,44.58,43.99,631.7,38.1,2.06,3,9,2033,3,2.12,22.9,80.4,20.8
070C26I557529041C1,AGM70_C1,3,2026-09-14,205.09,211.878,209.908,202.704,193.994,194.347,43.98,45.43,44.77,44.69,44.7,45.06,639.6,63.9,2.05,4,11,1805,3,2.09,25.1,70.0,21.4
070C26I160386219C1,AGM70_C1,4,2026-09-20,213.478,204.705,211.456,208.942,208.684,210.453,46.58,45.24,44.08,45.01,44.8,45.94,630.6,41.6,2.04,9,15,2216,3,2.05,29.7,80.4,23.1
070C26I729247030C1,AGM70_C1,5,2026-09-20,217.251,208.117,213.934,210.853,213.979,212.903,44.52,44.76,45.7,45.1,44.16,46.67,641.0,42.7,2.05,7,4,1586,3,2.13,22.0,78.5,22.7
070C26I115145644C1,AGM70_C1,1,2026-09-03,208.329,209.759,213.634,206.864,211.286,213.307,46.81,44.68,44.31,46.6,43.84,46.11,623.0,51.7,2.05,8,10,1550,4,2.07,26.1,79.0,18.5
070C26J384869121C1,AGM70_C1,2,2026-10-18,214.626,211.923,213.778,217.581,215.213,213.44,44.4,47.3,45.19,44.9,43.35,45.65,653.3,44.9,1.97,6,8,1904,4,2.1,26.4,79.5,24.8
070C26J285162525C1,AGM70_C1,3,2026-10-03,210.476,207.552,204.935,201.232,200.977,199.785,44.11,43.69,45.84,44.38,44.92,43.93,631.9,61.3,2.02,7,8,2399,2,2.1,25.4,74.5,24.3
070C26J630828815C1,AGM70_C1,3,2026-10-06,206.403,212.637,215.859,209.871,213.751,204.068,44.63,44.13,43.95,45.18,45.22,42.38,622.6,45.9,2.0,9,6,1789,3,2.15,22.9,81.6,27.5
070C26J754081114C1,AGM70_C1,4,2026-10-13,211.1,211.869,208.435,212.624,212.416,211.574,45.42,45.05,44.75,44.81,45.8,46.1,638.7,29.9,2.06,3,11,1820,3,2.11,27.5,81.8,23.8
070C26J251750206C1,AGM70_C1,3,2026-10-12,211.066,212.814,214.931,210.614,211.746,217.814,44.42,46.07,45.32,45.65,43.98,45.48,634.2,51.2,2.06,5,10,2118,3,2.13,21.9,80.4,23.0
070C26J084317137C1,AGM70_C1,3,2026-10-12,214.639,216.736,215.49,211.168,221.547,222.151,45.29,44.24,43.8,44.12,45.01,44.93,651.4,51.5,2.03,4,12,1723,4,2.12,25.2,72.3,21.6
070C26J716713655C1,AGM70_C1,3,2026-10-05,204.901,205.937,206.002,204.969,203.727,204.954,45.85,45.83,45.41,43.59,43.65,43.82,634.1,33.5,2.07,8,11,1626,3,2.1,30.2,76.3,23.3
070C26J562073509C1,AGM70_C1,5,2026-10-21,211.822,210.196,209.675,211.255,208.911,210.561,45.16,44.0,43.12,44.83,44.18,44.47,618.4,38.3,2.03,4,12,1400,2,2.09,24.6,80.0,24.2
070C26J635677595C1,AGM70_C1,3,2026-10-25,207.74,209.348,205.014,204.94,202.745,205.339,44.16,45.18,44.84,46.96,44.25,43.84,611.3,59.1,2.06,8,14,1382,3,2.13,25.2,76.1,23.3
070C26J349415737C1,AGM70_C1,3,2026-10-18,214.644,215.968,209.995,212.156,209.954,209.543,45.39,46.36,45.88,46.27,43.47,44.33,625.4,52.0,2.06,6,2,1703,3,2.1,29.8,79.5,24.9
070C26J291208991C1,AGM70_C1,2,2026-10-21,203.31,214.505,217.22,212.865,207.124,209.709,45.17,44.86,45.58,46.17,46.0,44.56,623.4,59.7,2.01,7,7,1570,2,2.08,20.0,79.5,22.3
070C26J722597225C1,AGM70_C1,4,2026-10-14,212.344,214.968,212.091,212.744,212.181,212.436,44.66,43.96,44.53,44.24,44.76,45.26,610.2,42.1,2.02,5,6,1627,2,2.12,27.0,75.2,26.3
070C26J251861215C1,AGM70_C1,3,2026-10-23,213.762,201.447,213.49,204.015,213.05,211.7,43.9,44.61,44.62,46.86,43.97,46.62,633.0,66.3,2.09,4,13,1959,4,2.07,24.2,76.5,25.7
070C26K129254453C1,AGM70_C1,1,2026-11-19,204.874,204.337,203.845,206.825,211.405,207.718,45.91,46.25,45.72,43.76,44.89,44.76,623.7,39.9,2.0,7,9,1463,4,2.09,21.0,79.3,22.0
070C26K660957403C1,AGM70_C1,4,2026-11-02,209.516,209.711,209.437,211.621,211.443,209.955,44.19,46.16,45.48,44.19,46.28,44.11,642.3,45.8,2.03,3,12,2114,2,2.05,28.7,73.8,21.4
070C26K024378331C1,AGM70_C1,2,2026-11-21,217.263,217.596,214.788,214.87,213.873,216.562,44.91,46.87,44.82,44.0,44.72,44.12,622.5,51.8,2.06,6,12,1658,2,2.12,27.8,74.3,29.5
070C26K184569571C1,AGM70_C1,3,2026-11-14,207.608,208.059,208.744,206.202,208.177,209.521,45.29,44.99,44.79,44.52,45.6,42.79,628.6,46.6,2.04,7,5,1663,2,2.12,27.7,73.3,28.8
070C26K174054335C1,AGM70_C1,1,2026-11-27,213.476,211.295,214.29,209.135,207.792,214.312,45.49,43.33,45.32,44.44,45.43,45.1,618.2,53.2,2.01,7,17,2706,2,2.09,21.7,77.4,28.9
070C26K854253263C1,AGM70_C1,1,2026-11-18,213.81,211.502,203.437,219.202,213.375,210.131,48.29,45.02,45.99,44.55,45.55,46.62,628.2,59.7,2.08,1,8,1741,3,2.1,28.1,72.4,27.4
070C26K702059019C1,AGM70_C1,1,2026-11-09,213.767,217.203,212.367,213.514,212.911,211.297,46.61,47.32,45.21,45.28,45.5,43.31,639.3,53.9,2.08,7,13,1556,3,2.12,22.5,74.2,25.4
070C26K584289552C1,AGM70_C1,2,2026-11-26,211.372,218.349,211.775,215.306,210.614,213.11,44.61,44.56,46.17,45.0,45.02,45.15,624.2,64.8,2.04,5,9,1648,4,2.09,22.5,71.2,24.6
070C26K156516808C1,AGM70_C1,3,2026-11-15,200.591,203.76,204.297,205.638,203.307,203.374,43.72,46.57,43.82,45.73,44.48,44.8,621.2,45.4,2.09,3,1,1840,3,2.08,29.5,78.0,21.7
070C26K491031588C1,AGM70_C1,2,2026-11-22,204.461,200.735,205.172,204.726,198.792,202.721,43.71,46.36,44.9,47.03,44.56,43.43,611.4,49.7,2.05,7,11,2382,3,2.0,21.2,80.3,22.1
070C26K278655434C1,AGM70_C1,2,2026-11-05,206.121,209.777,204.657,206.398,204.772,205.638,45.33,44.0,46.26,46.13,44.4,44.68,627.6,37.9,2.04,2,6,2164,2,2.05,20.3,77.1,29.5
070C26K075951456C1,AGM70_C1,3,2026-11-26,207.596,209.819,203.579,211.165,206.999,220.224,45.6,44.25,45.33,46.53,44.74,44.45,646.9,52.3,2.05,8,10,1697,3,2.18,23.4,85.2,25.8
070C26K648680899C1,AGM70_C1,1,2026-11-03,215.03,215.568,214.795,217.878,217.901,215.987,45.83,43.86,45.33,47.9,43.91,45.23,635.8,48.2,2.06,4,9,1958,4,2.11,23.7,82.2,23.5
070C26L983834220C1,AGM70_C1,3,2026-12-23,206.342,207.238,201.124,204.37,202.044,204.802,44.55,45.11,45.21,44.36,44.93,45.89,639.3,59.3,2.07,6,11,1658,2,2.09,23.6,77.2,23.4
070C26L446722265C1,AGM70_C1,1,2026-12-06,213.263,210.655,215.717,217.642,219.98,217.236,46.91,45.84,44.58,44.69,44.97,45.06,639.6,52.8,1.98,5,20,2379,3,2.09,26.0,73.3,26.3
070C26L569127033C1,AGM70_C1,3,2026-12-19,210.624,220.628,210.89,206.414,210.237,206.395,45.3,44.93,45.42,46.55,45.53,46.12,607.1,58.0,2.07,6,11,2513,2,2.14,30.2,71.1,25.4
070C26L714967284C1,AGM70_C1,3,2026-12-23,210.58,209.318,207.644,213.033,211.157,203.299,45.13,45.3,44.97,43.98,45.77,43.51,656.9,51.9,2.03,4,5,2042,3,2.07,22.0,86.4,24.7
070C26L107648069C1,AGM70_C1,2,2026-12-16,216.755,214.01,214.517,214.144,209.752,217.287,47.01,44.52,45.35,45.31,45.76,45.18,606.0,45.5,2.08,2,8,1420,3,2.07,24.5,75.4,25.6
070C26L485170688C1,AGM70_C1,2,2026-12-23,209.554,208.725,213.228,209.962,211.961,207.497,44.87,44.61,44.41,45.91,44.69,45.18,625.8,49.8,2.03,7,11,1893,4,2.11,27.1,79.6,25.5
070C26L166933873C1,AGM70_C1,3,2026-12-12,214.439,215.636,212.717,218.509,214.877,214.103,46.58,45.51,43.44,44.26,44.62,45.46,642.6,36.8,2.07,2,5,1983,3,2.04,21.5,87.5,29.1
070C26L119731085C1,AGM70_C1,2,2026-12-20,216.355,211.156,202.972,212.83,215.635,213.373,45.96,46.92,44.51,44.59,45.71,44.4,620.2,45.2,2.04,4,11,1426,1,2.12,26.2,87.1,25.5
070C26L594115387C1,AGM70_C1,5,2026-12-26,217.652,215.307,214.137,214.603,212.619,211.562,43.06,45.25,46.93,45.45,44.35,44.85,623.0,49.2,2.06,4,14,2236,3,2.1,24.5,73.3,23.9
070C26L713305273C1,AGM70_C1,2,2026-12-14,207.649,211.426,213.191,210.069,216.002,208.21,44.79,44.95,45.61,45.67,44.45,47.02,649.8,51.3,1.98,6,18,1212,3,2.08,25.2,73.9,27.7
070C26L979986909C1,AGM70_C1,1,2026-12-03,205.105,203.646,203.807,204.247,205.312,200.843,44.15,47.05,45.71,44.57,44.68,44.97,596.3,50.6,2.0,3,10,1586,3,2.14,24.1,81.3,24.7
070C26L801322243C1,AGM70_C1,2,2026-12-07,211.197,211.966,216.77,212.252,209.813,212.25,44.86,42.72,45.54,43.84,45.98,44.45,615.4,53.0,2.04,6,9,1766,3,2.02,26.1,77.1,26.5
070C26L894868097C1,AGM70_C1,4,2026-12-27,196.37,195.769,197.845,194.512,201.515,198.185,45.39,44.29,45.46,45.57,44.6,45.38,618.4,48.3,2.06,5,6,1524,5,2.1,24.7,74.3,21.3
070C26A956676839D1,AGM70_D1,5,2026-01-20,211.058,209.951,210.889,207.374,206.755,209.842,44.94,44.56,44.09,45.75,46.06,44.61,630.1,60.4,2.09,2,3,2132,4,2.11,19.1,74.6,25.2
070C26A465574321D1,AGM70_D1,2,2026-01-16,204.618,208.406,211.813,211.832,209.832,216.018,45.81,44.92,44.47,45.34,44.76,45.67,623.1,39.1,2.06,4,9,1432,3,2.09,24.6,82.7,25.5
070C26A873372069D1,AGM70_D1,4,2026-01-01,213.809,200.794,212.991,209.876,212.886,215.549,45.09,45.24,45.31,46.38,44.23,46.69,635.3,65.3,2.06,7,11,1500,4,2.12,22.0,74.4,28.1
070C26A605752740D1,AGM70_D1,4,2026-01-17,206.64,210.304,208.738,213.32,210.962,210.584,46.75,45.27,45.28,44.34,47.34,45.1,634.6,50.1,2.03,1,9,1519,3,2.03,28.3,75.2,24.8
070C26A053734271D1,AGM70_D1,4,2026-01-25,206.214,206.876,207.354,206.35,205.677,211.21,46.15,46.09,45.87,45.58,44.37,44.12,627.5,42.5,2.08,5,13,1632,3,2.05,25.3,78.3,29.2
070C26A066684946D1,AGM70_D1,5,2026-01-12,207.805,206.102,203.935,206.329,212.29,208.54,43.35,45.06,45.75,45.23,43.91,44.6,626.9,55.0,2.03,1,11,2066,2,2.15,23.2,72.8,24.1
070C26A738745429D1,AGM70_D1,2,2026-01-05,216.845,211.613,206.058,214.213,218.28,217.712,43.19,44.88,45.62,45.39,43.89,44.26,629.3,51.7,1.98,7,5,1657,3,2.12,27.5,76.9,27.4
070C26A951135218D1,AGM70_D1,2,2026-01-27,195.51,201.198,213.175,203.286,200.987,199.682,45.0,44.81,45.7,44.54,46.46,44.9,630.5,56.9,2.06,4,6,1552,3,2.12,28.0,73.0,25.4
070C26A254888201D1,AGM70_D1,2,2026-01-21,206.154,209.785,217.09,203.137,207.946,206.151,44.38,45.9,43.9,45.2,46.74,43.99,631.7,55.2,2.1,6,16,1784,4,2.09,24.6,78.5,26.6
070C26A641729086D1,AGM70_D1,3,2026-01-17,212.014,209.773,210.158,208.306,206.992,208.778,45.6,43.85,44.19,45.68,45.14,45.87,646.8,48.2,2.03,8,10,2266,3,2.13,23.0,79.6,30.6
070C26A166255341D1,AGM70_D1,4,2026-01-21,224.701,223.401,215.886,217.851,217.566,218.562,45.06,43.76,46.54,46.07,47.57,45.02,645.0,58.4,2.06,6,13,1646,3,2.04,21.0,78.2,26.4
070C26A132003584D1,AGM70_D1,3,2026-01-08,211.134,211.661,208.7,209.386,207.396,209.546,44.77,43.77,45.0,43.44,44.69,46.23,598.3,47.8,1.97,3,14,1746,4,2.11,21.9,78.8,24.3
070C26A560305780D1,AGM70_D1,2,2026-01-03,204.042,206.995,205.065,203.011,204.086,211.265,44.18,46.56,44.54,46.19,47.11,44.99,611.1,39.8,2.01,6,12,1971,2,2.07,21.8,81.8,22.2
070C26B301507328D1,AGM70_D1,3,2026-02-18,205.89,217.357,213.378,213.349,204.57,211.09,45.13,45.19,47.27,43.51,44.75,43.31,627.2,47.6,2.04,6,6,1859,3,2.14,29.9,76.3,31.1
070C26B249281578D1,AGM70_D1,3,2026-02-09,217.506,209.681,211.84,211.327,211.418,212.959,46.58,45.3,45.6,44.12,45.06,43.86,641.5,60.5,2.11,5,7,1570,2,2.11,23.3,79.4,27.6
070C26B762023356D1,AGM70_D1,3,2026-02-03,205.28,207.457,204.644,203.434,205.357,202.493,44.06,45.6,44.68,44.26,44.69,46.09,616.4,50.1,2.07,6,6,1761,2,2.07,19.9,75.1,24.9
070C26B684268515D1,AGM70_D1,3,2026-02-02,203.628,205.31,206.109,206.328,205.074,200.932,45.24,45.06,46.48,44.57,44.77,44.0,639.2,44.2,2.04,6,14,2334,3,2.09,24.3,83.4,27.1
070C26B247581869D1,AGM70_D1,2,2026-02-26,215.14,208.929,212.249,210.121,209.113,207.087,43.63,44.53,46.5,45.82,46.53,45.66,640.2,54.0,2.08,6,5,1862,4,2.1,20.7,78.3,26.0
070C26B558289767D1,AGM70_D1,3,2026-02-11,202.572,205.864,209.364,210.752,207.796,208.49,46.0,46.07,45.01,45.01,43.76,46.68,622.1,53.6,2.03,5,3,1828,2,2.14,24.0,81.7,21.1
070C26B881047486D1,AGM70_D1,4,2026-02-02,208.049,211.668,210.459,213.374,210.069,209.096,44.9,45.0,44.8,44.98,44.64,44.63,639.2,52.2,2.06,9,2,2112,3,2.11,24.5,82.4,25.1
070C26B306211143D1,AGM70_D1,2,2026-02-04,206.18,212.215,215.218,203.9,207.336,205.299,46.98,43.42,44.24,47.41,45.9,45.5,636.3,43.1,2.08,6,6,2156,3,2.12,19.8,82.2,25.9
070C26B802675806D1,AGM70_D1,4,2026-02-06,213.093,212.446,215.458,215.725,215.5,212.879,44.01,45.32,44.46,47.15,45.06,44.48,622.0,42.3,2.05,4,12,1879,2,2.14,30.9,75.9,20.7
070C26B181489049D1,AGM70_D1,4,2026-02-12,208.022,213.159,210.162,211.632,209.497,212.323,45.27,44.49,44.19,45.37,46.19,44.45,644.1,52.2,2.04,2,7,1614,3,2.09,24.8,73.2,26.3
070C26B524361749D1,AGM70_D1,4,2026-02-22,204.823,206.327,209.506,206.915,208.385,211.62,45.61,44.77,46.28,44.46,45.36,44.3,640.5,43.3,2.03,2,9,2059,5,2.14,24.4,80.0,27.0
070C26B960000356D1,AGM70_D1,4,2026-02-24,210.103,214.89,210.224,210.725,216.131,209.891,46.83,45.09,44.59,45.85,45.9,46.52,642.9,39.3,2.05,3,15,1699,3,2.11,25.8,84.5,23.5
070C26B606223423D1,AGM70_D1,3,2026-02-12,211.265,214.838,204.431,214.509,213.57,205.536,45.7,44.52,43.09,44.01,44.52,44.99,630.7,60.3,2.05,3,11,2044,4,2.13,26.9,78.8,26.6
070C26C441994917D1,AGM70_D1,3,2026-03-13,203.44,199.89,199.741,200.728,201.927,200.352,43.66,45.06,46.12,43.13,46.59,46.16,636.5,48.6,2.1,7,12,1852,4,2.09,27.6,83.8,26.9
070C26C797306428D1,AGM70_D1,3,2026-03-22,205.326,204.715,202.863,208.127,205.035,209.235,42.93,44.41,44.58,43.84,44.87,46.6,623.8,42.4,2.07,3,13,2006,3,2.07,24.2,82.6,26.3
070C26C614629985D1,AGM70_D1,2,2026-03-10,205.459,203.69,209.773,209.515,214.557,208.993,44.55,45.1,44.22,43.65,46.47,45.21,625.0,64.1,2.04,6,13,1888,3,2.14,26.9,71.8,26.4
070C26C878157836D1,AGM70_D1,4,2026-03-12,213.274,212.929,209.627,210.497,210.404,209.312,45.53,46.65,44.49,46.0,45.2,45.0,636.6,48.3,2.06,7,11,2058,5,2.07,29.1,75.9,24.4
070C26C616657463D1,AGM70_D1,3,2026-03-12,201.84,204.769,203.47,205.661,210.492,203.102,44.95,44.58,44.41,45.45,43.22,44.69,633.6,46.3,2.02,8,8,2283,4,2.1,20.1,87.5,22.5
070C26C630257796D1,AGM70_D1,3,2026-03-11,207.41,210.925,212.224,209.465,210.913,213.131,45.39,44.75,45.45,46.19,45.38,46.03,632.5,46.7,2.03,5,2,1796,4,2.09,24.1,73.7,27.2
070C26C425776339D1,AGM70_D1,3,2026-03-14,219.116,216.182,217.729,221.418,216.58,217.928,45.81,44.38,44.94,45.97,44.57,44.77,607.3,48.3,2.04,6,18,1557,5,2.08,22.1,80.7,30.2
070C26C952650086D1,AGM70_D1,4,2026-03-13,206.217,206.354,206.56,204.91,202.7,203.95,46.12,44.02,45.79,45.79,43.56,45.51,626.6,36.3,2.07,5,14,2019,3,2.08,23.9,76.6,28.6
070C26C007510033D1,AGM70_D1,3,2026-03-11,210.674,212.327,205.979,208.451,205.438,205.31,44.67,46.63,45.29,47.33,44.31,44.45,611.8,45.5,2.05,2,9,1842,3,2.11,20.5,75.6,23.9
070C26C048723156D1,AGM70_D1,3,2026-03-23,212.798,213.877,213.168,214.678,207.527,212.672,44.93,45.03,44.38,45.89,46.16,44.42,610.4,59.3,1.99,7,10,1933,1,2.08,23.6,70.4,20.2
070C26C473609116D1,AGM70_D1,2,2026-03-18,211.0,213.053,212.23,211.792,210.219,211.221,44.76,45.19,45.48,44.7,44.65,44.81,642.5,47.5,2.06,5,12,2049,3,2.1,24.0,85.0,29.4
070C26C340668871D1,AGM70_D1,3,2026-03-04,214.517,214.297,209.8,212.031,207.974,212.57,45.73,44.97,43.87,44.23,45.61,44.65,616.0,54.3,1.97,6,9,1757,3,2.12,26.2,79.5,30.5
070C26C774310787D1,AGM70_D1,2,2026-03-02,214.353,207.308,210.661,207.69,200.84,204.841,45.08,43.34,44.72,44.46,44.08,45.03,638.5,52.0,2.02,3,11,1937,3,2.06,22.6,82.9,20.7
070C26D731061973D1,AGM70_D1,3,2026-04-21,210.59,206.017,213.297,206.478,203.994,204.097,46.11,46.72,45.49,45.19,44.34,47.35,640.7,64.1,2.01,5,5,1709,3,2.11,29.1,75.1,20.1
070C26D111256585D1,AGM70_D1,4,2026-04-15,208.748,209.737,209.44,209.562,208.781,209.152,46.95,44.21,45.64,45.53,44.98,45.76,620.0,39.4,2.06,6,8,2078,4,2.1,25.4,75.9,22.2
070C26D589139329D1,AGM70_D1,3,2026-04-25,210.221,202.973,206.846,207.284,204.731,209.046,44.98,45.09,44.92,44.65,45.35,44.87,619.3,38.5,2.07,4,3,1824,4,2.1,29.0,87.3,26.2
070C26D815513548D1,AGM70_D1,2,2026-04-10,202.419,203.16,203.568,200.893,201.993,205.084,44.01,45.06,44.87,45.7,44.66,44.83,618.8,39.2,2.02,7,13,2173,4,2.14,28.4,79.0,27.2
070C26D122274679D1,AGM70_D1,1,2026-04-17,215.847,206.192,212.293,217.278,220.809,211.471,44.21,44.46,43.35,46.22,43.73,44.99,628.5,62.7,2.04,7,13,2328,4,2.09,26.6,70.0,31.6
070C26D342830953D1,AGM70_D1,3,2026-04-05,212.975,217.889,208.979,209.634,210.481,212.635,45.09,43.91,44.54,45.02,45.39,42.92,623.5,51.2,2.07,7,7,1687,2,2.12,21.7,76.9,22.1
070C26D026469039D1,AGM70_D1,3,2026-04-25,208.006,207.094,216.243,209.483,210.963,209.358,44.47,45.14,45.21,44.55,42.65,45.07,634.3,47.8,2.01,6,3,1930,2,2.08,25.6,72.4,28.1
070C26D649148987D1,AGM70_D1,2,2026-04-05,213.15,214.726,214.559,220.359,212.656,208.957,46.65,44.09,45.66,44.38,43.11,44.22,625.5,44.2,2.07,4,19,1450,2,2.09,25.8,84.6,24.2
070C26D804046553D1,AGM70_D1,2,2026-04-03,207.299,210.835,207.208,207.768,209.07,207.853,43.12,46.35,44.54,43.99,45.95,45.83,615.0,38.6,2.02,7,4,1396,6,2.13,27.0,81.0,29.7
070C26D921174694D1,AGM70_D1,3,2026-04-14,204.857,208.931,204.675,205.978,201.979,205.306,45.91,45.63,44.29,45.19,46.15,44.48,625.3,50.6,2.11,5,10,1921,3,2.14,21.7,75.2,25.2
070C26D203154769D1,AGM70_D1,5,2026-04-01,217.985,216.394,218.386,216.014,215.462,218.397,43.6,45.38,46.32,46.71,44.05,43.64,612.8,39.6,2.02,7,10,2004,2,2.17,25.0,76.9,25.2
070C26D466624677D1,AGM70_D1,4,2026-04-09,213.94,214.126,217.088,216.961,216.484,215.303,45.39,45.74,44.09,45.99,45.29,46.88,625.3,41.0,2.06,7,13,1666,2,2.1,26.5,78.4,19.3
070C26D267170578D1,AGM70_D1,3,2026-04-05,205.472,206.655,205.412,209.678,208.555,207.216,44.62,45.18,44.79,47.1,44.94,45.13,627.1,44.7,2.01,4,8,1962,2,2.08,26.3,76.1,26.8
070C26E401271826D1,AGM70_D1,3,2026-05-01,203.181,208.121,200.662,198.699,192.287,201.757,43.99,44.01,45.1,45.54,44.77,44.62,608.3,65.6,2.05,5,2,2014,2,2.1,23.8,77.0,24.6
070C26E282343677D1,AGM70_D1,4,2026-05-19,210.123,210.25,212.469,215.466,211.428,213.9,45.57,45.26,46.12,44.87,45.0,45.13,633.2,53.7,2.06,6,14,1989,3,2.15,26.8,78.3,25.6
070C26E415398533D1,AGM70_D1,4,2026-05-20,203.017,202.996,201.475,201.742,200.789,203.029,47.61,45.63,45.64,45.1,44.87,43.66,655.0,51.7,2.06,7,6,1636,6,2.12,26.1,78.1,27.9
070C26E506732570D1,AGM70_D1,3,2026-05-14,214.09,214.076,211.047,213.163,212.425,221.013,46.02,43.43,43.4,46.8,44.13,44.32,634.7,64.3,2.03,7,10,1837,4,2.13,31.1,79.8,28.0
070C26E029383894D1,AGM70_D1,5,2026-05-18,210.736,213.204,213.274,213.068,211.491,211.797,44.16,46.93,45.94,46.65,44.49,43.84,608.5,40.0,2.06,8,9,1678,1,2.16,24.2,83.1,21.4
070C26E919358067D1,AGM70_D1,3,2026-05-14,205.925,210.464,209.693,206.988,207.82,211.578,45.12,43.59,46.46,45.06,43.6,45.16,622.6,50.4,2.05,2,9,1797,3,2.09,28.9,76.4,22.5
070C26E000819093D1,AGM70_D1,4,2026-05-06,209.897,207.133,203.565,209.561,209.524,209.341,44.69,44.09,45.51,45.07,44.78,45.64,628.3,47.8,2.05,4,9,1677,3,2.08,28.1,75.2,21.1
070C26E258020297D1,AGM70_D1,4,2026-05-24,207.19,211.279,211.559,216.442,217.503,215.473,44.57,43.9,47.1,44.76,45.72,46.53,666.6,45.8,2.03,2,8,1328,4,2.11,15.0,83.0,24.0
070C26E406552349D1,AGM70_D1,3,2026-05-13,213.103,212.602,204.149,206.023,216.474,209.252,46.03,46.63,44.0,45.4,43.82,46.14,638.0,47.1,2.05,4,8,1502,2,2.07,24.3,82.3,27.8
070C26E683678882D1,AGM70_D1,3,2026-05-16,208.843,213.501,209.429,207.235,212.726,207.808,43.38,47.0,46.78,46.44,45.44,45.14,622.4,48.4,2.0,3,12,1780,3,2.06,26.2,83.1,20.8
070C26E904158768D1,AGM70_D1,2,2026-05-17,217.944,222.791,217.223,218.273,217.707,219.236,45.23,45.32,43.71,44.7,44.04,47.01,617.2,38.0,2.08,9,5,1908,4,2.06,30.1,82.7,26.7
070C26E328423149D1,AGM70_D1,3,2026-05-11,210.537,212.878,212.133,206.046,215.141,206.931,45.08,45.77,43.35,44.28,45.98,43.51,618.7,53.7,2.01,3,6,2059,5,2.12,24.9,78.3,27.4
070C26E439350181D1,AGM70_D1,4,2026-05-09,206.524,207.004,210.942,201.282,203.354,206.695,44.95,45.31,43.74,44.63,45.04,45.61,630.8,55.3,2.1,5,6,2415,2,2.09,23.0,80.7,24.1
070C26F334997644D1,AGM70_D1,3,2026-06-03,209.267,223.001,214.995,214.384,215.824,212.772,45.94,44.78,44.88,45.15,44.41,44.06,635.2,57.6,2.07,6,6,1882,3,2.11,26.7,73.5,26.1
070C26F482639448D1,AGM70_D1,3,2026-06-14,213.098,216.231,214.177,217.446,218.961,210.556,45.56,45.04,45.56,45.07,43.53,45.37,653.1,40.4,2.03,6,3,1392,4,2.11,22.4,78.8,30.0
070C26F271280015D1,AGM70_D1,3,2026-06-19,205.687,202.004,205.337,200.213,199.382,203.477,45.94,46.5,46.28,44.13,46.05,45.55,634.3,56.2,1.98,3,11,2003,3,2.11,29.7,71.0,28.1
070C26F396295565D1,AGM70_D1,2,2026-06-09,208.627,212.878,213.003,207.989,211.569,213.133,45.84,43.02,44.15,43.64,44.21,42.85,617.1,53.8,2.09,6,6,1330,2,2.07,25.2,81.8,28.6
070C26F282174104D1,AGM70_D1,3,2026-06-15,213.038,214.662,210.511,207.783,218.798,212.384,43.31,44.6,46.66,45.4,44.8,45.65,643.7,53.3,2.01,8,8,1815,3,2.07,24.7,81.6,26.3
070C26F353152117D1,AGM70_D1,2,2026-06-27,216.802,219.918,218.183,220.707,220.441,217.176,44.89,44.3,46.65,46.53,43.81,45.58,634.8,43.5,2.06,3,10,1780,2,2.07,27.8,78.9,27.1
070C26F215474085D1,AGM70_D1,3,2026-06-06,209.582,208.004,212.169,209.983,210.183,207.859,45.13,46.6,45.27,44.32,46.98,45.69,614.2,35.1,2.01,6,9,2005,2,2.11,24.9,75.3,23.4
070C26F976471378D1,AGM70_D1,1,2026-06-21,195.058,209.088,201.484,199.458,203.77,207.698,43.14,44.41,44.27,43.64,45.19,43.82,625.1,49.3,2.06,6,11,2250,3,2.08,29.1,74.8,24.5
070C26F080176252D1,AGM70_D1,4,2026-06-04,208.286,204.073,204.76,206.058,204.977,202.1,43.25,43.6,46.26,46.72,44.14,45.67,616.7,45.0,2.03,4,5,1520,4,2.13,25.5,73.0,25.4
070C26F057716158D1,AGM70_D1,2,2026-06-27,203.298,206.455,204.961,204.096,210.014,203.853,45.09,44.9,44.62,45.31,46.77,45.61,619.4,52.1,2.08,4,8,1972,3,2.04,30.0,74.6,26.3
070C26F204420190D1,AGM70_D1,4,2026-06-01,203.528,206.167,205.486,202.316,202.95,209.091,45.51,44.48,45.21,43.09,45.71,44.21,636.9,51.7,2.02,7,15,2093,2,2.09,23.0,70.0,30.0
070C26F254844269D1,AGM70_D1,2,2026-06-16,200.828,204.947,202.214,209.924,204.075,205.697,44.36,43.71,44.98,45.19,45.59,46.52,637.4,60.6,2.07,3,4,1767,3,2.09,20.8,74.4,18.4
070C26F002927432D1,AGM70_D1,4,2026-06-26,211.388,209.376,210.853,210.165,209.493,211.214,46.0,45.11,45.31,44.84,45.78,45.67,647.6,44.1,2.04,4,10,2069,3,2.09,22.6,73.3,23.7
070C26G432358594D1,AGM70_D1,4,2026-07-02,216.667,212.302,216.202,214.626,208.808,217.201,45.47,44.97,45.29,42.99,45.29,44.02,632.8,53.0,2.05,6,10,1762,4,2.08,27.3,79.6,22.7
070C26G545526032D1,AGM70_D1,3,2026-07-02,209.172,207.636,207.931,211.929,213.861,212.102,46.06,43.62,44.54,44.75,44.8,46.0,633.4,47.3,2.04,4,16,1807,2,2.12,22.6,83.0,22.3
070C26G449833913D1,AGM70_D1,2,2026-07-05,209.386,208.637,207.369,205.183,205.651,203.565,43.12,45.72,43.95,43.88,43.25,44.61,653.7,61.0,2.04,1,8,1706,3,2.07,22.6,77.9,26.0
070C26G575246607D1,AGM70_D1,4,2026-07-21,217.289,220.014,215.71,204.454,216.979,220.049,46.51,44.72,45.17,45.38,44.66,43.91,618.8,63.8,2.09,7,5,1618,4,2.14,20.2,74.5,29.0
070C26G046647893D1,AGM70_D1,2,2026-07-14,208.262,205.282,201.749,201.442,207.793,203.445,45.29,44.89,45.54,44.5,44.9,44.89,621.3,49.2,2.06,2,12,1462,2,2.12,22.9,80.6,27.6
070C26G476633976D1,AGM70_D1,5,2026-07-04,203.579,206.607,206.693,207.878,201.808,205.144,44.69,45.67,46.47,44.3,44.98,44.08,619.4,43.9,2.05,7,6,1864,3,2.12,21.6,80.6,23.3
070C26G728525407D1,AGM70_D1,3,2026-07-18,197.594,199.903,197.063,201.489,205.301,204.827,44.6,43.81,45.46,44.86,44.87,45.33,628.3,43.3,2.05,3,9,2001,4,2.09,27.1,75.1,24.5
070C26G537778835D1,AGM70_D1,1,2026-07-27,208.203,200.319,198.167,208.455,205.544,214.049,44.79,44.8,44.9,45.59,43.83,44.84,607.6,49.0,2.07,5,13,2310,2,2.07,23.7,79.2,22.0
070C26G975307880D1,AGM70_D1,1,2026-07-19,203.222,203.301,210.499,208.965,208.64,207.36,45.38,43.34,45.99,46.3,44.54,45.57,643.8,51.2,2.02,5,9,1952,2,2.07,21.6,78.9,23.1
070C26G193275212D1,AGM70_D1,4,2026-07-20,208.722,209.484,208.441,206.818,206.694,206.827,45.0,46.13,44.67,44.7,44.51,43.9,631.7,41.5,2.04,5,14,1753,4,2.06,24.5,80.5,23.1
070C26G609593209D1,AGM70_D1,3,2026-07-21,207.755,204.693,207.683,206.037,207.648,206.315,46.78,44.34,45.23,45.12,46.61,44.15,631.5,38.8,2.04,3,6,1985,3,2.16,24.6,85.2,23.9
070C26G888798239D1,AGM70_D1,2,2026-07-07,215.245,214.976,217.514,209.407,217.734,211.961,45.68,44.85,43.34,44.74,46.38,44.26,640.1,46.7,2.02,8,15,1946,2,2.1,21.8,76.9,25.2
070C26G061382810D1,AGM70_D1,3,2026-07-19,209.746,208.442,208.916,210.586,212.389,206.483,45.04,44.65,44.69,45.35,45.45,45.63,610.1,57.9,2.01,2,6,990,4,2.11,25.6,74.4,29.0
070C26H889771595D1,AGM70_D1,3,2026-08-23,210.04,205.672,211.768,202.614,201.741,207.817,43.85,44.28,45.77,43.62,44.11,44.91,623.7,56.5,2.0,7,5,1604,3,2.09,19.7,72.0,26.7
070C26H650710666D1,AGM70_D1,3,2026-08-16,199.897,202.842,198.493,194.067,205.139,202.94,44.97,44.93,46.1,44.44,44.33,43.72,631.6,39.1,2.04,3,10,1746,3,2.1,28.6,83.4,27.0
070C26H745692747D1,AGM70_D1,3,2026-08-22,205.821,198.729,202.271,204.296,204.146,206.073,44.96,43.67,43.91,44.81,44.11,42.36,641.5,54.8,2.05,4,15,1932,4,2.11,23.2,77.6,22.9
070C26H423629748D1,AGM70_D1,3,2026-08-11,209.977,211.129,211.349,206.608,204.02,214.204,44.39,44.76,43.46,45.65,44.95,44.44,608.5,45.4,2.01,4,14,1564,1,2.09,20.2,82.7,26.7
070C26H136311375D1,AGM70_D1,4,2026-08-16,208.427,205.439,214.857,212.299,211.211,197.511,46.08,45.24,45.94,46.07,44.58,45.78,626.9,67.5,2.04,5,15,1952,3,2.07,23.2,78.0,30.7
070C26H993776736D1,AGM70_D1,1,2026-08-10,216.128,219.079,217.618,223.517,221.299,220.48,45.39,45.63,44.43,45.12,44.87,45.66,633.1,42.4,2.05,6,19,1885,4,2.05,20.4,82.3,24.1
070C26H596245790D1,AGM70_D1,3,2026-08-13,204.401,201.884,201.571,203.034,206.341,210.677,45.2,44.7,45.29,44.77,44.16,43.65,638.3,59.4,2.01,3,11,1653,3,2.1,26.9,78.9,22.3
070C26H305848304D1,AGM70_D1,4,2026-08-11,210.19,210.089,208.924,210.301,213.366,210.503,45.01,45.55,45.13,43.25,44.72,45.34,616.5,50.3,2.06,6,12,1325,3,2.14,25.3,71.0,30.1
070C26H305516330D1,AGM70_D1,2,2026-08-07,212.845,205.233,206.587,204.178,214.931,209.39,44.3,45.42,44.46,45.86,43.51,44.84,623.1,54.8,2.03,6,13,1766,2,2.15,24.6,81.3,31.3
070C26H135540073D1,AGM70_D1,4,2026-08-12,208.754,209.207,206.891,207.241,208.403,213.39,43.78,45.24,45.82,44.41,45.01,45.59,625.3,34.7,2.08,9,16,1193,4,2.13,24.8,86.9,24.9
070C26H785105729D1,AGM70_D1,3,2026-08-05,203.236,209.949,214.326,211.562,210.69,211.99,45.96,45.54,45.52,43.84,44.43,45.61,636.5,56.6,2.1,7,9,1299,3,2.08,23.0,80.8,24.7
070C26H033794842D1,AGM70_D1,4,2026-08-27,208.539,210.176,204.613,216.721,215.966,211.909,45.56,44.97,45.7,44.41,44.76,45.31,618.3,49.9,2.05,5,12,1710,4,2.03,26.0,78.9,24.7
070C26H978962778D1,AGM70_D1,4,2026-08-20,208.114,211.49,213.425,206.382,210.095,207.889,44.53,43.56,43.75,42.48,44.32,44.03,619.7,56.4,2.07,5,10,2395,4,2.13,19.6,81.5,23.5
070C26I919358311D1,AGM70_D1,2,2026-09-01,209.24,206.451,212.774,216.55,210.831,211.379,44.82,44.57,44.51,45.52,44.52,44.59,636.0,36.5,2.03,3,9,2116,4,2.09,24.9,83.8,19.8
070C26I396263135D1,AGM70_D1,2,2026-09-07,206.176,205.914,206.471,207.857,207.865,202.922,45.17,43.86,45.64,46.06,45.15,45.61,606.0,50.0,2.06,7,15,1331,3,2.11,16.3,76.8,25.8
070C26I792062178D1,AGM70_D1,4,2026-09-01,206.7,210.006,207.003,208.255,204.91,206.369,45.66,46.72,44.45,43.21,44.62,46.08,610.3,37.3,2.05,3,7,1844,2,2.14,29.9,82.7,24.7
070C26I486557680D1,AGM70_D1,2,2026-09-02,212.727,209.102,206.83,216.248,206.595,211.811,43.48,45.06,46.22,45.37,45.07,44.22,634.4,54.7,2.07,6,8,1417,3,2.1,23.8,79.1,23.9
070C26I346236190D1,AGM70_D1,3,2026-09-17,210.403,210.248,208.145,204.975,214.894,209.752,44.82,46.2,44.79,44.41,43.42,42.93,640.2,54.8,2.06,3,9,1858,4,2.07,25.3,87.2,16.9
070C26I283188969D1,AGM70_D1,4,2026-09-07,212.589,206.803,207.651,207.89,211.851,213.805,44.63,44.8,44.5,44.52,45.8,45.31,633.9,65.1,2.03,6,2,1151,2,2.11,28.6,79.3,26.3
070C26I138695152D1,AGM70_D1,2,2026-09-26,207.967,211.38,208.02,205.805,208.43,202.834,43.58,46.66,44.82,42.93,44.42,46.04,631.3,50.1,2.02,3,10,1168,1,2.1,24.4,70.0,20.9
070C26I896418668D1,AGM70_D1,5,2026-09-03,208.011,206.714,202.474,207.593,210.85,210.501,43.22,44.96,44.41,47.16,45.02,45.23,626.3,54.9,2.06,4,11,1549,3,2.09,30.0,78.4,29.7
070C26I169420486D1,AGM70_D1,2,2026-09-18,205.48,213.361,211.452,209.554,211.054,207.059,46.47,43.78,43.57,44.56,45.45,43.95,618.1,46.3,2.04,5,14,2001,2,2.06,24.6,80.6,27.3
070C26I687386232D1,AGM70_D1,3,2026-09-02,210.698,209.669,212.198,209.802,212.494,214.913,43.22,44.18,44.81,44.79,44.17,47.36,617.0,50.8,2.06,3,10,1737,2,2.08,29.3,70.0,21.2
070C26I073600619D1,AGM70_D1,1,2026-09-25,209.929,200.05,204.213,202.093,198.255,204.687,43.42,45.26,45.64,45.62,43.95,45.54,629.2,47.5,2.04,7,14,1484,5,2.12,25.7,83.5,23.2
070C26I151909231D1,AGM70_D1,2,2026-09-26,203.866,201.649,207.849,204.465,203.138,203.739,43.31,45.53,46.16,44.9,43.75,46.25,619.2,45.4,2.04,5,5,1871,2,2.1,26.5,74.8,21.9
070C26I843612355D1,AGM70_D1,3,2026-09-04,208.4,214.358,211.506,211.969,213.344,212.966,43.99,44.99,46.57,45.87,47.24,43.86,630.9,43.2,2.1,7,10,1401,3,2.09,24.6,79.5,26.6
070C26J359577045D1,AGM70_D1,4,2026-10-21,216.356,216.255,211.843,211.853,212.584,212.384,46.82,45.38,46.02,44.73,45.73,45.07,613.1,38.3,2.01,2,10,1363,3,2.07,26.7,83.8,22.7
070C26J666950577D1,AGM70_D1,4,2026-10-17,214.735,222.432,215.991,215.082,219.924,219.465,43.59,44.39,44.93,44.31,46.49,44.4,613.6,53.1,1.96,8,14,1899,4,2.12,22.7,77.7,23.1
070C26J649332924D1,AGM70_D1,1,2026-10-18,211.019,214.803,213.678,217.335,216.899,217.165,43.5,44.99,43.91,46.76,44.12,44.73,619.7,41.0,2.0,3,13,1893,4,2.14,24.8,86.7,26.7
070C26J121343927D1,AGM70_D1,5,2026-10-11,217.981,218.606,218.963,218.02,214.326,218.75,43.42,45.23,44.52,45.91,43.78,45.45,627.3,36.1,2.04,4,15,1804,3,2.11,19.5,84.4,23.5
070C26J593234396D1,AGM70_D1,1,2026-10-27,219.243,214.541,210.955,211.301,213.539,212.942,43.27,44.22,46.68,43.86,45.88,46.52,626.1,49.8,1.99,1,17,1684,4,2.12,28.0,75.0,25.2
070C26J357331968D1,AGM70_D1,4,2026-10-11,205.019,206.972,206.685,207.936,209.342,207.039,45.43,44.01,45.76,44.61,45.57,44.54,633.3,48.7,2.09,4,11,1694,5,2.08,24.9,78.9,24.9
070C26J181781186D1,AGM70_D1,2,2026-10-12,215.823,212.735,216.694,219.669,216.449,213.552,45.31,45.08,44.66,44.65,44.56,45.03,622.0,43.2,2.07,5,8,2026,4,2.07,23.4,74.8,28.6
070C26J962013648D1,AGM70_D1,2,2026-10-02,217.665,219.879,220.75,216.434,217.594,219.534,45.39,44.06,44.0,45.24,45.48,45.75,628.1,59.9,2.05,7,11,2214,3,2.1,26.9,72.5,25.8
070C26J557414809D1,AGM70_D1,4,2026-10-12,212.663,214.788,213.897,216.011,215.793,215.19,44.77,46.11,45.83,45.52,44.12,44.57,646.4,51.3,2.08,6,20,1616,5,2.12,25.4,72.4,27.2
070C26J701380835D1,AGM70_D1,2,2026-10-01,211.075,203.523,208.125,215.857,201.609,209.315,45.01,44.47,45.14,45.64,45.39,45.39,617.6,64.9,2.07,4,9,1548,3,2.11,24.7,70.0,31.1
070C26J189962632D1,AGM70_D1,3,2026-10-11,198.422,200.251,206.245,203.012,203.706,196.59,44.8,44.95,44.61,45.07,43.67,46.19,639.8,61.7,2.08,7,12,1959,4,2.14,24.4,78.8,23.5
070C26J001622349D1,AGM70_D1,4,2026-10-22,216.121,211.92,211.56,213.441,216.829,213.917,45.89,45.01,45.13,44.54,44.78,45.41,606.5,45.0,2.05,5,11,1850,4,2.11,28.6,75.2,24.4
070C26J866130127D1,AGM70_D1,3,2026-10-07,209.576,207.126,208.324,206.812,206.104,206.497,45.95,43.34,45.46,45.94,44.77,44.75,634.8,41.4,2.0,7,14,1460,3,2.09,27.0,76.4,22.4
070C26K300236794D1,AGM70_D1,3,2026-11-17,208.226,209.997,212.924,214.604,215.259,213.763,46.91,43.72,43.62,43.21,45.27,44.95,637.5,59.6,2.05,6,8,1758,5,2.12,28.6,74.2,25.8
070C26K640171517D1,AGM70_D1,1,2026-11-27,207.995,210.671,210.607,207.584,205.711,209.332,45.72,46.8,45.0,44.22,45.56,42.96,646.7,59.4,2.05,8,9,2114,2,2.16,29.1,71.5,26.7
070C26K308625191D1,AGM70_D1,2,2026-11-22,213.952,214.643,211.097,209.32,207.618,209.234,44.5,45.19,45.14,44.82,43.84,46.12,638.8,54.0,2.03,5,9,2260,3,2.12,25.0,78.5,26.7
070C26K537219462D1,AGM70_D1,5,2026-11-12,206.307,209.844,209.879,209.785,217.325,208.022,45.01,45.77,46.0,44.19,44.61,42.91,639.9,47.1,2.1,4,7,1543,4,2.13,22.6,78.0,23.4
070C26K324627360D1,AGM70_D1,2,2026-11-21,204.666,202.965,202.121,202.649,204.26,201.066,46.12,44.86,47.42,43.86,45.78,44.24,631.3,49.8,2.08,3,15,1995,5,2.15,18.2,70.0,28.6
070C26K104093416D1,AGM70_D1,3,2026-11-01,205.164,206.045,199.843,200.982,198.815,199.952,43.57,45.43,44.62,43.48,45.74,45.4,626.9,62.3,2.01,1,9,1630,2,2.14,23.0,78.6,19.5
070C26K001913606D1,AGM70_D1,3,2026-11-11,198.751,201.03,201.578,200.695,203.452,204.438,44.21,45.73,44.21,43.83,44.94,45.52,625.8,45.9,2.07,6,11,2440,2,2.07,25.0,73.5,22.3
070C26K645690700D1,AGM70_D1,3,2026-11-20,212.602,210.1,207.77,213.233,213.852,213.068,44.17,45.53,45.97,45.27,44.3,45.21,612.0,46.5,2.02,3,13,1934,4,2.08,24.1,82.3,30.0
070C26K462085650D1,AGM70_D1,1,2026-11-06,206.757,213.389,210.102,204.142,207.369,207.642,44.58,45.24,45.82,43.15,45.74,45.41,631.4,58.8,2.06,2,9,2128,3,2.09,30.7,75.8,20.0
070C26K454610623D1,AGM70_D1,2,2026-11-27,211.777,211.188,204.761,214.334,217.25,218.272,45.93,44.95,44.72,44.3,45.24,45.93,650.6,47.6,2.04,5,10,1801,3,2.08,25.4,83.2,25.8
070C26K685909785D1,AGM70_D1,4,2026-11-04,202.667,201.52,204.382,204.032,201.073,202.171,45.16,44.73,43.57,44.26,44.42,45.13,626.9,44.7,2.07,1,14,2205,3,2.07,20.0,85.2,24.8
070C26K661584727D1,AGM70_D1,1,2026-11-19,213.614,215.928,218.482,221.254,219.406,222.169,44.5,46.75,45.49,45.95,44.42,44.57,651.0,57.8,2.1,7,12,1971,3,2.15,21.5,79.8,21.5
070C26K664135378D1,AGM70_D1,3,2026-11-09,215.468,210.785,211.079,212.376,210.89,209.167,43.6,46.06,43.77,45.23,44.73,45.28,620.8,53.2,2.03,4,7,1404,1,2.09,26.7,74.7,27.0
070C26L582114252D1,AGM70_D1,3,2026-12-21,201.875,209.998,208.89,204.034,202.887,203.757,45.87,46.7,42.56,43.9,44.23,44.82,615.0,61.5,2.03,1,3,1801,3,2.13,22.8,79.2,21.3
070C26L054479155D1,AGM70_D1,2,2026-12-08,208.834,213.316,209.678,212.932,206.748,204.06,45.92,46.04,46.17,45.23,43.17,44.98,630.4,45.3,2.05,4,9,1696,3,2.04,20.8,78.1,20.0
070C26L166590239D1,AGM70_D1,5,2026-12-17,206.094,209.815,203.259,199.665,206.211,211.126,45.61,44.57,45.46,44.34,45.02,44.44,645.6,55.3,2.0,5,5,1532,3,2.11,28.9,77.4,27.1
070C26L522106681D1,AGM70_D1,4,2026-12-07,188.636,191.877,193.957,192.848,193.665,193.082,45.36,44.7,45.04,46.67,44.09,43.86,625.9,42.5,2.02,7,8,903,3,2.13,25.0,77.3,27.7
070C26L211004625D1,AGM70_D1,3,2026-12-02,209.329,214.288,208.6,211.943,210.826,207.818,45.35,45.36,44.54,43.37,43.31,45.7,653.7,50.8,2.04,4,16,1699,5,2.15,27.9,83.9,26.1
070C26L212584785D1,AGM70_D1,4,2026-12-21,204.087,210.399,207.408,207.976,208.63,205.856,46.35,47.13,44.6,46.08,45.03,44.18,647.4,54.7,2.13,7,13,1661,2,2.1,30.8,70.0,26.5
070C26L750307750D1,AGM70_D1,4,2026-12-12,206.924,204.964,202.009,204.373,203.066,202.044,45.41,44.58,44.4,44.03,46.66,44.85,622.2,41.2,2.09,6,12,2300,3,2.04,21.6,76.3,25.2
070C26L463572098D1,AGM70_D1,4,2026-12-21,213.888,204.935,200.054,205.223,207.439,201.836,44.83,44.9,44.4,45.77,45.35,44.45,630.8,55.4,2.02,7,13,1889,3,2.08,23.6,76.4,26.3
070C26L199260359D1,AGM70_D1,3,2026-12-21,207.22,216.577,215.879,211.211,216.51,223.719,45.76,44.59,44.57,47.18,46.97,46.33,624.3,48.3,2.03,2,12,1834,4,2.15,24.0,77.4,25.3
070C26L973305863D1,AGM70_D1,2,2026-12-07,210.252,214.983,208.023,213.958,213.281,204.56,43.99,43.92,44.04,46.47,44.03,42.89,632.7,63.6,2.05,5,7,1867,2,2.08,23.2,74.9,27.2
070C26L909714465D1,AGM70_D1,4,2026-12-06,208.618,215.265,210.556,205.162,214.331,203.519,45.09,44.68,46.22,42.16,44.45,44.55,641.1,56.3,2.04,6,10,1848,2,2.06,24.7,83.4,23.9
070C26L215165563D1,AGM70_D1,4,2026-12-26,205.252,216.685,212.786,203.453,208.835,208.487,45.82,45.28,45.87,43.83,45.52,44.52,608.6,47.0,2.07,6,7,1825,1,2.09,22.4,77.4,27.7
070C26L282550249D1,AGM70_D1,4,2026-12-11,205.668,201.672,201.851,208.977,203.289,201.106,46.7,43.03,43.98,44.18,46.3,44.78,610.7,61.3,2.03,6,10,1626,3,2.15,28.0,75.4,24.3
070C26A894059324G1,AGM70_G1,3,2026-01-14,208.597,213.826,205.303,209.764,209.087,203.915,44.34,44.7,45.79,43.82,44.78,45.03,613.2,45.0,2.05,5,9,1785,3,2.13,22.1,82.2,26.9
070C26A536095682G1,AGM70_G1,2,2026-01-10,207.872,209.07,205.606,210.598,211.494,210.558,45.49,45.08,45.88,43.45,44.25,45.9,648.2,51.0,2.03,5,12,1416,3,2.09,24.8,82.4,29.4
070C26A709982550G1,AGM70_G1,4,2026-01-11,207.124,207.541,203.258,211.409,217.785,215.109,46.79,44.12,44.62,44.81,46.46,44.35,634.8,56.1,2.0,4,12,1982,3,2.11,26.7,72.9,31.4
070C26A680916457G1,AGM70_G1,4,2026-01-17,200.667,205.924,202.285,207.563,203.361,208.325,45.29,45.15,46.35,45.61,46.09,44.86,628.2,39.0,2.07,7,10,1355,2,2.09,29.3,82.3,17.1
070C26A686436476G1,AGM70_G1,2,2026-01-10,210.668,208.178,214.514,211.719,210.325,211.963,45.15,44.91,44.43,45.7,44.62,44.31,623.9,53.4,2.06,7,5,2002,4,2.06,21.3,74.7,28.1
070C26A023859248G1,AGM70_G1,2,2026-01-04,209.089,205.662,214.247,206.881,204.912,212.919,44.48,44.71,44.88,42.87,45.35,45.45,626.4,58.2,2.08,4,10,1556,5,2.11,25.0,76.3,25.6
070C26A898357587G1,AGM70_G1,3,2026-01-24,215.4,211.555,209.916,207.533,209.673,211.147,45.9,45.3,44.62,45.17,47.62,44.78,612.3,58.7,2.08,5,16,1668,4,2.07,24.8,80.6,30.3
070C26A665088026G1,AGM70_G1,3,2026-01-17,206.133,204.709,205.291,207.871,205.651,203.687,43.69,45.5,44.8,45.34,44.43,45.21,651.9,48.2,2.03,8,16,1922,4,2.09,23.9,78.0,23.1
070C26A034004863G1,AGM70_G1,3,2026-01-13,206.632,212.06,210.002,207.261,207.819,205.319,44.92,44.1,42.8,46.15,44.03,45.09,640.7,43.9,2.06,6,12,1788,1,2.13,24.1,77.6,24.4
070C26A039150151G1,AGM70_G1,3,2026-01-03,213.321,213.834,215.028,212.045,215.219,221.707,44.16,44.97,46.7,45.79,45.28,46.0,637.6,45.1,2.03,7,11,1727,3,2.11,26.0,75.9,29.2
070C26A279494084G1,AGM70_G1,1,2026-01-15,208.208,204.87,204.954,206.508,204.64,208.593,46.01,45.08,45.54,44.86,45.09,45.39,586.4,37.1,2.08,3,16,1602,4,2.08,24.0,82.5,26.4
070C26A230235029G1,AGM70_G1,3,2026-01-23,218.82,213.64,221.768,218.732,217.287,217.533,43.62,44.57,45.92,44.56,46.57,45.76,653.0,53.6,2.06,3,10,1645,2,2.11,26.1,81.1,26.2
070C26A661133794G1,AGM70_G1,2,2026-01-22,207.026,211.79,202.465,209.637,213.161,206.822,43.57,43.44,44.37,46.74,44.99,45.04,614.8,51.7,2.04,5,8,1951,3,2.11,22.0,79.5,26.1
070C26B352350482G1,AGM70_G1,3,2026-02-19,208.546,208.325,208.453,211.521,211.706,210.443,46.8,44.13,47.62,45.08,43.24,48.99,613.2,36.3,2.1,8,15,1717,3,2.11,21.6,82.1,22.4
070C26B651496990G1,AGM70_G1,4,2026-02-10,213.524,211.151,215.63,216.98,213.438,210.241,44.24,43.83,44.65,45.81,45.42,45.06,605.1,59.4,2.08,5,14,2031,3,2.14,29.3,74.6,23.4
070C26B090508319G1,AGM70_G1,3,2026-02-15,206.209,204.806,209.119,203.466,205.947,209.075,45.6,45.98,45.76,44.42,45.76,45.33,624.9,45.7,2.03,3,10,1616,3,2.07,24.0,78.5,29.9
070C26B480718242G1,AGM70_G1,4,2026-02-06,210.323,205.889,209.64,207.094,207.626,210.479,43.47,45.37,43.96,45.81,44.38,44.91,645.7,57.6,2.08,6,13,1555,2,2.11,27.1,78.1,29.7
070C26B374681705G1,AGM70_G1,3,2026-02-17,205.349,203.532,199.837,204.328,199.54,202.474,43.94,43.92,43.39,45.85,45.53,45.61,639.6,51.3,2.06,5,9,1740,2,2.12,28.4,87.5,25.6
070C26B607900868G1,AGM70_G1,1,2026-02-06,203.23,201.329,203.803,202.772,199.921,192.46,44.77,44.19,47.09,44.27,45.91,44.75,630.4,56.6,2.06,4,4,1702,3,2.08,26.8,72.6,23.4
070C26B209369590G1,AGM70_G1,5,2026-02-23,209.705,210.821,210.812,204.75,206.625,210.68,46.22,44.0,44.12,45.89,45.14,45.17,609.4,49.2,2.03,7,13,1982,3,2.07,25.4,82.2,22.4
070C26B988545766G1,AGM70_G1,1,2026-02-01,200.759,203.014,205.287,202.495,204.469,200.392,46.1,44.63,44.75,42.84,44.79,45.65,622.4,51.7,2.02,4,8,1604,3,2.12,20.5,82.6,30.7
070C26B298646903G1,AGM70_G1,4,2026-02-19,213.702,211.363,215.982,201.229,208.193,213.176,46.5,45.54,46.62,46.77,45.55,44.47,614.3,64.4,2.09,4,10,1504,3,2.13,22.3,77.4,24.8
070C26B184543790G1,AGM70_G1,4,2026-02-22,209.075,209.75,209.757,204.758,205.172,210.8,45.47,43.78,45.56,46.18,45.53,43.59,627.0,62.3,2.06,5,8,1687,3,2.07,22.5,73.0,22.2
070C26B635580463G1,AGM70_G1,1,2026-02-17,202.406,201.101,199.1,202.571,207.191,202.846,45.58,45.4,44.95,44.76,43.3,45.22,621.1,45.4,2.05,8,6,1896,2,2.1,26.5,79.4,27.4
070C26B618988862G1,AGM70_G1,4,2026-02-06,210.002,211.37,211.483,211.847,211.324,214.219,45.57,45.33,43.84,45.04,44.52,45.82,636.9,53.9,2.06,4,7,1398,2,2.06,25.1,84.8,23.4
070C26B914653328G1,AGM70_G1,2,2026-02-21,210.929,209.913,209.924,210.527,209.676,208.529,45.76,45.47,44.93,46.05,44.38,45.65,633.1,40.7,2.04,7,16,1530,3,2.08,22.3,75.6,24.4
070C26C732568393G1,AGM70_G1,2,2026-03-12,204.359,202.297,204.506,215.817,215.509,215.546,44.92,46.72,45.61,45.38,42.71,46.46,637.3,51.0,2.01,1,15,1749,2,2.1,22.8,82.7,27.8
070C26C966450827G1,AGM70_G1,3,2026-03-10,212.235,209.168,206.87,213.58,206.12,208.011,45.2,44.41,43.29,44.78,46.84,46.78,636.9,60.8,2.05,6,13,1842,5,2.11,22.1,81.8,29.1
070C26C383053821G1,AGM70_G1,2,2026-03-05,217.743,217.797,217.854,223.189,215.999,220.357,44.96,45.28,45.47,45.33,45.6,45.13,653.9,45.5,2.04,8,16,1953,4,2.14,23.8,72.8,26.7
070C26C772403740G1,AGM70_G1,2,2026-03-13,209.926,210.316,206.325,208.232,208.199,207.645,45.33,46.71,44.62,43.47,46.08,44.69,648.1,54.2,2.1,4,16,2210,3,2.11,22.3,78.7,29.3
070C26C448843443G1,AGM70_G1,3,2026-03-06,202.574,200.792,197.084,194.628,199.199,197.219,46.41,44.03,43.27,45.5,44.35,47.1,628.8,44.2,2.1,2,14,1846,4,2.06,25.5,81.8,26.2
070C26C750763717G1,AGM70_G1,2,2026-03-12,206.097,205.81,211.727,206.523,209.904,209.423,45.75,44.96,44.55,45.52,45.56,46.74,635.0,68.4,2.02,6,10,2071,4,2.07,25.5,72.7,22.7
070C26C118063735G1,AGM70_G1,3,2026-03-10,214.122,214.244,214.262,215.251,219.251,215.432,44.34,43.06,43.87,45.06,45.18,43.42,613.9,46.7,2.06,4,8,1826,3,2.09,23.6,87.3,29.6
070C26C977248456G1,AGM70_G1,3,2026-03-27,205.229,211.203,209.763,204.239,208.838,212.898,44.64,46.66,42.69,45.42,46.44,46.13,652.6,51.7,2.04,4,13,1747,3,2.13,22.3,82.4,28.5
070C26C659498510G1,AGM70_G1,2,2026-03-02,217.101,212.876,219.369,212.365,207.857,216.826,43.28,43.59,45.67,44.94,44.39,46.5,626.9,54.5,2.06,8,5,1583,1,2.02,25.4,75.8,20.8
070C26C075995746G1,AGM70_G1,2,2026-03-23,217.235,210.737,214.41,207.983,212.754,216.333,44.96,46.31,44.94,43.45,44.58,45.48,646.9,37.6,2.05,3,10,2008,2,2.07,23.9,84.0,25.2
070C26C567451793G1,AGM70_G1,2,2026-03-09,211.93,213.801,212.464,214.115,213.108,208.863,45.29,44.34,45.73,46.05,44.27,44.53,620.9,50.6,2.05,4,7,1789,2,2.08,27.7,75.0,23.9
070C26C826712121G1,AGM70_G1,3,2026-03-17,207.157,206.739,205.294,205.677,212.359,208.716,44.48,44.66,45.23,44.5,45.03,44.31,626.7,51.3,2.04,4,15,1964,3,2.1,30.6,76.1,27.5
070C26C954533220G1,AGM70_G1,2,2026-03-11,217.138,212.063,214.437,217.185,208.835,220.616,43.6,44.43,45.39,45.38,45.31,45.3,638.5,60.6,2.08,5,15,1814,2,2.13,27.0,70.0,22.9
070C26D059066350G1,AGM70_G1,4,2026-04-06,216.332,222.242,218.545,210.455,213.658,212.671,45.72,46.23,43.15,43.66,44.1,46.58,637.9,61.3,2.05,3,8,2009,3,2.09,26.2,79.9,30.3
070C26D683847262G1,AGM70_G1,2,2026-04-27,217.732,217.365,217.208,215.606,218.212,215.487,44.53,45.54,45.54,45.51,43.72,44.14,645.5,40.1,2.1,1,7,1492,4,2.07,27.0,75.6,27.4
070C26D939616548G1,AGM70_G1,3,2026-04-05,218.376,214.291,218.772,219.105,217.045,222.676,45.19,45.81,47.69,45.18,45.55,45.86,636.6,47.3,2.03,6,11,1764,1,2.06,21.7,80.6,21.7
070C26D033758692G1,AGM70_G1,2,2026-04-21,214.235,213.951,215.496,212.516,215.758,216.371,45.25,44.07,45.48,45.2,45.55,44.79,630.2,31.4,2.02,10,16,2055,2,2.12,24.2,82.9,29.9
070C26D414767532G1,AGM70_G1,4,2026-04-15,220.84,206.314,207.843,214.086,216.757,210.902,45.13,45.16,44.73,46.27,45.64,46.18,633.7,42.4,2.03,4,9,1694,2,2.11,25.1,81.7,24.9
070C26D664887393G1,AGM70_G1,2,2026-04-21,214.825,214.615,205.371,209.226,213.73,206.354,43.67,44.98,44.56,46.36,43.86,43.2,640.1,45.7,2.03,3,11,1936,4,2.1,25.0,79.1,25.4
070C26D516438705G1,AGM70_G1,3,2026-04-09,211.209,208.739,214.151,217.761,213.765,218.095,45.37,46.08,45.62,46.41,45.71,45.37,632.6,49.8,2.0,6,14,1795,3,2.1,24.3,77.4,21.9
070C26D293687228G1,AGM70_G1,3,2026-04-10,203.089,203.129,204.544,203.6,203.349,204.532,45.31,43.91,44.87,44.56,44.11,44.1,623.6,35.2,2.09,2,11,2049,3,2.14,20.7,79.6,24.9
070C26D221846182G1,AGM70_G1,3,2026-04-01,213.025,213.816,213.684,212.903,211.021,213.901,46.51,45.79,45.16,44.27,44.27,43.4,609.5,39.8,2.04,8,13,1842,2,2.05,18.9,84.6,29.9
070C26D155027564G1,AGM70_G1,3,2026-04-04,207.033,211.182,209.675,205.54,207.537,201.305,44.86,44.84,45.63,43.98,45.63,46.0,632.9,39.2,2.08,5,5,2192,4,2.08,28.0,86.6,23.9
070C26D627043815G1,AGM70_G1,3,2026-04-13,221.79,216.38,216.439,219.23,214.572,223.047,46.16,45.47,45.58,46.6,45.05,43.77,625.2,54.4,2.05,6,14,1874,2,2.09,21.8,75.8,22.0
070C26D530365417G1,AGM70_G1,3,2026-04-14,207.599,209.632,210.913,210.828,210.027,213.171,45.47,44.93,44.47,46.45,46.53,44.12,623.5,48.8,2.07,3,9,2067,4,2.12,24.7,72.8,20.8
070C26D287137884G1,AGM70_G1,4,2026-04-08,219.174,213.919,214.064,219.466,214.111,215.876,43.98,44.52,43.18,44.25,44.96,46.19,627.1,59.7,2.05,7,13,1845,2,2.07,21.5,78.0,20.4
070C26E347799147G1,AGM70_G1,2,2026-05-26,220.13,217.514,217.255,219.56,215.401,210.781,45.68,43.38,44.84,47.18,45.9,45.43,633.3,54.2,2.04,6,12,1643,4,2.08,23.2,73.9,24.2
070C26E883889140G1,AGM70_G1,2,2026-05-03,205.621,210.101,208.783,206.668,207.368,201.297,47.73,44.9,42.6,45.09,44.42,44.52,636.6,52.5,2.06,4,19,856,3,2.13,23.3,74.1,24.5
070C26E174919748G1,AGM70_G1,4,2026-05-05,201.337,203.68,205.932,205.525,202.938,207.093,46.28,46.26,45.46,43.24,46.45,44.03,637.2,60.3,2.04,6,10,2299,2,2.09,24.8,77.5,21.0
070C26E780301983G1,AGM70_G1,2,2026-05-08,212.713,212.053,209.566,208.035,210.08,208.105,45.77,43.96,43.65,43.34,46.34,43.55,622.1,44.2,2.0,6,13,2241,2,2.1,26.9,85.8,18.7
070C26E592619670G1,AGM70_G1,4,2026-05-04,202.594,207.687,220.151,217.061,206.615,209.85,43.94,46.43,45.92,45.42,42.63,43.95,628.9,57.6,2.0,6,11,1868,1,2.12,22.4,87.5,25.7
070C26E063343987G1,AGM70_G1,3,2026-05-11,202.838,202.167,201.175,201.54,203.671,204.922,43.32,44.7,45.99,44.53,44.74,44.86,632.8,55.6,2.02,7,5,1779,2,2.12,19.6,75.7,26.7
070C26E359516542G1,AGM70_G1,2,2026-05-21,209.629,216.378,210.258,207.807,212.431,211.283,43.4,44.14,45.03,44.08,45.5,43.82,626.5,58.3,2.01,6,13,1604,3,2.11,25.6,77.3,24.7
070C26E187041861G1,AGM70_G1,3,2026-05-09,208.125,206.732,205.111,207.293,209.676,212.24,44.71,44.43,43.77,45.3,44.14,45.21,629.1,58.4,2.06,5,12,1277,4,2.07,20.6,79.5,29.7
070C26E778259244G1,AGM70_G1,1,2026-05-08,211.41,211.815,210.289,210.976,209.958,208.651,44.46,44.26,44.71,44.76,45.9,44.44,609.1,38.6,2.08,4,9,2201,4,2.09,29.1,81.7,26.4
070C26E710331778G1,AGM70_G1,3,2026-05-10,212.988,209.996,207.1,206.467,209.308,210.367,45.59,43.5,44.57,44.01,44.5,45.04,618.7,39.0,2.03,5,13,1689,2,2.07,24.8,78.9,23.9
070C26E604058898G1,AGM70_G1,4,2026-05-24,213.754,211.625,215.437,211.061,213.249,214.151,45.07,45.11,44.15,46.95,44.79,44.98,646.6,48.5,2.08,5,13,1410,3,2.14,25.0,79.0,26.1
070C26E511125758G1,AGM70_G1,4,2026-05-19,213.668,211.647,210.02,214.74,216.076,208.523,44.25,45.67,44.35,45.17,45.34,45.02,623.7,44.5,2.05,7,9,2096,3,2.02,25.3,71.3,19.1
070C26E862890405G1,AGM70_G1,3,2026-05-12,214.175,215.946,212.09,212.3,213.679,209.88,43.02,45.45,44.41,45.15,44.8,43.6,637.9,49.5,2.05,7,6,1088,4,2.05,24.3,70.0,20.3
070C26F967338414G1,AGM70_G1,4,2026-06-22,212.513,211.217,222.373,211.088,210.749,221.077,43.82,46.11,43.8,43.93,44.25,43.66,637.6,57.8,2.09,7,10,2042,2,2.11,26.1,76.5,25.0
070C26F568858183G1,AGM70_G1,3,2026-06-01,212.445,207.21,211.587,211.493,205.458,206.166,46.27,45.38,43.64,44.34,43.94,46.6,635.4,55.4,2.01,8,11,2013,5,2.05,19.2,84.5,28.9
070C26F749059873G1,AGM70_G1,3,2026-06-03,213.751,218.657,212.006,216.253,218.242,217.628,44.09,46.68,45.59,46.26,44.18,45.17,628.6,42.9,2.07,4,10,1698,2,2.09,26.2,80.4,24.5
070C26F312199923G1,AGM70_G1,4,2026-06-04,211.297,210.676,210.975,204.15,206.089,211.515,44.46,47.23,43.72,44.0,47.19,45.32,634.7,53.3,2.07,8,14,1591,4,2.07,24.0,82.5,27.0
070C26F544514180G1,AGM70_G1,4,2026-06-07,208.389,205.185,210.861,202.591,216.301,211.978,46.06,45.55,45.23,44.71,46.1,45.53,622.9,41.3,2.04,8,14,2114,3,2.11,26.7,72.8,27.0
070C26F035475636G1,AGM70_G1,2,2026-06-04,215.292,215.628,220.89,215.04,212.657,219.957,45.59,46.26,44.09,43.43,44.48,45.2,628.4,57.2,2.0,9,5,1792,4,2.14,24.0,71.9,28.6
070C26F149950046G1,AGM70_G1,3,2026-06-05,212.441,207.567,208.427,213.643,217.802,205.36,44.66,44.81,44.86,45.22,43.24,45.91,633.2,61.1,2.07,9,4,1973,4,2.13,23.9,76.4,27.7
070C26F387165033G1,AGM70_G1,2,2026-06-23,207.337,207.465,206.701,205.046,205.177,203.885,43.66,45.97,44.0,45.07,42.71,45.1,640.0,53.3,2.06,3,12,1594,2,2.09,29.1,79.1,23.8
070C26F496762077G1,AGM70_G1,4,2026-06-05,212.555,204.627,208.288,218.637,215.47,215.895,43.88,43.52,44.47,44.17,44.99,44.38,629.6,54.3,2.06,5,5,1816,4,2.13,22.4,80.5,26.1
070C26F065338277G1,AGM70_G1,4,2026-06-18,214.06,211.406,213.23,213.196,214.028,212.998,44.71,44.83,44.27,45.01,45.52,46.57,641.1,39.3,2.0,3,9,2555,2,2.15,22.1,81.1,26.1
070C26F921792609G1,AGM70_G1,5,2026-06-04,209.549,209.016,209.339,212.249,208.747,207.708,44.41,43.39,45.65,46.04,45.75,45.17,641.4,36.5,2.05,7,5,2218,4,2.11,23.4,79.0,25.7
070C26F892083644G1,AGM70_G1,3,2026-06-16,205.965,214.735,211.454,211.404,213.491,215.093,45.03,43.95,44.37,47.49,44.84,44.42,617.1,51.8,2.04,3,9,1715,3,2.11,22.3,77.7,21.4
070C26F464943743G1,AGM70_G1,5,2026-06-20,211.872,220.359,211.553,220.177,212.054,214.87,46.79,44.01,43.18,43.29,43.12,43.67,658.6,63.1,2.05,5,16,2072,3,2.11,22.5,70.0,30.0
070C26G663903139G1,AGM70_G1,3,2026-07-20,216.666,220.819,217.074,227.794,218.192,224.036,44.37,43.59,43.81,45.05,45.26,45.99,632.0,41.9,2.03,5,12,1908,6,2.1,26.4,83.6,21.0
070C26G033329606G1,AGM70_G1,4,2026-07-22,217.147,217.835,215.867,216.841,215.957,219.906,43.27,44.81,45.75,46.61,46.27,44.44,631.6,37.9,2.06,5,15,2004,3,2.08,24.9,78.1,23.9
070C26G800723307G1,AGM70_G1,2,2026-07-18,221.281,214.764,216.118,221.747,215.473,218.068,44.95,45.52,44.86,45.05,45.75,45.73,627.3,68.2,2.03,4,15,1771,3,2.07,24.3,74.6,19.3
070C26G416319684G1,AGM70_G1,2,2026-07-03,220.869,218.025,213.292,205.879,213.693,214.393,43.62,45.38,46.74,44.17,44.76,44.1,628.6,43.3,2.04,3,5,1738,2,2.1,26.6,81.0,26.3
070C26G400879233G1,AGM70_G1,2,2026-07-17,209.669,213.807,212.443,211.919,211.034,210.508,43.14,44.85,45.23,45.78,43.24,44.52,629.1,48.3,2.05,7,14,1327,3,2.11,32.1,75.7,30.2
070C26G140044221G1,AGM70_G1,3,2026-07-20,208.759,212.572,212.057,213.392,213.207,211.212,44.7,46.28,46.52,43.92,44.94,47.3,613.7,39.6,2.06,7,7,1724,1,2.08,22.9,83.1,27.1
070C26G910177873G1,AGM70_G1,3,2026-07-21,209.733,207.881,207.609,208.878,207.532,206.04,45.84,45.21,44.95,44.36,45.04,46.18,624.5,56.2,2.01,8,18,1781,3,2.1,26.6,82.9,28.1
070C26G628466474G1,AGM70_G1,3,2026-07-27,217.209,215.894,212.326,215.293,219.057,213.762,42.7,43.21,43.98,46.14,46.48,45.17,618.5,61.4,2.08,7,13,1453,4,2.15,22.8,83.9,20.1
070C26G809368147G1,AGM70_G1,3,2026-07-23,212.206,210.678,213.35,210.782,211.225,206.949,46.45,44.5,45.3,44.87,44.76,45.75,629.2,41.1,2.03,3,7,1849,2,2.08,26.5,75.4,26.9
070C26G517985777G1,AGM70_G1,2,2026-07-22,215.111,214.1,211.72,215.512,207.739,212.193,45.85,44.61,45.05,43.45,46.12,45.45,620.5,50.8,2.04,4,5,1774,3,2.12,24.9,78.3,23.6
070C26G098399693G1,AGM70_G1,3,2026-07-06,213.736,218.84,212.401,217.148,217.986,217.16,45.43,44.02,43.82,44.73,43.84,44.4,644.6,60.5,2.05,6,16,1612,3,2.1,27.2,82.3,31.5
070C26G414630407G1,AGM70_G1,1,2026-07-22,209.856,202.013,203.091,206.507,204.713,205.654,43.32,44.3,43.97,44.61,44.97,46.27,622.2,60.7,2.03,4,12,2331,2,2.14,20.9,79.5,24.1
070C26G970166644G1,AGM70_G1,3,2026-07-25,211.805,210.853,208.928,209.336,207.533,203.575,45.79,43.85,45.4,43.07,44.55,44.31,648.9,52.6,2.05,6,17,2457,4,2.11,23.6,73.9,26.3
070C26H608906848G1,AGM70_G1,3,2026-08-08,216.328,212.951,212.19,215.848,212.813,209.88,43.19,45.87,46.13,45.55,46.49,43.87,617.0,44.5,2.03,9,16,1894,4,2.08,25.0,78.1,30.5
070C26H372353416G1,AGM70_G1,5,2026-08-07,202.893,206.029,198.596,205.336,208.036,201.591,44.32,44.89,43.69,46.83,44.95,42.67,628.5,48.4,2.05,7,2,1152,3,2.12,27.7,78.2,25.4
070C26H383923885G1,AGM70_G1,2,2026-08-14,214.524,209.093,211.477,214.672,210.846,214.517,43.85,46.04,44.42,45.83,46.02,46.25,622.7,52.8,2.05,3,11,1156,2,2.14,26.7,82.6,23.0
070C26H560402609G1,AGM70_G1,3,2026-08-05,199.652,198.125,200.226,198.271,202.798,201.062,45.79,43.84,45.03,45.19,45.49,45.3,626.0,46.9,2.04,8,14,2502,1,2.14,23.3,84.4,22.7
070C26H173436950G1,AGM70_G1,3,2026-08-23,212.742,216.457,215.025,221.133,212.647,218.421,45.96,43.99,43.48,44.06,43.32,45.3,644.8,44.8,2.04,6,10,2270,2,2.12,24.8,78.5,24.8
070C26H789729128G1,AGM70_G1,3,2026-08-18,210.442,208.523,209.838,208.658,208.603,207.541,43.56,44.0,45.04,44.07,46.88,44.73,631.2,48.0,2.08,9,15,2398,4,2.15,26.0,76.7,23.1
070C26H668251686G1,AGM70_G1,4,2026-08-11,207.47,208.255,206.092,203.995,206.636,205.26,43.63,43.2,44.87,44.04,48.11,45.68,627.1,47.3,2.03,4,1,1912,4,2.1,25.5,76.8,24.8
070C26H894909907G1,AGM70_G1,2,2026-08-08,207.126,209.441,208.143,211.928,202.872,210.747,45.25,45.01,46.11,45.35,44.38,45.01,628.9,57.0,2.05,5,12,2395,2,2.15,28.9,74.4,24.8
070C26H849065942G1,AGM70_G1,3,2026-08-24,208.649,210.056,208.789,211.271,211.32,209.21,46.43,44.8,45.33,45.17,44.08,44.46,625.7,36.6,2.04,6,12,1584,4,2.13,22.2,81.2,25.4
070C26H759394879G1,AGM70_G1,3,2026-08-07,211.693,208.41,218.263,207.3,213.804,220.907,44.44,45.73,46.24,46.24,43.53,45.71,645.5,60.8,2.06,5,9,2055,2,2.08,21.6,77.6,27.1
070C26H182868279G1,AGM70_G1,4,2026-08-22,213.933,216.404,215.637,215.037,222.028,217.195,44.36,44.75,44.55,43.55,43.81,45.35,627.8,33.6,2.04,3,1,2100,3,2.05,23.5,83.8,29.2
070C26H519479365G1,AGM70_G1,4,2026-08-26,210.711,212.343,209.343,207.542,207.085,211.329,44.14,45.07,45.57,44.76,46.07,46.35,620.0,51.7,2.04,5,2,2036,2,2.08,22.7,82.6,17.2
070C26H769933247G1,AGM70_G1,3,2026-08-11,206.926,204.953,200.128,206.055,203.571,212.951,42.72,42.1,44.24,45.85,45.59,45.77,619.9,47.9,2.02,3,13,1655,3,2.14,26.9,75.9,27.0
070C26I562163080G1,AGM70_G1,3,2026-09-27,215.53,213.441,209.238,214.11,216.092,222.579,46.6,45.67,42.89,43.75,45.52,45.62,621.6,41.0,2.06,1,7,1734,1,2.08,28.1,81.2,23.0
070C26I466876706G1,AGM70_G1,4,2026-09-21,209.895,211.889,211.21,205.684,200.575,210.731,47.12,44.08,45.75,45.59,43.45,45.81,623.7,57.8,2.04,4,11,2092,1,2.13,20.5,75.2,23.9
070C26I138256173G1,AGM70_G1,4,2026-09-02,214.019,217.224,210.525,215.309,221.202,213.799,45.35,44.65,45.76,44.61,45.5,43.65,621.8,57.0,2.08,4,8,1849,4,2.1,26.2,70.0,27.4
070C26I943985711G1,AGM70_G1,2,2026-09-27,207.32,208.715,206.432,210.088,207.587,203.391,45.19,44.83,46.77,44.44,45.27,45.7,622.2,53.8,2.08,6,10,1542,3,2.08,24.0,74.9,28.0
070C26I970779228G1,AGM70_G1,3,2026-09-01,208.939,206.138,205.926,208.029,200.696,205.898,47.18,43.83,44.67,45.14,44.55,45.95,622.3,52.1,2.04,5,10,1690,3,2.08,22.2,75.3,22.5
070C26I774428589G1,AGM70_G1,1,2026-09-21,206.25,203.027,198.807,203.88,199.016,200.536,46.19,45.97,44.54,45.88,45.35,44.21,615.7,57.9,2.08,5,15,1507,4,2.11,30.6,81.5,24.8
070C26I675252361G1,AGM70_G1,3,2026-09-11,212.861,211.706,213.26,211.505,208.297,209.919,45.06,46.4,42.7,43.2,44.97,45.77,635.6,48.7,2.05,3,13,2013,4,2.12,27.2,79.5,27.1
070C26I571349374G1,AGM70_G1,3,2026-09-01,209.373,216.278,212.625,214.067,212.058,214.555,45.3,46.0,44.85,44.41,45.05,45.12,619.8,44.1,2.03,3,11,2289,4,2.13,27.7,86.9,28.2
070C26I975530626G1,AGM70_G1,2,2026-09-09,207.147,205.283,206.064,205.266,219.342,207.354,45.28,44.59,45.59,45.12,42.34,43.73,625.2,52.7,1.99,5,18,2367,2,2.09,29.3,79.4,24.8
070C26I271264541G1,AGM70_G1,3,2026-09-12,205.488,204.562,205.605,210.362,206.224,206.223,44.7,44.65,45.55,45.88,42.98,45.06,633.5,56.6,2.04,5,19,1765,4,2.13,22.9,72.2,27.4
070C26I916416492G1,AGM70_G1,4,2026-09-05,213.208,218.4,212.483,209.419,215.627,217.534,44.49,45.53,45.25,44.83,45.13,45.57,600.1,58.1,2.06,5,9,1611,4,2.14,29.9,71.8,23.8
070C26I363658169G1,AGM70_G1,2,2026-09-01,205.673,211.199,204.373,201.76,209.594,208.944,45.33,44.07,44.27,44.68,45.15,44.95,632.7,55.2,2.12,4,18,1852,1,2.14,24.4,83.7,23.7
070C26I677659768G1,AGM70_G1,1,2026-09-11,204.007,207.915,203.224,208.047,209.471,202.24,44.68,46.09,43.82,46.28,45.17,46.45,636.3,73.9,2.06,6,9,2367,4,2.11,23.3,70.9,23.5
070C26J711561178G1,AGM70_G1,3,2026-10-09,207.992,206.405,204.733,206.258,203.181,204.375,43.87,44.15,44.4,44.58,44.06,44.1,640.3,53.7,2.08,2,11,1968,2,2.08,27.9,83.8,26.2
070C26J067149583G1,AGM70_G1,4,2026-10-23,198.451,201.554,202.264,210.233,204.261,202.658,44.33,45.89,44.65,45.68,43.96,46.48,633.0,50.8,2.11,2,11,1484,3,2.09,28.9,81.5,31.2
070C26J021600747G1,AGM70_G1,3,2026-10-15,206.292,206.133,205.296,210.577,205.253,200.033,45.13,43.94,44.41,45.4,43.39,44.43,621.9,56.8,2.08,8,18,1766,3,2.1,28.7,81.1,19.8
070C26J061662047G1,AGM70_G1,3,2026-10-22,203.848,203.608,199.765,201.562,202.807,203.424,44.08,45.73,44.71,46.41,45.23,43.8,637.6,56.3,2.12,5,13,1627,2,2.11,28.2,70.0,26.7
070C26J099421778G1,AGM70_G1,4,2026-10-12,211.269,210.689,210.865,212.102,210.64,210.118,45.13,44.42,44.54,46.23,45.45,43.56,633.9,54.5,2.04,6,15,1762,5,2.16,22.2,75.0,24.1
070C26J923977694G1,AGM70_G1,2,2026-10-02,212.795,216.371,217.059,219.408,218.154,209.111,45.23,44.79,44.77,45.52,44.54,45.6,621.5,63.1,2.02,6,11,1956,3,2.12,30.1,74.2,26.6
070C26J473990213G1,AGM70_G1,3,2026-10-13,207.269,200.819,209.101,217.347,204.384,214.229,44.18,44.73,43.7,45.83,43.09,45.37,637.6,55.0,2.01,6,12,2094,4,2.08,30.8,84.8,23.0
070C26J897860915G1,AGM70_G1,3,2026-10-27,207.811,205.216,202.847,202.769,206.473,208.222,44.66,45.69,45.85,44.4,44.84,43.24,638.9,51.1,1.98,4,7,1766,3,2.05,27.2,79.3,26.2
070C26J830231250G1,AGM70_G1,3,2026-10-15,214.309,213.551,214.559,213.284,209.342,212.023,45.47,43.09,45.02,46.09,42.56,44.65,617.9,45.7,2.07,5,3,1686,4,2.01,22.4,81.7,27.4
070C26J453172300G1,AGM70_G1,3,2026-10-19,217.088,217.251,216.065,217.634,226.964,216.641,45.74,44.5,44.29,44.41,45.29,45.54,652.5,30.8,2.07,6,2,1474,2,2.15,22.8,85.2,22.1
070C26J110388991G1,AGM70_G1,2,2026-10-03,206.858,209.246,215.472,210.46,211.344,212.482,44.5,45.4,46.52,44.23,45.93,43.8,634.6,46.3,2.03,1,18,1816,4,2.15,25.8,85.5,20.1
070C26J730790214G1,AGM70_G1,4,2026-10-02,206.548,210.64,210.742,212.384,207.599,210.165,47.03,44.84,45.34,43.76,44.38,44.51,620.0,51.0,2.05,4,8,1533,2,2.09,27.4,71.8,26.3
070C26J779509984G1,AGM70_G1,5,2026-10-01,207.335,206.494,205.095,207.156,204.144,204.066,45.81,45.16,44.27,45.35,42.48,44.8,622.2,54.8,1.99,6,4,2190,3,2.12,26.2,74.9,26.7
070C26K041870518G1,AGM70_G1,1,2026-11-25,207.743,205.535,203.57,206.936,203.417,206.373,44.53,45.24,43.82,46.46,45.6,43.74,608.0,46.9,2.02,2,10,1741,3,2.06,25.1,71.8,19.7
070C26K006382238G1,AGM70_G1,3,2026-11-20,215.308,207.683,210.604,219.405,211.46,212.732,45.25,45.93,46.64,44.84,46.11,44.41,643.5,51.6,2.07,6,2,1734,4,2.08,23.5,74.4,31.2
070C26K188842556G1,AGM70_G1,4,2026-11-11,198.488,203.785,201.853,206.047,201.785,204.093,44.53,47.03,45.59,45.14,46.02,44.05,604.6,48.9,2.05,4,6,2122,4,2.16,23.9,72.8,20.4
070C26K122334458G1,AGM70_G1,3,2026-11-27,207.145,205.3,204.162,204.026,204.333,203.528,44.36,44.65,46.02,45.11,44.7,45.41,649.2,38.7,2.02,4,11,1789,1,2.08,21.9,78.8,28.4
070C26K146136291G1,AGM70_G1,1,2026-11-05,220.165,216.391,213.615,212.927,222.346,219.823,46.03,44.28,44.05,45.8,45.53,44.63,642.1,64.3,2.03,5,9,1773,3,2.09,28.4,70.0,23.3
070C26K602581531G1,AGM70_G1,3,2026-11-11,206.953,206.747,202.028,207.428,208.467,214.948,46.11,44.56,45.06,44.58,44.72,45.6,642.7,49.4,2.06,3,8,1650,2,2.11,26.6,80.8,25.3
070C26K601503230G1,AGM70_G1,2,2026-11-12,211.22,214.38,215.31,213.425,211.783,217.613,44.69,44.88,44.32,43.99,44.61,44.68,623.9,40.1,2.04,2,6,1761,2,2.11,27.2,85.9,24.3
070C26K728116982G1,AGM70_G1,4,2026-11-13,207.089,205.457,203.687,209.916,207.578,208.799,45.48,44.55,45.84,45.33,45.91,45.75,617.3,53.8,2.07,6,6,1390,3,2.1,21.4,76.2,22.8
070C26K375965301G1,AGM70_G1,4,2026-11-06,200.599,201.0,200.297,201.02,199.993,199.255,44.51,45.68,47.49,45.82,45.25,47.02,628.3,46.0,2.09,9,8,1761,5,2.11,19.3,72.4,21.1
070C26K719677932G1,AGM70_G1,2,2026-11-05,214.624,211.475,210.63,213.354,212.701,211.183,44.99,45.72,46.36,45.13,42.53,46.06,610.8,46.5,2.12,7,7,1376,3,2.04,25.3,78.0,31.6
070C26K476698422G1,AGM70_G1,4,2026-11-13,211.089,207.808,203.165,207.577,212.23,206.998,45.4,43.81,44.71,43.92,44.15,44.88,631.2,60.9,2.06,4,12,1945,2,2.11,23.4,75.3,23.5
070C26K541834067G1,AGM70_G1,4,2026-11-25,213.503,207.595,211.816,211.349,213.879,209.909,44.64,45.67,44.45,45.36,45.79,44.5,624.6,46.7,2.07,5,12,1142,2,2.12,23.2,81.2,26.0
070C26K102929640G1,AGM70_G1,3,2026-11-05,206.839,217.052,215.524,204.813,212.428,213.47,43.77,44.93,43.41,45.84,44.45,44.64,619.2,47.4,2.06,5,9,2032,2,2.09,28.0,75.3,25.6
070C26L138313938G1,AGM70_G1,4,2026-12-13,216.573,220.202,218.796,219.395,217.299,224.312,43.71,47.04,46.16,45.58,46.28,44.38,637.7,44.3,2.04,5,10,1795,5,2.09,18.4,78.7,23.1
070C26L737175076G1,AGM70_G1,3,2026-12-27,205.724,207.238,207.594,207.742,205.21,205.531,45.19,45.59,45.72,45.49,44.78,44.66,620.0,47.0,2.05,7,13,1700,4,2.1,26.3,80.9,29.2
070C26L302613217G1,AGM70_G1,2,2026-12-07,207.835,207.525,204.903,207.947,204.098,207.113,45.5,44.9,44.02,46.41,45.59,45.29,613.7,42.8,2.0,5,12,2059,4,2.12,24.2,78.7,26.7
070C26L492214720G1,AGM70_G1,3,2026-12-14,205.115,205.563,205.665,203.924,204.935,204.623,43.74,44.62,44.9,45.23,44.47,44.86,658.1,39.2,2.07,5,13,2383,2,2.04,25.8,75.8,23.3
070C26L408958555G1,AGM70_G1,5,2026-12-17,211.945,210.21,210.326,210.069,208.458,210.424,44.15,45.41,44.41,43.98,43.96,44.53,622.2,38.4,2.05,5,6,1552,1,2.07,26.1,86.0,24.1
070C26L607937899G1,AGM70_G1,3,2026-12-02,215.208,217.731,215.533,214.501,209.843,206.957,46.43,46.46,45.49,43.82,45.27,44.42,618.0,59.5,2.06,4,9,2139,3,2.09,23.5,73.0,28.8
070C26L585865856G1,AGM70_G1,4,2026-12-06,208.721,206.474,206.161,197.986,212.661,205.81,44.56,45.25,45.19,43.91,43.5,44.87,603.5,51.7,2.02,2,8,1271,2,2.07,21.8,80.8,24.6
070C26L434994636G1,AGM70_G1,4,2026-12-24,206.349,200.242,201.155,202.274,207.909,198.006,46.07,46.2,43.91,45.75,44.27,45.06,640.3,45.1,2.02,3,11,1027,4,2.08,20.7,77.3,20.8
070C26L514180321G1,AGM70_G1,5,2026-12-25,210.18,209.986,209.29,206.901,204.678,206.158,48.24,44.03,44.32,44.08,45.21,44.69,620.0,49.5,2.11,6,11,2039,1,2.11,29.5,70.0,24.9
070C26L669021512G1,AGM70_G1,2,2026-12-27,203.391,208.492,209.305,208.948,209.877,205.347,47.02,43.67,44.68,44.58,47.01,46.17,633.3,39.7,2.07,6,11,1381,4,2.08,27.3,81.0,24.2
070C26L540006929G1,AGM70_G1,2,2026-12-07,214.902,212.107,210.552,214.243,208.84,218.146,44.21,45.02,43.82,44.91,45.94,44.0,630.2,64.9,2.07,8,10,1474,5,2.13,18.6,72.5,22.2
070C26L680664310G1,AGM70_G1,2,2026-12-13,217.192,209.292,207.165,210.948,214.075,204.847,46.74,45.44,44.51,44.46,45.69,46.29,637.1,57.7,2.02,7,14,1558,3,2.09,23.1,80.4,20.9
070C26L131842382G1,AGM70_G1,2,2026-12-11,202.028,200.53,202.587,209.637,206.848,204.224,45.35,45.17,44.79,46.1,46.81,44.81,641.1,41.3,2.05,1,9,1465,4,2.1,25.6,83.2,29.0
070C26A269652185H1,AGM70_H1,3,2026-01-04,203.319,199.514,202.757,205.331,204.368,202.292,43.97,45.12,45.03,46.03,43.6,45.14,626.5,44.5,2.02,4,3,1911,4,2.07,24.8,78.8,27.4
070C26A832191116H1,AGM70_H1,3,2026-01-09,208.193,213.991,208.266,203.52,213.03,213.079,43.24,45.28,43.64,45.95,45.23,45.14,653.3,53.1,2.05,6,3,2291,3,2.07,23.4,78.8,26.6
070C26A279341495H1,AGM70_H1,2,2026-01-25,216.842,219.627,216.872,215.55,221.592,218.465,45.09,42.85,44.27,45.63,44.14,45.98,640.3,55.0,2.0,6,11,1724,5,2.15,23.5,74.0,29.0
070C26A460843642H1,AGM70_H1,2,2026-01-07,207.162,201.05,207.213,204.232,209.234,207.855,44.18,45.05,45.49,45.23,45.43,46.1,630.5,49.4,2.03,1,11,1909,3,2.12,27.8,76.0,25.1
070C26A488750853H1,AGM70_H1,3,2026-01-24,215.746,212.417,211.102,215.265,209.706,210.293,45.79,44.46,44.02,46.24,47.13,44.68,613.6,48.0,2.05,3,12,1748,2,2.08,24.1,78.7,23.4
070C26A082427938H1,AGM70_H1,4,2026-01-10,207.79,208.325,205.018,206.217,202.599,208.718,46.64,44.3,44.43,44.39,45.45,43.53,642.7,41.9,1.97,5,18,1167,4,2.05,27.0,78.1,23.4
070C26A859703633H1,AGM70_H1,2,2026-01-09,215.581,213.79,218.438,214.668,216.035,213.663,44.93,44.51,45.49,45.79,44.53,46.08,642.0,49.3,2.09,8,6,1675,4,2.09,19.5,77.0,29.1
070C26A084355113H1,AGM70_H1,3,2026-01-09,208.423,201.021,205.67,204.937,208.039,204.741,44.66,44.81,44.74,43.68,46.38,44.04,615.4,48.1,2.08,7,13,1789,4,2.14,18.6,81.9,24.2
070C26A772631039H1,AGM70_H1,4,2026-01-03,201.535,200.717,205.246,201.907,205.324,202.497,44.87,43.31,45.3,44.31,44.84,43.71,640.5,37.0,2.03,3,15,2227,4,2.08,23.7,78.9,26.4
070C26A526588786H1,AGM70_H1,2,2026-01-19,205.659,200.833,214.534,211.543,205.659,203.32,45.23,45.34,43.59,46.06,44.61,43.3,628.0,54.1,2.07,5,15,1883,2,2.06,27.0,80.3,23.4
070C26A074643758H1,AGM70_H1,3,2026-01-25,219.995,209.316,209.178,210.905,212.966,213.598,43.31,44.23,45.26,45.68,45.16,45.12,623.4,39.1,2.05,1,13,2080,2,2.08,20.5,80.5,19.5
070C26A533472113H1,AGM70_H1,3,2026-01-14,210.156,207.981,214.727,209.998,205.389,201.89,44.97,45.51,44.13,44.56,44.46,44.22,608.2,57.8,2.09,6,14,2405,1,2.09,27.7,73.5,25.2
070C26A059736580H1,AGM70_H1,4,2026-01-23,212.726,214.601,210.838,213.455,215.673,211.044,45.32,43.98,44.63,44.57,45.0,45.02,627.1,33.4,2.06,7,11,2045,3,2.06,23.2,78.4,17.8
070C26B250768812H1,AGM70_H1,4,2026-02-21,203.784,201.047,201.874,204.931,207.017,198.675,45.63,44.3,42.59,43.23,45.14,45.55,634.8,53.4,2.05,7,14,2047,3,2.12,28.1,76.7,27.0
070C26B703445614H1,AGM70_H1,4,2026-02-16,210.842,214.742,209.405,211.802,212.565,212.208,45.21,45.14,44.0,46.84,47.4,44.35,617.6,50.9,2.08,4,18,1186,3,2.05,25.2,71.7,20.8
070C26B004583546H1,AGM70_H1,4,2026-02-09,208.921,209.295,208.695,209.385,207.794,209.668,45.73,44.7,44.55,44.56,46.63,44.7,628.5,45.4,2.09,1,4,1637,3,2.11,23.3,83.7,21.9
070C26B269201052H1,AGM70_H1,2,2026-02-09,202.299,207.973,213.969,206.323,210.318,204.085,43.39,45.35,45.42,44.28,44.96,44.46,640.8,56.1,2.01,5,10,2131,3,2.08,20.2,75.4,19.6
070C26B268784563H1,AGM70_H1,1,2026-02-27,207.798,214.166,210.574,208.523,214.609,213.568,44.02,45.7,45.75,46.34,45.35,44.67,620.9,47.6,2.05,3,15,1738,2,2.12,24.3,75.3,24.9
070C26B305612233H1,AGM70_H1,3,2026-02-25,209.125,203.52,202.353,203.535,205.863,204.772,44.79,43.87,44.82,47.42,45.25,46.5,640.3,52.4,2.02,6,8,1824,2,2.08,22.3,79.5,26.4
070C26B614059155H1,AGM70_H1,3,2026-02-18,214.606,211.066,209.387,218.476,212.467,217.121,45.44,43.96,42.0,44.82,45.76,46.16,624.6,29.0,2.01,4,12,1715,4,2.1,25.8,82.0,20.0
070C26B099325132H1,AGM70_H1,4,2026-02-14,207.66,207.194,202.307,205.071,204.902,207.149,44.05,45.92,46.18,44.96,43.55,42.93,635.0,57.6,2.08,8,11,1676,3,2.11,24.6,70.0,30.9
070C26B841066946H1,AGM70_H1,3,2026-02-11,208.819,206.374,210.465,211.697,208.921,204.8,45.63,46.29,45.41,44.13,44.49,46.91,658.3,50.0,2.01,3,9,1747,2,2.12,26.1,81.3,23.5
070C26B706985532H1,AGM70_H1,2,2026-02-16,207.279,200.362,212.001,215.161,200.707,212.965,44.98,42.51,44.11,45.49,46.88,46.6,639.7,54.1,2.07,4,11,2080,4,2.14,29.6,81.9,27.0
070C26B232883539H1,AGM70_H1,2,2026-02-17,205.12,213.408,205.234,207.141,207.566,212.151,44.85,44.7,44.69,44.61,45.67,43.82,624.9,52.0,2.02,6,14,1697,3,2.07,22.0,83.2,23.6
070C26B131167445H1,AGM70_H1,5,2026-02-06,213.266,211.187,206.054,208.905,212.275,213.718,46.13,44.83,44.3,45.37,45.77,43.11,659.3,53.9,2.04,2,11,1554,3,2.08,24.6,84.5,25.0
070C26B132020517H1,AGM70_H1,3,2026-02-06,201.167,200.001,200.228,203.399,201.14,201.984,42.94,46.91,44.78,45.73,45.0,43.76,632.4,51.1,2.06,2,11,2370,4,2.05,27.0,82.3,26.6
070C26C068016326H1,AGM70_H1,2,2026-03-23,211.401,213.647,210.578,213.186,212.215,211.878,46.12,44.64,44.28,46.47,45.14,44.73,643.7,39.3,2.08,6,12,1959,4,2.11,26.2,84.2,21.5
070C26C943896013H1,AGM70_H1,4,2026-03-18,206.656,213.632,209.738,212.427,205.82,212.002,45.36,45.45,45.02,45.18,44.45,45.53,649.0,61.3,1.99,4,9,1733,3,2.12,25.1,73.9,27.8
070C26C285092947H1,AGM70_H1,4,2026-03-22,214.427,215.5,212.556,214.812,214.221,209.429,45.2,43.82,44.46,45.06,46.26,45.38,638.2,54.1,2.01,4,2,1887,1,2.15,26.2,80.6,24.7
070C26C889568459H1,AGM70_H1,5,2026-03-11,217.448,211.202,224.841,209.617,212.065,217.313,46.09,45.25,45.49,45.31,44.52,44.64,640.6,49.0,2.02,6,6,1851,2,2.08,24.1,83.8,22.2
070C26C329444009H1,AGM70_H1,2,2026-03-23,218.434,220.085,217.127,212.067,219.257,215.963,44.88,44.32,45.41,45.67,44.8,46.83,640.9,52.3,2.08,7,10,1662,4,2.09,24.6,84.2,29.0
070C26C529789615H1,AGM70_H1,2,2026-03-02,203.409,211.29,204.232,202.348,205.475,204.763,46.16,45.66,42.42,45.63,45.21,44.21,667.1,54.6,2.01,7,13,1572,2,2.14,22.8,85.6,23.7
070C26C135182289H1,AGM70_H1,4,2026-03-20,203.389,205.54,208.118,207.868,207.383,205.041,44.9,46.07,45.18,44.29,44.49,44.65,628.1,46.0,2.07,6,12,1799,4,2.06,23.5,72.4,26.6
070C26C745906210H1,AGM70_H1,1,2026-03-22,203.128,207.794,202.576,209.015,206.082,211.448,45.56,45.49,46.21,43.62,45.37,46.07,626.3,52.0,2.04,7,13,1468,5,2.08,30.1,75.5,31.8
070C26C366399487H1,AGM70_H1,2,2026-03-18,203.766,203.352,208.429,204.912,204.484,208.111,44.27,46.44,44.91,44.86,45.38,44.82,618.4,54.4,2.1,5,9,2165,2,2.11,21.4,73.6,28.0
070C26C005297546H1,AGM70_H1,3,2026-03-21,199.624,199.807,197.426,198.937,203.882,196.952,46.42,43.75,44.56,44.33,43.7,46.0,647.9,51.1,2.06,6,3,1682,2,2.12,25.4,77.1,26.9
070C26C288530882H1,AGM70_H1,4,2026-03-23,212.413,217.68,214.479,216.654,215.154,212.283,43.66,47.32,44.85,46.23,44.33,45.55,631.0,50.6,2.06,10,9,1446,2,2.18,22.3,73.6,22.5
070C26C742567539H1,AGM70_H1,5,2026-03-11,216.36,218.75,207.904,217.04,205.398,222.175,44.52,43.82,44.28,45.03,46.98,45.91,619.9,56.4,2.02,7,20,1792,3,2.09,25.7,82.1,29.5
070C26C310500900H1,AGM70_H1,2,2026-03-16,208.732,208.972,208.607,208.728,209.247,207.91,45.96,45.15,44.75,45.23,44.48,44.73,651.5,45.1,2.08,4,13,1515,4,2.09,24.5,71.9,19.8
070C26D434363372H1,AGM70_H1,3,2026-04-12,212.803,207.513,211.166,207.923,210.19,212.397,46.17,44.4,43.81,43.68,44.69,46.33,636.8,60.2,2.1,8,10,1294,4,2.08,28.2,72.2,25.8
070C26D111033676H1,AGM70_H1,2,2026-04-01,210.41,214.514,213.11,214.879,217.258,216.638,43.66,46.48,44.37,45.58,45.38,45.72,625.0,51.5,2.05,5,13,1698,5,2.12,32.4,85.9,24.4
070C26D199498577H1,AGM70_H1,4,2026-04-13,204.174,210.196,209.42,205.886,204.304,209.439,44.2,45.6,44.99,44.97,44.44,44.5,623.6,52.2,2.04,6,9,1813,2,2.14,24.0,70.2,19.6
070C26D690569187H1,AGM70_H1,5,2026-04-13,206.76,201.121,210.528,203.636,203.132,194.054,42.98,44.52,45.58,45.64,46.29,44.85,632.5,58.0,2.12,8,3,2258,4,2.16,18.2,77.2,28.3
070C26D708627807H1,AGM70_H1,4,2026-04-10,205.498,208.455,198.376,206.689,206.114,209.981,44.18,43.36,45.59,46.18,43.9,44.63,633.5,45.0,2.13,6,8,1832,3,2.05,25.8,79.5,24.0
070C26D487645504H1,AGM70_H1,3,2026-04-22,212.747,202.74,210.31,207.413,210.674,212.816,43.59,44.01,45.48,45.37,44.14,45.54,631.9,51.6,2.04,8,6,1668,4,2.14,32.1,70.8,19.3
070C26D533391079H1,AGM70_H1,2,2026-04-14,210.928,205.913,209.625,209.846,203.959,204.456,44.44,46.39,44.59,44.36,47.08,44.72,627.1,43.9,2.05,3,6,2207,4,2.12,27.8,74.1,24.5
070C26D419371159H1,AGM70_H1,3,2026-04-14,218.449,209.675,213.281,209.944,207.772,216.634,45.5,45.47,43.76,45.63,44.94,43.65,640.1,60.4,2.07,9,15,1600,3,2.13,28.4,73.0,24.1
070C26D597162698H1,AGM70_H1,5,2026-04-13,217.25,221.274,208.62,212.683,209.955,207.281,47.25,44.11,44.63,43.21,45.33,46.05,628.4,60.8,2.03,7,11,1520,3,2.12,26.2,79.0,19.7
070C26D632839278H1,AGM70_H1,3,2026-04-06,217.506,215.066,217.562,213.975,220.502,220.196,43.68,45.89,44.77,47.2,44.35,45.15,626.8,41.9,2.06,6,14,1956,3,2.08,23.8,77.1,27.9
070C26D208451739H1,AGM70_H1,2,2026-04-25,212.576,206.731,216.434,205.24,208.871,208.789,46.37,44.95,44.38,46.1,44.79,45.6,615.0,49.5,2.05,6,6,2022,2,2.11,21.0,75.1,28.3
070C26D091799521H1,AGM70_H1,2,2026-04-13,215.836,214.091,218.14,218.322,217.556,212.807,44.71,44.8,44.52,44.13,43.48,45.6,622.3,42.7,1.97,5,8,1688,4,2.11,28.9,80.0,26.2
070C26D459977194H1,AGM70_H1,2,2026-04-26,209.934,207.179,205.938,203.25,205.221,208.168,45.87,45.67,44.68,43.85,43.92,44.39,628.0,47.4,1.99,4,17,1316,3,2.11,29.0,74.2,27.8
070C26E699376525H1,AGM70_H1,1,2026-05-15,208.075,211.191,210.957,208.258,210.544,209.822,46.05,45.57,45.16,45.07,44.5,45.25,609.1,48.0,2.0,1,1,1799,2,2.08,24.6,73.2,24.9
070C26E228742659H1,AGM70_H1,3,2026-05-10,212.766,211.302,209.311,211.623,205.609,211.744,43.04,42.47,44.21,44.95,44.93,45.76,620.6,48.9,2.08,1,11,1690,5,2.12,18.4,87.3,26.3
070C26E896356783H1,AGM70_H1,3,2026-05-20,210.058,213.622,211.723,215.912,213.606,214.175,47.15,44.82,44.99,44.56,44.54,47.08,646.6,56.8,2.09,6,15,1602,5,2.05,25.2,70.2,23.2
070C26E467044501H1,AGM70_H1,2,2026-05-05,210.19,208.658,209.981,211.298,209.629,205.509,45.5,46.01,45.66,44.59,46.33,45.97,637.8,49.8,2.0,8,11,1859,3,2.12,28.5,78.5,26.1
070C26E288616093H1,AGM70_H1,4,2026-05-04,204.736,216.072,204.159,214.625,213.673,213.297,44.77,44.97,44.72,44.09,45.81,44.7,652.9,61.1,2.05,4,8,1157,3,2.09,25.6,78.5,26.5
070C26E031624369H1,AGM70_H1,4,2026-05-08,210.509,210.383,207.397,208.836,207.776,212.894,45.85,44.01,45.63,45.66,45.38,45.58,634.4,53.7,2.07,1,3,1833,4,2.11,30.5,80.9,25.7
070C26E847587770H1,AGM70_H1,4,2026-05-05,209.936,209.558,215.809,208.253,207.593,205.146,45.65,45.12,44.77,45.83,44.88,45.5,646.4,38.8,1.98,8,14,2013,3,2.15,28.6,87.5,27.6
070C26E918821921H1,AGM70_H1,3,2026-05-05,212.069,212.515,207.289,212.196,210.751,210.548,45.53,45.07,46.68,42.54,44.58,43.76,645.3,50.1,2.11,8,15,2061,3,2.11,30.9,73.5,22.7
070C26E116230236H1,AGM70_H1,3,2026-05-08,210.783,219.746,212.676,213.361,210.85,212.759,47.09,44.68,44.84,43.6,45.58,44.59,644.8,50.7,2.05,2,18,1823,3,2.05,21.7,72.4,22.6
070C26E490835408H1,AGM70_H1,3,2026-05-20,210.435,207.805,207.549,203.656,209.212,204.903,46.65,45.38,44.48,45.27,44.48,45.75,624.1,50.4,1.97,7,8,2005,4,2.11,27.4,84.3,20.4
070C26E741378779H1,AGM70_H1,3,2026-05-16,208.002,209.407,209.478,206.955,206.149,211.963,44.62,44.15,42.62,45.83,45.67,47.54,622.8,32.4,2.08,4,11,2113,3,2.1,31.1,87.5,20.0
070C26E471338998H1,AGM70_H1,3,2026-05-06,219.513,213.864,217.914,216.688,216.644,218.671,44.23,45.74,45.69,43.06,45.31,44.09,623.4,48.5,2.03,5,5,1533,4,2.09,26.3,73.3,26.5
070C26E698321199H1,AGM70_H1,3,2026-05-20,202.549,205.466,206.513,204.951,209.382,210.94,43.51,45.35,45.66,45.99,46.79,44.69,623.1,41.9,2.05,6,8,1995,1,2.03,27.2,78.5,23.0
070C26F120802759H1,AGM70_H1,4,2026-06-06,216.969,216.366,215.486,216.666,214.064,219.071,46.04,45.1,44.63,45.21,44.01,46.09,628.2,47.9,2.08,9,8,1779,3,2.1,26.3,76.9,22.3
070C26F991459807H1,AGM70_H1,4,2026-06-20,217.351,215.017,214.894,216.747,218.754,211.165,43.86,45.62,44.02,44.59,43.75,44.16,633.8,57.6,2.05,7,8,1837,2,2.13,21.1,77.3,26.7
070C26F420560902H1,AGM70_H1,4,2026-06-26,213.951,212.238,211.52,216.008,217.754,212.728,45.46,44.52,47.13,45.75,45.79,45.32,613.3,67.2,2.01,8,14,1784,2,2.11,25.2,74.5,24.8
070C26F549294115H1,AGM70_H1,5,2026-06-06,208.784,207.522,207.924,210.283,205.273,210.337,46.16,46.18,45.44,45.78,44.91,44.61,621.5,54.8,2.0,6,5,1699,4,2.11,24.9,71.0,18.0
070C26F000686087H1,AGM70_H1,3,2026-06-08,215.433,212.476,210.826,213.977,214.125,210.471,45.08,44.62,43.92,45.24,46.24,44.25,622.8,54.9,2.06,6,14,1958,3,2.06,25.6,77.0,25.4
070C26F808747070H1,AGM70_H1,3,2026-06-03,221.811,216.388,217.676,223.973,217.13,218.777,45.95,44.47,44.95,44.6,45.64,44.73,633.8,44.4,2.01,3,9,1563,3,2.11,22.9,84.3,28.4
070C26F021392223H1,AGM70_H1,2,2026-06-04,214.273,208.672,213.652,212.701,210.703,214.539,45.26,44.03,44.29,45.5,44.66,44.18,618.7,46.3,2.05,5,13,1481,3,2.09,31.2,78.4,21.9
070C26F113879964H1,AGM70_H1,4,2026-06-14,210.989,213.319,211.247,209.139,211.275,214.117,46.23,45.36,44.86,46.15,45.78,44.73,609.1,39.3,2.04,5,14,2010,3,2.11,26.9,83.3,25.0
070C26F667164529H1,AGM70_H1,3,2026-06-26,210.945,210.586,210.043,209.446,210.565,211.259,45.17,45.5,45.89,43.47,42.43,44.99,634.5,33.2,2.12,3,10,1938,3,2.09,23.6,73.8,29.6
070C26F501637112H1,AGM70_H1,3,2026-06-05,205.382,206.956,206.519,208.698,207.232,204.706,44.08,44.5,45.71,45.06,44.39,44.21,623.3,44.8,2.08,4,15,2106,4,2.16,24.4,78.8,20.0
070C26F289728925H1,AGM70_H1,2,2026-06-13,212.6,211.91,218.47,211.697,212.364,213.734,47.36,46.75,44.2,46.09,43.68,45.41,638.9,54.1,2.09,6,4,1962,2,2.1,26.8,75.2,29.0
070C26F025620773H1,AGM70_H1,2,2026-06-25,211.706,204.977,201.989,206.927,201.126,206.062,45.4,45.41,45.48,44.03,42.97,44.61,648.8,67.7,2.09,5,13,1934,1,2.11,29.6,70.0,31.7
070C26F571417824H1,AGM70_H1,3,2026-06-19,206.071,205.808,211.677,209.521,212.957,212.797,43.87,44.52,43.84,45.42,44.75,44.98,629.6,54.5,2.07,6,11,1525,4,2.05,24.1,83.1,23.3
070C26G023772414H1,AGM70_H1,3,2026-07-27,209.319,207.838,207.573,209.783,209.85,210.778,44.37,46.46,45.06,45.15,45.59,45.67,631.8,41.7,2.1,4,12,1031,2,2.09,24.2,77.7,25.0
070C26G523065148H1,AGM70_H1,2,2026-07-17,208.252,204.314,208.645,204.94,207.442,209.083,43.83,45.57,45.34,44.14,44.37,45.42,635.8,62.2,2.02,7,15,1512,4,2.09,23.8,70.3,23.2
070C26G937238257H1,AGM70_H1,3,2026-07-07,217.734,219.924,209.173,219.724,211.173,216.457,45.06,44.64,45.63,45.66,44.38,46.64,622.1,46.1,2.1,9,11,1800,4,2.11,25.4,80.5,22.9
070C26G156184139H1,AGM70_H1,4,2026-07-23,213.553,216.38,212.063,219.131,214.678,210.205,45.0,43.41,45.65,45.59,45.38,44.77,645.9,39.0,2.06,5,9,1949,2,2.13,27.6,79.9,26.4
070C26G235508976H1,AGM70_H1,5,2026-07-07,210.992,210.711,206.32,203.048,204.855,202.933,43.58,46.03,45.64,44.91,44.2,45.35,625.8,52.2,2.04,8,9,1773,3,2.07,18.7,70.0,24.9
070C26G767645048H1,AGM70_H1,1,2026-07-09,206.844,207.348,207.869,207.934,209.349,211.29,45.95,45.61,43.39,46.01,43.33,44.84,606.3,36.4,2.0,6,4,1999,4,2.08,23.0,75.9,22.2
070C26G116842903H1,AGM70_H1,3,2026-07-01,209.786,210.044,207.314,209.183,208.129,202.927,43.74,44.32,45.7,45.55,45.98,44.66,622.2,54.4,2.01,5,13,1689,3,2.15,29.5,71.3,24.2
070C26G255332456H1,AGM70_H1,3,2026-07-08,207.265,211.169,212.636,212.239,211.814,210.266,45.02,44.69,45.06,45.56,42.57,44.7,626.8,47.5,2.12,8,5,1225,2,2.05,21.5,73.5,18.2
070C26G931810313H1,AGM70_H1,4,2026-07-10,210.98,208.824,211.029,217.487,216.987,212.912,43.78,45.57,44.94,46.98,45.12,45.67,631.1,45.9,2.09,6,4,1942,2,2.09,21.6,82.4,25.4
070C26G744386311H1,AGM70_H1,3,2026-07-10,208.774,205.959,206.467,208.555,206.036,207.507,44.71,45.39,44.99,43.45,44.11,43.57,659.5,51.1,2.07,8,13,1359,4,2.14,31.0,74.8,26.9
070C26G204564520H1,AGM70_H1,4,2026-07-11,204.58,205.259,205.372,204.654,207.416,201.818,45.8,43.89,46.9,44.52,44.43,45.08,639.3,43.4,2.11,5,11,2053,2,2.12,24.1,73.9,21.4
070C26G101057994H1,AGM70_H1,2,2026-07-09,201.313,204.992,202.561,210.06,201.835,203.693,45.65,43.82,42.9,45.61,46.09,43.98,629.7,48.6,2.07,6,10,1512,4,2.1,25.1,75.9,26.3
070C26G496486326H1,AGM70_H1,4,2026-07-01,211.418,214.011,211.63,213.214,208.615,215.242,47.06,46.41,44.72,43.61,44.72,45.28,612.3,43.4,2.11,7,8,1556,3,2.08,21.3,81.8,17.4
070C26H555152075H1,AGM70_H1,4,2026-08-15,214.604,210.549,211.756,211.706,218.972,215.098,44.45,43.77,45.1,46.04,43.83,46.17,611.7,54.0,2.04,4,11,1861,5,2.1,22.0,74.9,21.7
070C26H230625006H1,AGM70_H1,3,2026-08-03,207.964,209.004,219.147,216.046,212.923,210.427,44.72,43.91,43.8,44.53,44.08,45.2,631.0,62.0,2.09,7,17,1967,3,2.11,27.7,73.1,28.3
070C26H713715806H1,AGM70_H1,4,2026-08-06,201.497,205.362,202.636,202.93,202.293,206.823,45.73,46.65,45.07,44.49,45.1,44.27,633.1,41.3,2.05,5,15,2524,2,2.09,32.0,86.5,22.7
070C26H778924702H1,AGM70_H1,2,2026-08-12,209.137,212.215,209.149,205.872,216.081,217.032,46.66,44.92,46.97,45.22,45.79,46.29,629.2,50.5,2.08,7,14,1945,2,2.04,24.4,79.2,24.4
070C26H133305976H1,AGM70_H1,3,2026-08-03,208.75,207.828,209.14,209.08,208.665,208.859,46.13,46.67,45.9,45.45,45.16,44.99,662.1,40.2,2.1,3,5,1253,2,2.07,27.9,79.3,23.8
070C26H067950623H1,AGM70_H1,1,2026-08-21,203.085,209.501,206.007,208.753,211.267,205.04,44.73,44.37,44.99,45.7,46.02,46.04,624.1,60.6,2.04,5,12,1540,3,2.08,23.9,70.1,25.8
070C26H610249414H1,AGM70_H1,2,2026-08-16,209.432,213.598,211.203,218.204,216.906,217.596,44.7,45.99,43.12,45.17,44.63,43.18,653.1,54.2,2.05,4,12,2124,1,2.1,23.9,81.3,23.7
070C26H742602153H1,AGM70_H1,2,2026-08-20,213.43,217.775,211.944,209.234,206.248,220.018,45.11,45.1,46.91,43.81,45.38,44.37,621.8,49.5,2.04,4,12,1464,2,2.15,29.8,78.3,27.9
070C26H780778674H1,AGM70_H1,4,2026-08-16,217.671,219.874,218.427,216.165,218.601,218.56,44.04,45.46,46.88,43.68,45.43,45.52,631.1,44.2,2.02,3,6,1453,4,2.11,27.7,77.7,23.1
070C26H325949734H1,AGM70_H1,2,2026-08-19,205.57,212.836,209.344,207.564,210.899,206.508,46.21,45.06,43.99,44.99,45.06,43.54,665.0,40.9,2.05,3,11,2082,4,2.11,23.4,76.2,22.9
070C26H380980189H1,AGM70_H1,3,2026-08-14,215.343,213.725,212.532,216.578,211.889,212.866,45.72,45.52,43.71,44.87,45.9,45.15,631.2,39.0,2.08,7,7,1670,1,2.13,23.5,75.2,22.8
070C26H905776812H1,AGM70_H1,2,2026-08-17,210.896,210.751,216.994,215.347,214.646,214.843,45.98,45.8,44.88,43.37,43.81,46.46,640.5,45.3,1.99,6,6,1525,3,2.06,25.1,79.8,26.9
070C26H648901922H1,AGM70_H1,3,2026-08-06,212.728,208.389,210.397,212.903,208.406,206.441,44.59,42.93,45.07,46.07,47.87,45.99,625.0,53.9,2.07,5,4,1507,1,2.1,18.6,73.4,23.6
070C26I027313037H1,AGM70_H1,4,2026-09-23,211.019,208.75,210.063,214.424,213.777,208.192,43.45,45.18,46.83,44.33,44.37,45.46,640.7,54.5,2.04,4,13,1825,3,2.2,22.3,70.6,22.2
070C26I267994347H1,AGM70_H1,3,2026-09-21,214.379,212.979,213.497,218.011,208.471,206.707,46.33,43.67,46.48,43.19,45.08,45.36,634.4,71.3,2.11,3,15,1883,3,2.11,25.5,72.9,30.0
070C26I853355146H1,AGM70_H1,2,2026-09-17,212.894,211.741,209.525,217.899,211.881,207.959,45.7,43.79,45.07,45.32,44.98,44.51,609.2,42.6,2.05,6,4,1909,2,2.06,23.6,79.6,22.3
070C26I072398956H1,AGM70_H1,3,2026-09-16,209.814,211.817,213.791,212.437,212.943,211.79,44.51,45.36,43.91,45.34,45.23,45.87,621.5,44.4,2.05,4,9,1862,4,2.04,21.3,72.9,27.9
070C26I264567719H1,AGM70_H1,4,2026-09-17,207.508,210.877,213.931,211.086,210.123,211.229,43.72,44.97,45.51,44.71,46.03,45.25,629.1,58.0,2.02,7,12,2077,2,2.07,27.1,73.3,21.3
070C26I181541726H1,AGM70_H1,2,2026-09-15,206.738,211.69,211.183,203.419,209.77,217.572,46.06,45.63,44.48,45.67,44.66,46.25,621.4,51.0,2.06,6,5,2275,1,2.15,22.6,78.5,25.6
070C26I523667773H1,AGM70_H1,5,2026-09-20,213.237,211.929,214.042,210.794,214.372,213.056,45.37,45.09,45.47,44.73,45.01,45.47,634.9,43.0,2.04,6,13,1696,5,2.05,25.3,75.1,24.3
070C26I375364291H1,AGM70_H1,4,2026-09-26,198.932,201.569,199.643,206.846,206.656,208.278,45.57,44.48,43.13,46.35,45.36,45.75,634.6,46.7,2.04,5,10,2428,3,2.08,25.0,80.4,21.6
070C26I272085117H1,AGM70_H1,1,2026-09-16,210.56,215.889,214.632,213.671,210.605,217.147,43.14,45.37,43.54,45.14,44.99,45.79,626.8,55.3,2.07,4,6,1756,2,2.12,26.2,71.5,20.3
070C26I303214228H1,AGM70_H1,3,2026-09-04,208.447,206.418,208.219,209.753,209.542,209.837,45.3,45.53,45.06,43.1,44.43,43.26,629.8,29.7,2.06,6,13,1953,1,2.07,30.4,80.5,27.1
070C26I662921967H1,AGM70_H1,4,2026-09-06,216.545,210.104,207.092,201.328,215.157,211.808,46.3,45.84,47.14,42.64,44.59,43.63,638.6,47.6,2.03,2,15,1468,3,2.14,21.2,79.4,25.2
070C26I680592689H1,AGM70_H1,3,2026-09-17,208.559,207.177,209.373,210.748,205.722,207.835,46.16,44.83,44.8,44.22,45.84,46.71,616.7,58.1,2.03,3,11,1843,4,2.07,26.8,77.5,22.5
070C26I566813315H1,AGM70_H1,4,2026-09-09,213.086,212.083,211.883,209.417,206.31,208.384,44.98,45.54,42.93,45.06,45.68,45.15,649.0,62.4,2.07,5,14,1435,2,2.07,26.1,74.1,28.0
070C26J344074694H1,AGM70_H1,1,2026-10-01,221.326,214.103,212.461,216.019,212.27,205.585,45.36,44.05,44.38,43.53,43.84,44.25,610.3,44.5,2.06,7,5,1914,5,2.1,19.3,84.4,19.4
070C26J744561652H1,AGM70_H1,3,2026-10-02,202.108,205.835,207.151,208.598,206.288,197.685,45.26,46.46,43.89,45.97,44.16,43.81,637.8,49.3,2.02,6,9,1901,3,2.07,26.3,80.4,28.0
070C26J115254212H1,AGM70_H1,2,2026-10-02,214.987,218.074,213.883,216.615,217.517,215.191,45.2,45.67,44.42,46.07,44.76,44.95,644.0,47.2,2.01,10,9,1230,4,2.13,26.3,77.6,20.2
070C26J218590986H1,AGM70_H1,3,2026-10-15,210.442,199.951,207.737,208.848,211.105,213.46,44.31,44.84,44.08,45.17,47.15,46.18,621.4,56.2,2.11,10,11,1264,3,2.11,23.4,74.7,26.6
070C26J328040448H1,AGM70_H1,5,2026-10-05,205.1,207.83,211.045,212.114,209.346,208.146,44.05,43.82,44.86,45.04,44.7,44.52,642.5,52.7,2.07,3,15,1641,4,2.13,24.9,82.1,24.2
070C26J507533880H1,AGM70_H1,2,2026-10-05,211.15,199.333,211.984,203.75,208.781,208.102,45.07,45.41,44.64,46.5,45.96,45.19,626.2,44.5,2.06,1,13,1477,2,2.11,28.5,86.7,30.6
070C26J676504623H1,AGM70_H1,3,2026-10-21,203.39,200.708,205.995,201.98,205.502,204.871,46.54,43.65,46.3,42.48,46.37,43.6,644.9,44.1,2.07,4,8,2021,1,2.13,24.1,78.2,28.8
070C26J823219493H1,AGM70_H1,2,2026-10-09,210.814,204.242,214.92,206.565,209.543,209.814,45.74,44.64,45.09,44.31,45.75,46.06,598.5,47.4,2.07,7,11,1932,3,2.02,28.2,76.7,28.3
070C26J159090892H1,AGM70_H1,4,2026-10-03,208.303,211.706,206.261,208.359,206.983,206.79,45.45,43.36,43.91,43.86,44.64,45.39,646.7,46.3,2.04,3,14,1279,4,2.09,21.9,81.4,29.0
070C26J593673525H1,AGM70_H1,3,2026-10-11,215.088,208.704,208.359,205.85,210.524,206.768,43.76,45.81,45.98,44.51,43.5,44.92,622.1,53.3,2.05,7,18,2206,2,2.07,21.6,77.3,22.4
070C26J509026530H1,AGM70_H1,3,2026-10-05,204.33,224.213,216.687,216.091,208.431,209.255,45.28,45.05,45.64,45.03,44.83,45.29,639.1,57.5,2.07,8,15,1567,2,2.06,26.2,72.8,28.3
070C26J845598427H1,AGM70_H1,3,2026-10-25,202.748,200.196,202.836,204.868,203.028,202.323,44.63,45.06,43.67,44.17,43.64,45.45,613.2,61.1,2.03,9,9,1982,4,2.08,25.2,71.7,20.6
070C26J072632301H1,AGM70_H1,3,2026-10-24,209.579,218.246,216.738,211.585,213.176,216.756,45.34,43.48,45.41,45.41,46.74,46.89,642.2,65.4,2.08,5,14,1389,3,2.08,27.4,70.0,28.5
070C26K604161390H1,AGM70_H1,4,2026-11-10,213.256,212.81,212.387,211.982,212.304,212.549,45.95,45.44,45.86,45.25,45.36,43.42,628.8,37.7,2.08,7,16,2111,4,2.02,20.7,82.8,25.3
070C26K191749956H1,AGM70_H1,3,2026-11-16,217.136,214.037,214.249,210.919,216.084,216.457,44.5,45.81,44.77,44.02,43.43,45.24,634.7,48.3,2.06,3,12,1866,2,2.13,21.2,81.8,31.3
070C26K684361834H1,AGM70_H1,1,2026-11-09,206.148,205.358,211.401,213.589,207.081,210.131,45.58,45.92,43.63,45.45,45.04,45.31,658.7,69.6,2.06,7,1,1550,2,2.08,19.8,77.7,24.1
070C26K906187249H1,AGM70_H1,4,2026-11-19,204.971,207.961,207.964,206.405,206.266,202.924,46.38,44.23,43.42,44.35,45.06,44.32,622.4,35.8,2.11,3,10,1485,3,2.11,23.2,84.9,24.7
070C26K996987076H1,AGM70_H1,3,2026-11-05,204.689,196.21,205.691,206.408,198.077,203.85,44.63,45.87,44.49,45.72,44.75,44.79,644.2,58.9,2.08,5,14,2140,3,2.09,29.4,77.5,29.9
070C26K619307369H1,AGM70_H1,3,2026-11-14,212.062,207.881,211.302,211.016,205.239,205.259,45.35,44.75,45.94,43.03,46.64,45.64,608.3,45.3,2.01,4,18,1941,2,2.04,24.4,81.3,25.5
070C26K280751151H1,AGM70_H1,3,2026-11-05,207.653,218.168,217.504,212.662,214.134,212.496,45.57,45.67,45.48,45.89,45.08,44.69,628.2,50.3,2.03,3,11,2169,1,2.1,23.7,75.2,25.5
070C26K643224443H1,AGM70_H1,5,2026-11-25,203.852,199.46,207.105,204.953,204.721,204.213,46.29,43.74,47.05,44.74,44.32,46.16,623.9,48.8,2.05,5,12,1909,1,2.14,27.2,76.6,31.5
070C26K662415923H1,AGM70_H1,2,2026-11-24,214.105,213.682,212.076,215.087,217.489,215.553,44.68,46.95,45.41,44.56,45.29,45.8,635.2,47.8,2.07,6,17,1667,4,2.1,26.3,79.9,25.5
070C26K179544560H1,AGM70_H1,3,2026-11-14,208.281,210.298,210.202,208.665,208.922,212.855,45.81,46.14,45.23,44.83,46.4,46.62,633.9,47.4,2.04,6,3,1860,4,2.06,27.0,82.0,24.2
070C26K969038033H1,AGM70_H1,4,2026-11-21,210.745,211.955,209.641,209.798,208.33,208.945,43.45,44.37,46.68,45.35,45.19,45.16,629.6,44.6,2.04,3,4,2030,6,2.09,26.6,76.4,25.8
070C26K501783057H1,AGM70_H1,4,2026-11-23,199.998,216.099,211.43,210.169,206.708,215.714,45.63,44.54,42.91,44.29,45.01,45.35,617.5,59.6,2.01,7,3,2132,2,2.14,21.1,75.0,25.0
070C26K854348909H1,AGM70_H1,3,2026-11-13,211.679,201.861,208.384,208.607,214.666,204.951,45.61,45.98,45.12,44.27,45.3,46.88,642.2,57.3,2.05,4,16,2141,5,2.09,20.7,79.2,25.3
070C26L853987829H1,AGM70_H1,4,2026-12-14,194.629,194.868,197.133,200.453,202.261,208.363,45.12,44.05,44.52,44.31,45.49,43.82,643.1,62.0,1.99,5,13,1550,4,2.09,22.2,79.8,24.5
070C26L026560931H1,AGM70_H1,3,2026-12-25,207.902,210.307,216.657,218.758,208.752,204.902,43.32,45.78,44.4,43.41,45.37,44.0,637.6,59.6,2.04,6,15,1896,2,2.08,28.5,75.8,22.5
070C26L240533934H1,AGM70_H1,3,2026-12-05,206.005,205.684,211.927,216.916,210.523,212.996,46.43,44.41,44.84,46.43,45.55,45.65,629.5,47.6,2.07,6,6,1801,2,2.11,25.4,80.8,24.3
070C26L271565427H1,AGM70_H1,2,2026-12-04,200.274,203.648,199.767,200.554,204.213,199.29,44.73,46.92,46.88,43.78,43.88,44.92,639.8,49.8,2.03,4,10,1840,3,2.11,20.0,78.0,26.1
070C26L199271222H1,AGM70_H1,2,2026-12-25,208.543,204.459,201.524,210.07,203.474,207.229,44.25,44.59,45.05,44.11,45.2,46.37,633.7,54.6,2.09,6,3,1994,3,2.11,21.6,72.9,23.0
070C26L646002176H1,AGM70_H1,4,2026-12-24,212.493,201.001,200.131,209.5,206.67,200.519,44.87,47.35,44.37,43.75,45.32,45.24,633.6,62.3,2.0,4,2,1862,3,2.08,19.0,82.8,25.1
070C26L976548277H1,AGM70_H1,2,2026-12-13,217.076,216.353,219.677,217.669,217.437,216.703,43.48,45.08,46.18,46.14,45.56,44.96,647.5,51.0,2.13,3,1,2285,4,2.08,22.3,74.2,25.7
070C26L480340841H1,AGM70_H1,3,2026-12-21,199.092,203.01,200.364,197.242,202.14,195.2,45.61,44.58,43.71,43.94,47.54,44.77,619.9,42.6,2.01,4,9,1773,4,2.06,24.8,82.7,25.6
070C26L954856662H1,AGM70_H1,3,2026-12-12,212.024,208.533,202.438,211.262,209.67,207.227,45.35,44.02,46.21,44.45,46.03,42.44,633.7,56.2,2.07,6,10,2354,4,2.1,28.1,71.9,22.1
070C26L905023800H1,AGM70_H1,4,2026-12-12,200.362,210.251,209.403,207.246,207.309,206.445,43.58,44.74,44.67,44.72,45.07,44.75,612.4,49.7,1.99,5,2,1202,5,2.11,20.3,73.7,25.5
070C26L429413443H1,AGM70_H1,2,2026-12-13,202.049,207.699,207.282,211.433,202.2,197.389,44.7,46.36,43.89,44.91,45.35,43.91,616.5,41.0,2.03,4,11,1763,4,2.1,23.8,86.7,29.9
070C26L834594374H1,AGM70_H1,3,2026-12-18,214.758,203.912,211.088,207.465,206.394,211.61,44.21,44.57,44.49,45.53,46.49,44.99,608.8,40.2,2.06,8,10,1843,2,2.05,24.5,80.5,26.6
070C26L090616665H1,AGM70_H1,4,2026-12-06,210.593,206.76,199.517,207.927,208.136,201.49,45.96,44.67,44.42,43.94,44.81,45.29,647.0,60.2,2.08,3,7,1841,3,2.12,26.9,77.7,21.6
070C26A146019716S1,AGM70_S1,3,2026-01-14,215.743,207.096,207.386,208.985,203.931,200.974,44.99,43.31,46.78,44.62,44.01,46.53,621.8,45.3,2.01,3,16,1069,4,2.07,25.2,84.7,26.9
070C26A925270207S1,AGM70_S1,4,2026-01-25,207.476,206.451,206.181,201.682,199.773,209.515,45.83,42.87,45.16,45.89,44.94,44.93,645.6,67.6,2.07,6,8,1971,6,2.13,21.7,77.0,28.1
070C26A789249686S1,AGM70_S1,2,2026-01-24,214.745,213.297,217.326,211.138,213.765,216.947,43.61,45.69,44.87,44.87,42.5,45.93,640.6,55.0,2.04,5,11,1650,2,2.07,23.2,81.2,28.3
070C26A461781575S1,AGM70_S1,2,2026-01-23,212.51,214.443,205.609,208.647,209.368,206.174,43.17,44.96,46.3,45.58,45.59,44.72,631.3,43.4,2.06,8,13,1864,2,2.1,24.1,80.4,22.5
070C26A763579746S1,AGM70_S1,3,2026-01-07,204.395,204.981,206.272,205.375,208.389,205.481,44.17,43.82,44.24,44.47,44.99,43.9,627.8,51.7,2.0,6,9,1828,3,2.11,22.6,72.6,24.2
070C26A546620593S1,AGM70_S1,2,2026-01-04,206.309,207.554,210.06,204.887,208.59,202.544,45.56,42.8,43.88,43.55,43.9,44.99,638.8,58.6,2.05,6,14,1493,3,2.09,24.5,70.3,21.9
070C26A957152274S1,AGM70_S1,2,2026-01-19,212.228,209.843,213.849,210.105,211.288,212.779,44.46,45.14,46.05,43.51,44.49,47.48,641.0,55.4,2.02,3,15,1993,3,2.04,24.0,78.7,25.5
070C26A395435467S1,AGM70_S1,2,2026-01-26,217.772,212.87,218.175,218.006,215.415,216.009,47.36,45.78,45.35,43.67,43.68,45.01,615.9,39.8,2.03,3,18,1958,3,2.1,23.3,86.9,24.8
070C26A622192948S1,AGM70_S1,4,2026-01-20,215.472,213.173,215.592,217.594,216.636,215.277,44.8,45.08,47.49,43.05,45.36,43.58,616.0,45.7,2.07,7,12,2139,2,2.12,23.0,79.1,30.8
070C26A174645074S1,AGM70_S1,3,2026-01-07,200.604,206.021,206.962,202.071,201.445,200.729,45.93,44.3,45.45,45.31,44.86,44.89,649.2,36.2,2.09,3,9,1934,1,2.08,24.1,81.9,25.0
070C26A685997013S1,AGM70_S1,3,2026-01-12,204.736,206.829,201.547,206.162,206.43,199.204,45.93,44.26,44.5,42.3,45.8,45.04,641.8,64.5,2.07,6,14,1232,4,2.09,19.7,70.0,28.7
070C26A295386766S1,AGM70_S1,4,2026-01-18,215.867,214.355,214.241,215.47,213.754,214.487,43.99,44.09,44.19,43.83,45.23,45.55,629.6,37.2,2.05,8,10,1596,4,2.13,20.6,77.2,27.3
070C26A947544914S1,AGM70_S1,2,2026-01-19,214.478,214.501,210.065,211.027,213.597,208.701,45.26,46.37,45.77,44.11,45.44,46.3,619.7,61.6,2.09,5,13,1543,2,2.15,25.4,79.3,28.1
070C26B569020719S1,AGM70_S1,3,2026-02-27,210.507,209.06,212.138,213.728,206.001,209.034,45.58,44.73,43.57,44.49,46.46,43.01,643.0,61.7,2.07,7,17,1907,3,2.09,28.9,77.5,27.8
070C26B297316656S1,AGM70_S1,3,2026-02-22,210.551,214.2,215.433,211.457,214.424,212.64,44.12,44.74,43.87,45.76,44.9,45.71,636.0,59.8,2.05,7,1,1235,2,2.12,24.7,76.7,21.7
070C26B922685595S1,AGM70_S1,2,2026-02-09,216.432,206.561,213.121,210.352,208.044,216.909,44.29,45.42,44.27,46.62,45.05,44.07,646.1,55.3,2.08,7,9,1649,2,2.12,30.1,80.9,26.8
070C26B925126829S1,AGM70_S1,4,2026-02-02,206.404,206.748,206.203,207.444,207.186,208.194,45.65,44.64,44.07,46.14,45.98,45.65,626.9,33.1,2.05,9,7,2221,1,2.13,24.7,80.7,27.0
070C26B296805141S1,AGM70_S1,3,2026-02-22,198.635,205.771,199.921,204.273,198.831,199.607,45.0,45.72,42.72,46.26,43.39,45.24,627.9,60.8,2.02,7,9,2356,3,2.11,21.9,77.3,28.7
070C26B597607801S1,AGM70_S1,2,2026-02-27,214.987,210.175,208.905,209.603,207.853,218.75,43.17,43.67,45.81,44.35,44.88,45.2,643.6,62.3,2.03,5,14,1842,2,2.12,24.7,78.7,27.9
070C26B950070728S1,AGM70_S1,3,2026-02-27,203.703,205.955,210.066,208.514,209.87,202.136,45.02,42.23,45.45,46.38,44.89,46.19,646.2,46.4,2.07,4,7,1725,4,2.13,26.0,77.3,23.2
070C26B408777062S1,AGM70_S1,4,2026-02-24,208.392,207.639,209.288,208.613,208.788,208.571,45.02,45.81,44.71,45.82,45.71,45.25,596.1,36.0,2.08,4,12,1935,2,2.11,23.7,83.8,25.8
070C26B629401460S1,AGM70_S1,4,2026-02-27,220.38,213.473,217.811,216.559,215.45,211.335,45.18,44.39,44.17,42.54,45.79,45.31,635.9,58.9,2.05,7,10,1826,3,2.1,23.7,76.1,26.4
070C26B635071831S1,AGM70_S1,2,2026-02-26,207.558,209.854,212.015,209.327,208.928,209.368,45.42,44.67,43.98,44.19,43.41,46.35,619.0,45.9,2.06,6,4,2183,4,2.15,26.7,72.8,21.2
070C26B091632536S1,AGM70_S1,4,2026-02-19,208.116,206.957,209.632,206.104,211.1,209.727,44.8,43.99,44.79,44.73,44.33,46.11,631.0,47.4,2.07,7,13,1949,5,2.1,22.1,70.5,23.7
070C26B754355133S1,AGM70_S1,2,2026-02-19,206.261,209.571,208.555,212.486,209.135,207.75,45.99,44.82,44.42,45.45,46.98,45.0,627.7,50.3,2.03,6,5,1916,3,2.11,25.5,71.9,19.9
070C26B227172311S1,AGM70_S1,4,2026-02-01,206.861,207.087,208.435,204.273,203.235,204.499,45.0,44.63,46.51,44.39,44.82,44.21,653.5,59.8,2.04,6,6,1776,2,2.07,23.6,76.6,28.9
070C26C022534870S1,AGM70_S1,3,2026-03-10,208.261,201.239,204.759,206.025,212.009,205.811,44.05,47.28,44.97,44.06,45.64,44.41,635.2,53.7,2.04,9,14,1745,3,2.1,29.0,80.2,21.2
070C26C143946103S1,AGM70_S1,2,2026-03-26,208.233,203.002,203.983,206.622,209.9,203.146,44.26,43.53,44.82,45.62,45.82,45.09,633.8,39.1,2.04,1,9,1846,3,2.12,29.6,80.1,25.7
070C26C412641180S1,AGM70_S1,3,2026-03-15,213.51,222.52,209.649,214.141,218.248,221.909,45.3,45.98,44.73,45.62,45.32,45.27,636.2,66.0,2.05,3,17,2001,5,2.07,19.8,76.5,26.5
070C26C898991909S1,AGM70_S1,4,2026-03-20,214.008,214.649,214.128,213.138,214.998,215.196,43.43,45.36,44.51,44.7,46.05,45.42,620.2,44.1,2.05,4,8,2153,2,2.08,23.4,79.0,27.0
070C26C872387584S1,AGM70_S1,3,2026-03-08,210.149,208.518,211.891,212.242,212.238,209.478,43.8,44.86,43.27,44.99,44.93,44.61,629.8,39.5,2.04,6,13,2146,3,2.09,25.2,79.0,25.6
070C26C479227379S1,AGM70_S1,2,2026-03-05,207.767,205.534,207.536,199.702,203.094,208.039,43.83,44.5,44.9,45.35,44.93,42.6,612.7,59.4,2.01,2,15,1798,3,2.11,27.5,75.5,22.2
070C26C370454401S1,AGM70_S1,5,2026-03-07,207.962,208.823,204.127,212.623,205.08,209.994,45.65,44.52,43.57,45.88,45.28,43.94,618.9,52.2,2.09,3,7,2015,3,2.13,26.1,76.5,26.9
070C26C628365702S1,AGM70_S1,3,2026-03-13,207.14,215.279,210.295,210.938,206.948,214.69,45.05,44.35,43.6,44.16,44.64,45.17,648.7,46.1,2.08,5,12,2092,4,2.1,22.6,81.4,25.7
070C26C755448401S1,AGM70_S1,2,2026-03-20,206.455,203.217,205.401,206.677,202.783,214.251,44.87,44.2,44.71,44.35,45.84,45.84,633.5,49.4,2.03,2,19,1744,3,2.15,25.3,80.9,24.8
070C26C428055635S1,AGM70_S1,3,2026-03-17,218.225,220.775,218.646,217.614,212.949,219.351,44.48,45.55,45.54,44.04,46.45,44.94,637.1,54.9,2.02,2,16,1925,3,2.02,28.8,75.1,29.2
070C26C776527625S1,AGM70_S1,3,2026-03-08,210.37,212.387,215.33,209.855,213.198,211.249,44.22,45.63,43.0,45.26,42.29,45.75,659.0,64.6,2.04,6,16,2261,3,2.11,22.8,77.2,22.7
070C26C065099482S1,AGM70_S1,4,2026-03-18,210.214,203.893,213.529,211.722,207.352,208.207,44.4,45.33,45.44,44.62,43.51,45.79,612.6,64.9,2.02,4,12,1920,4,2.1,29.1,70.0,25.3
070C26C863936199S1,AGM70_S1,3,2026-03-06,205.41,210.785,210.875,201.205,204.529,210.817,46.42,44.97,44.32,44.34,44.91,44.64,594.5,35.9,2.04,5,15,1641,4,2.07,24.8,84.0,24.1
070C26D423125606S1,AGM70_S1,5,2026-04-15,207.09,204.014,206.893,200.079,203.824,201.283,47.23,44.37,43.84,43.58,44.05,45.57,620.3,45.0,2.01,6,9,1519,4,2.1,28.7,80.5,27.2
070C26D598810311S1,AGM70_S1,3,2026-04-21,206.448,212.779,208.016,210.345,210.005,211.948,48.69,45.53,43.26,47.17,44.33,45.85,609.0,47.9,2.02,6,8,2032,5,2.05,26.4,76.1,27.8
070C26D583186016S1,AGM70_S1,4,2026-04-12,205.765,201.102,207.157,205.771,207.572,208.631,46.04,44.97,44.53,43.84,44.88,45.6,613.1,55.2,2.02,6,11,1825,1,2.1,28.3,79.1,23.7
070C26D777879965S1,AGM70_S1,3,2026-04-02,211.825,211.026,212.515,211.777,218.226,214.771,44.83,44.16,45.61,43.73,45.18,45.62,627.0,44.3,2.08,4,9,1499,4,2.12,20.7,77.3,24.3
070C26D981503354S1,AGM70_S1,3,2026-04-13,211.136,214.644,210.662,212.33,211.622,207.219,43.96,44.57,44.22,45.78,44.29,44.89,647.2,47.2,2.09,4,13,2174,1,2.14,22.9,76.3,25.9
070C26D134048171S1,AGM70_S1,2,2026-04-03,203.051,204.295,208.905,206.135,206.677,202.235,44.34,44.3,46.45,44.79,44.23,43.5,643.9,66.4,2.07,6,9,1705,2,2.13,31.9,78.2,27.0
070C26D824173125S1,AGM70_S1,3,2026-04-13,202.905,208.746,207.164,202.904,202.646,206.333,44.77,43.76,45.26,45.21,44.16,45.01,623.6,47.9,2.05,7,2,1883,2,2.13,25.8,80.2,23.3
070C26D307382184S1,AGM70_S1,2,2026-04-14,216.094,212.678,218.562,214.026,220.114,216.203,46.78,44.12,45.27,45.65,45.51,44.76,623.9,44.9,2.04,4,14,1494,3,2.08,29.2,82.6,24.5
070C26D528358601S1,AGM70_S1,1,2026-04-20,213.364,208.293,216.066,213.36,212.455,213.629,46.82,45.57,45.09,44.28,45.11,45.38,636.4,49.6,2.03,4,6,1342,2,2.08,23.2,77.3,26.3
070C26D152508283S1,AGM70_S1,3,2026-04-13,203.101,204.9,203.208,205.225,202.815,203.154,44.85,44.54,45.19,43.75,44.2,45.72,613.3,52.2,2.04,7,12,1814,3,2.08,29.7,77.4,25.0
070C26D711886251S1,AGM70_S1,4,2026-04-04,210.287,210.014,213.638,212.882,211.448,213.006,46.19,45.1,45.77,45.77,44.58,43.86,626.2,51.8,2.09,3,11,1576,3,2.15,26.3,80.3,27.4
070C26D739922370S1,AGM70_S1,4,2026-04-04,203.121,198.3,199.115,207.485,208.707,201.452,45.27,44.28,47.12,44.2,44.53,44.01,637.3,46.9,2.0,9,8,1715,4,2.11,26.5,79.3,26.6
070C26D613823598S1,AGM70_S1,1,2026-04-13,211.434,208.954,211.196,212.39,208.111,208.84,43.09,45.24,45.81,44.91,44.53,44.56,626.8,32.0,2.08,3,15,2054,4,2.08,28.7,81.2,24.2
070C26E822127507S1,AGM70_S1,3,2026-05-15,218.049,217.883,211.608,206.042,219.877,211.083,45.2,45.09,44.3,46.04,45.36,44.63,647.1,58.3,2.06,5,11,1832,2,2.09,24.9,79.9,23.7
070C26E156004079S1,AGM70_S1,3,2026-05-14,206.417,211.631,209.419,209.299,213.477,208.164,46.6,44.23,46.06,44.86,45.3,44.48,627.0,54.8,2.06,4,9,1629,1,2.1,24.5,77.0,24.7
070C26E972362346S1,AGM70_S1,3,2026-05-14,207.427,205.983,207.601,209.422,206.003,207.624,43.93,44.62,43.62,44.82,43.23,45.15,633.2,33.0,1.99,3,11,1615,4,2.13,23.8,83.0,28.4
070C26E981028779S1,AGM70_S1,2,2026-05-13,200.858,205.34,204.575,204.937,209.918,199.121,43.5,45.35,46.01,44.39,46.51,44.64,630.2,45.3,2.0,3,5,1752,4,2.13,27.6,76.0,22.4
070C26E609533907S1,AGM70_S1,4,2026-05-19,207.255,208.441,207.289,209.041,207.839,207.362,43.62,43.62,46.4,44.48,46.91,45.86,633.8,31.1,2.01,2,10,1380,3,2.11,26.9,81.8,26.5
070C26E433957533S1,AGM70_S1,2,2026-05-22,216.265,216.155,215.75,213.981,220.684,215.333,44.56,44.64,46.64,45.73,44.04,46.45,617.4,43.5,2.08,1,16,2245,1,2.1,24.1,77.5,23.0
070C26E482052007S1,AGM70_S1,4,2026-05-06,208.649,211.777,202.128,201.906,205.163,209.603,44.07,45.53,46.15,45.66,45.02,43.94,614.1,52.5,2.14,4,8,1804,3,2.12,27.1,82.7,24.5
070C26E725572719S1,AGM70_S1,2,2026-05-17,212.792,209.972,212.054,209.554,208.73,211.994,46.02,45.12,44.47,45.7,45.14,45.54,632.5,55.9,1.99,3,12,2015,2,2.11,26.1,77.6,24.5
070C26E070648103S1,AGM70_S1,3,2026-05-26,213.169,209.879,209.175,208.108,211.345,213.608,44.98,44.92,46.42,45.66,46.33,45.16,626.4,50.4,2.01,6,15,2254,2,2.09,24.6,79.5,20.6
070C26E165903741S1,AGM70_S1,1,2026-05-24,212.104,208.807,205.801,216.603,208.396,210.251,45.65,44.3,44.86,45.27,45.57,45.62,624.0,53.0,2.02,4,9,1001,2,2.07,24.5,83.3,28.0
070C26E566244923S1,AGM70_S1,2,2026-05-19,211.335,208.367,207.283,207.523,208.446,208.326,44.92,41.45,44.11,44.84,44.17,46.46,634.8,34.2,2.09,5,9,2031,4,2.14,27.1,83.2,28.7
070C26E176500281S1,AGM70_S1,4,2026-05-05,208.751,213.451,212.967,210.927,211.229,212.681,45.88,46.82,45.31,43.31,43.3,46.91,637.8,39.5,2.04,3,9,1544,5,2.11,25.2,77.3,25.8
070C26E985982474S1,AGM70_S1,2,2026-05-04,211.183,205.706,210.276,205.735,207.615,206.516,45.97,43.63,43.73,47.23,43.73,44.22,638.2,46.4,2.06,9,9,1917,2,2.09,21.8,82.5,22.8
070C26F430009692S1,AGM70_S1,4,2026-06-11,209.186,207.667,209.234,209.791,209.577,206.46,45.29,45.88,44.58,45.3,46.29,45.7,639.7,50.4,2.07,4,3,2032,1,2.15,26.0,81.6,24.0
070C26F237721260S1,AGM70_S1,3,2026-06-25,206.929,203.397,206.91,203.336,206.032,208.259,44.44,46.78,47.45,43.94,44.25,44.19,622.1,40.0,2.08,6,13,1336,2,2.08,28.8,80.2,23.0
070C26F391648223S1,AGM70_S1,2,2026-06-11,205.022,218.544,214.053,215.385,208.92,208.198,44.66,46.82,44.83,43.76,45.24,44.41,617.6,44.0,2.07,1,16,2131,2,2.11,21.0,81.9,28.6
070C26F419869138S1,AGM70_S1,2,2026-06-25,212.165,212.926,214.167,208.759,217.046,213.968,45.91,43.59,45.21,45.73,45.31,45.38,629.2,45.2,2.03,7,3,1785,3,2.09,19.3,82.3,29.7
070C26F004552046S1,AGM70_S1,2,2026-06-26,219.115,215.295,215.148,214.437,213.606,209.771,42.76,45.21,45.3,43.57,45.03,43.96,622.4,55.6,2.05,4,9,1693,4,2.12,22.5,77.5,26.9
070C26F381460709S1,AGM70_S1,4,2026-06-01,207.978,211.648,211.743,213.876,208.871,208.123,45.0,45.32,45.24,43.37,45.93,47.22,620.1,53.7,2.07,4,10,2103,4,2.11,31.4,70.0,23.6
070C26F021254055S1,AGM70_S1,1,2026-06-18,214.367,211.894,220.744,217.935,219.713,219.384,44.9,44.8,44.77,44.65,45.64,44.6,619.3,39.0,2.13,5,12,1806,3,2.13,24.5,83.5,21.6
070C26F805599005S1,AGM70_S1,2,2026-06-11,209.139,212.234,205.781,207.458,206.107,205.547,43.46,44.53,46.28,46.5,44.26,44.37,618.8,43.1,1.98,5,7,1784,5,2.12,29.2,81.8,23.3
070C26F353246279S1,AGM70_S1,4,2026-06-11,212.53,209.892,213.928,211.541,210.62,212.321,46.56,47.25,46.05,44.09,44.01,43.38,628.8,52.3,2.06,6,19,1983,1,2.08,23.9,73.6,19.9
070C26F470907123S1,AGM70_S1,4,2026-06-13,208.96,210.659,211.348,209.346,209.556,209.568,44.65,43.66,46.0,46.36,42.51,44.23,617.0,29.0,2.02,4,8,1106,3,2.09,26.3,84.0,22.3
070C26F186147452S1,AGM70_S1,1,2026-06-04,201.552,203.381,205.399,202.872,203.314,200.56,44.47,45.35,44.53,45.3,45.54,44.35,628.7,49.8,2.07,8,6,2064,1,2.04,27.6,77.0,23.3
070C26F173007402S1,AGM70_S1,5,2026-06-20,203.958,203.293,208.29,207.253,202.735,208.674,45.29,44.02,45.06,45.22,44.92,46.07,618.8,44.0,2.05,7,9,1641,4,2.09,23.5,80.0,22.6
070C26F833167918S1,AGM70_S1,2,2026-06-13,202.053,204.653,203.341,204.963,204.121,204.854,44.5,45.69,44.16,47.04,45.01,45.26,636.8,42.8,2.02,7,20,1946,2,2.09,23.0,75.7,24.3
070C26G390665161S1,AGM70_S1,2,2026-07-11,204.102,204.968,210.486,208.369,209.041,206.684,45.92,43.49,44.81,45.02,44.67,45.99,626.6,43.2,2.06,3,10,1784,3,2.07,22.5,82.7,18.5
070C26G720370398S1,AGM70_S1,3,2026-07-06,211.269,215.818,205.834,209.215,216.522,214.826,45.11,43.7,45.33,44.03,46.33,45.29,623.0,51.9,2.05,7,8,1932,6,2.11,25.5,79.0,25.4
070C26G022504481S1,AGM70_S1,3,2026-07-22,208.427,211.374,206.223,208.734,207.294,211.352,43.92,43.54,45.72,43.74,45.19,45.19,615.6,49.7,2.07,5,11,1169,4,2.03,29.0,82.8,24.8
070C26G797681324S1,AGM70_S1,3,2026-07-16,212.006,219.201,213.765,212.456,209.681,207.436,44.84,45.62,45.96,44.27,44.91,46.33,603.8,48.5,2.08,5,1,1564,4,2.09,27.4,78.1,21.4
070C26G556195852S1,AGM70_S1,2,2026-07-04,198.911,196.195,192.319,199.72,198.033,197.337,45.04,44.9,44.78,44.28,44.63,45.04,628.8,39.9,2.05,6,11,2264,3,2.11,21.7,85.7,26.1
070C26G320629416S1,AGM70_S1,4,2026-07-06,209.288,211.083,214.518,208.324,207.743,212.224,44.54,45.13,43.96,43.53,44.35,46.24,648.2,46.6,2.08,6,6,2294,3,2.12,29.3,82.7,26.1
070C26G877840442S1,AGM70_S1,4,2026-07-21,216.598,213.764,210.939,211.066,215.519,214.86,46.4,44.18,44.54,44.75,44.36,44.47,617.6,40.2,2.04,5,14,1610,3,2.09,30.3,83.5,26.6
070C26G790030472S1,AGM70_S1,3,2026-07-06,204.519,207.363,208.535,202.577,205.479,203.074,46.0,43.55,44.39,45.18,44.92,45.45,608.0,52.4,1.99,7,11,2287,3,2.09,22.5,76.1,18.2
070C26G132557213S1,AGM70_S1,3,2026-07-06,208.525,203.49,208.501,201.173,197.846,200.91,47.47,46.25,44.63,44.15,43.21,44.82,643.9,44.7,2.03,8,13,2149,3,2.12,27.2,77.8,20.7
070C26G473150782S1,AGM70_S1,5,2026-07-20,210.386,213.023,205.797,204.8,207.791,210.249,43.33,45.5,44.16,46.74,43.22,44.75,645.7,46.4,2.07,5,20,1776,3,2.12,26.8,83.9,21.8
070C26G339158199S1,AGM70_S1,2,2026-07-10,207.264,207.07,210.315,208.695,206.496,209.121,44.13,44.98,45.25,45.16,43.88,43.63,627.0,56.5,2.06,4,9,1978,2,2.06,25.6,74.9,25.1
070C26G202718099S1,AGM70_S1,5,2026-07-02,207.434,210.473,209.444,209.371,211.099,210.917,46.09,44.89,44.39,45.04,46.09,46.78,643.1,35.7,2.04,5,11,2211,4,2.08,25.6,78.4,27.6
070C26G572573931S1,AGM70_S1,3,2026-07-14,208.19,217.205,210.584,211.995,217.03,213.959,44.71,43.69,46.15,45.87,45.02,44.32,618.9,51.7,2.02,7,15,1580,3,2.09,24.9,74.8,26.6
070C26H677340234S1,AGM70_S1,3,2026-08-21,205.264,212.49,209.48,209.058,209.474,206.24,46.63,44.47,44.73,44.11,45.84,45.42,610.1,44.2,2.04,7,9,1622,3,2.15,21.3,83.2,23.8
070C26H303748454S1,AGM70_S1,2,2026-08-15,215.139,207.197,211.494,203.568,214.001,210.835,43.09,44.31,44.21,44.16,46.86,44.99,606.5,53.0,2.03,1,5,1610,4,2.09,17.0,74.5,21.8
070C26H670901918S1,AGM70_S1,4,2026-08-23,207.365,206.476,203.663,207.604,201.427,210.179,45.12,44.17,43.94,44.4,42.96,44.21,647.8,43.3,2.09,6,12,1730,3,2.08,28.3,77.0,23.1
070C26H926094277S1,AGM70_S1,2,2026-08-16,221.853,218.061,226.38,222.821,219.057,221.202,43.06,46.72,45.25,46.34,42.42,44.31,630.9,36.9,2.02,6,12,2088,4,2.09,28.3,81.6,24.5
070C26H451457994S1,AGM70_S1,2,2026-08-22,207.348,207.224,210.936,206.359,214.942,206.086,45.34,46.15,44.08,46.55,42.51,44.89,628.2,42.6,2.1,10,16,2146,2,2.04,26.6,79.4,25.4
070C26H623321830S1,AGM70_S1,5,2026-08-07,206.608,211.146,201.627,206.897,202.512,201.54,44.98,44.52,46.84,47.32,44.15,46.71,631.5,53.8,1.99,5,1,2063,4,2.06,28.1,79.0,30.5
070C26H970900027S1,AGM70_S1,2,2026-08-26,208.519,208.313,209.292,205.594,206.44,208.839,45.02,43.93,45.46,45.17,44.24,45.43,650.6,54.7,2.07,8,7,1950,3,2.09,28.8,76.8,21.9
070C26H093166735S1,AGM70_S1,4,2026-08-15,218.854,220.268,216.262,212.476,217.67,214.784,42.98,46.12,45.04,46.42,44.35,45.38,647.7,54.3,2.01,4,9,1513,3,2.12,21.6,77.6,23.4
070C26H744847034S1,AGM70_S1,3,2026-08-12,204.543,211.283,200.306,210.316,206.447,219.112,45.61,42.6,45.57,44.85,45.19,46.33,622.1,65.5,2.05,5,9,1588,3,2.11,20.2,76.5,23.9
070C26H993315967S1,AGM70_S1,2,2026-08-18,216.71,214.685,217.377,213.244,210.477,213.644,43.34,43.77,44.14,44.93,45.2,44.05,646.1,50.3,2.01,2,12,1437,2,2.08,28.4,85.7,28.5
070C26H077089955S1,AGM70_S1,4,2026-08-13,211.828,209.253,203.862,206.949,205.86,216.535,47.68,43.87,45.48,44.94,44.06,44.84,654.3,46.3,2.03,5,4,1523,5,2.1,21.1,81.2,29.3
070C26H494476034S1,AGM70_S1,3,2026-08-16,214.269,215.002,212.011,212.043,209.76,208.282,43.04,44.97,42.83,46.57,46.55,44.23,641.8,50.2,2.02,4,9,1276,2,2.14,22.7,77.0,19.9
070C26H939785844S1,AGM70_S1,3,2026-08-24,206.973,208.181,208.665,207.704,210.434,208.137,45.81,45.88,45.89,47.5,45.14,43.66,623.0,36.6,2.02,1,3,1480,4,2.06,33.8,77.9,21.6
070C26I149198593S1,AGM70_S1,3,2026-09-15,216.192,212.839,217.702,211.126,220.304,215.364,44.21,47.54,45.35,44.93,46.43,46.4,634.4,47.1,2.07,3,14,1725,3,2.11,19.3,78.7,23.5
070C26I958440780S1,AGM70_S1,3,2026-09-24,211.706,208.487,209.184,209.97,210.67,212.626,45.99,45.79,45.98,44.07,45.19,46.61,643.9,54.5,2.09,4,13,1635,3,2.08,27.9,76.6,31.1
070C26I235223531S1,AGM70_S1,5,2026-09-07,219.52,217.668,223.122,222.843,223.12,220.048,43.66,43.96,45.39,44.45,45.21,44.53,647.9,57.3,2.07,7,11,2063,4,2.13,30.3,73.4,20.8
070C26I574995973S1,AGM70_S1,2,2026-09-02,204.081,211.013,215.248,214.829,208.539,205.183,46.15,46.61,46.16,44.88,45.74,45.07,623.1,56.2,2.06,4,9,2121,3,2.13,28.5,74.6,25.3
070C26I815011808S1,AGM70_S1,1,2026-09-05,205.677,205.465,208.506,209.304,210.779,207.834,43.34,44.6,44.01,45.29,44.35,46.13,631.7,51.8,2.04,4,6,1529,3,2.12,29.3,75.5,24.4
070C26I777577712S1,AGM70_S1,5,2026-09-18,209.922,217.152,207.998,214.619,211.028,208.094,45.31,45.5,45.04,43.92,43.71,45.12,619.9,41.4,2.07,4,9,1920,3,2.1,23.1,80.8,23.7
070C26I707066520S1,AGM70_S1,1,2026-09-14,209.754,208.757,210.053,209.561,211.392,210.539,44.6,45.2,45.25,45.08,44.36,45.13,644.3,56.1,2.04,6,12,1925,2,2.11,23.7,77.9,28.8
070C26I252785650S1,AGM70_S1,1,2026-09-05,214.437,216.957,217.235,221.071,216.748,217.845,44.86,45.42,44.23,43.38,45.19,43.53,617.4,40.1,2.04,4,19,1871,3,2.09,27.1,85.4,24.2
070C26I175901567S1,AGM70_S1,2,2026-09-17,214.8,214.998,214.977,213.728,213.657,215.672,44.49,42.98,44.9,43.41,44.77,44.58,623.1,49.8,2.0,2,16,2056,2,2.1,31.1,73.2,27.4
070C26I975020780S1,AGM70_S1,4,2026-09-16,223.706,214.571,218.945,221.683,221.598,225.523,46.36,45.74,44.77,42.97,46.26,46.36,641.0,60.5,2.08,3,9,1996,3,2.06,20.7,72.5,28.4
070C26I397142922S1,AGM70_S1,3,2026-09-10,207.475,208.433,214.345,210.273,206.932,215.779,44.42,45.49,45.86,45.25,44.65,45.81,607.2,48.1,2.09,4,6,2168,3,2.11,23.1,76.4,22.3
070C26I665106092S1,AGM70_S1,2,2026-09-11,211.707,208.855,214.226,210.252,214.186,212.823,45.12,44.87,43.96,45.56,44.9,44.2,636.5,41.8,2.11,4,13,2075,2,2.11,25.1,79.8,28.1
070C26I663640072S1,AGM70_S1,4,2026-09-01,217.149,215.316,220.022,215.751,215.641,209.235,45.82,46.36,47.1,45.27,45.59,45.78,618.6,41.9,2.07,7,8,2126,3,2.12,26.0,81.3,22.1
070C26J926013370S1,AGM70_S1,3,2026-10-16,201.158,203.971,201.65,200.751,205.007,202.506,45.82,46.35,46.3,45.14,43.38,44.29,617.0,38.8,2.05,4,16,1676,4,2.15,25.6,85.9,27.3
070C26J627774536S1,AGM70_S1,3,2026-10-05,217.835,219.404,219.533,219.411,207.603,216.691,45.51,45.34,42.79,46.51,45.2,44.45,621.2,52.5,2.07,5,6,1698,5,2.09,26.9,78.8,26.1
070C26J458456078S1,AGM70_S1,1,2026-10-14,211.76,213.138,212.542,210.585,217.698,215.43,44.06,46.25,44.9,46.1,45.48,45.42,623.0,51.4,2.06,3,12,2647,3,2.11,28.1,74.2,23.9
070C26J547039460S1,AGM70_S1,3,2026-10-22,216.542,214.416,216.578,218.106,215.148,213.814,43.46,44.86,46.65,45.4,44.48,46.83,632.4,45.9,2.05,5,17,842,3,2.07,24.4,83.6,21.4
070C26J065804142S1,AGM70_S1,2,2026-10-17,209.812,208.045,217.69,213.983,214.929,210.186,45.38,45.79,43.87,47.91,45.0,43.42,619.5,36.8,2.04,8,11,2153,2,2.07,30.2,86.9,24.7
070C26J175299682S1,AGM70_S1,2,2026-10-01,217.944,217.582,214.545,216.596,221.21,214.239,44.59,46.24,44.65,44.39,45.68,43.6,594.8,57.7,2.04,2,10,2096,3,2.1,27.8,73.8,22.9
070C26J851687964S1,AGM70_S1,3,2026-10-16,213.461,214.21,210.376,217.314,209.951,208.351,45.19,44.31,45.12,45.09,45.34,44.73,624.4,53.6,2.03,5,9,1596,4,2.11,19.9,79.1,24.9
070C26J172510201S1,AGM70_S1,4,2026-10-26,214.094,212.878,220.298,210.575,213.917,216.87,45.47,45.69,46.09,43.9,44.1,44.4,623.9,61.7,2.05,1,11,2595,2,2.15,25.5,70.0,26.2
070C26J937905517S1,AGM70_S1,4,2026-10-03,216.206,215.343,215.956,214.563,211.099,216.515,43.36,45.6,44.8,43.82,43.78,44.75,615.9,46.6,2.0,6,13,1383,4,2.09,28.5,77.7,24.4
070C26J212445957S1,AGM70_S1,2,2026-10-16,208.58,208.441,205.325,212.043,206.912,205.764,44.46,43.71,45.17,43.74,45.42,44.57,628.1,54.7,2.06,3,15,1816,3,2.09,20.7,74.2,22.6
070C26J078541786S1,AGM70_S1,3,2026-10-25,206.777,204.116,196.583,210.032,199.328,206.936,44.69,44.59,45.69,44.24,43.79,45.79,619.2,53.6,2.06,5,14,2092,4,2.07,21.8,79.6,20.1
070C26J395093156S1,AGM70_S1,4,2026-10-04,209.41,206.472,206.609,199.0,200.483,207.46,45.91,43.57,45.12,45.29,45.52,45.05,637.2,47.3,2.08,3,17,1999,3,2.08,21.5,81.6,23.9
070C26J254079209S1,AGM70_S1,2,2026-10-26,201.656,213.057,207.498,207.417,210.76,202.579,44.3,44.54,45.4,45.83,43.18,47.12,636.8,41.7,2.04,10,9,1925,4,2.1,23.8,81.4,28.1
070C26K590695536S1,AGM70_S1,1,2026-11-10,210.896,209.63,215.642,204.282,217.923,215.288,44.25,44.01,46.18,44.25,46.77,46.31,641.1,46.6,2.06,6,11,1460,3,2.13,26.0,81.3,25.4
070C26K258662936S1,AGM70_S1,3,2026-11-16,209.922,207.607,206.561,212.195,204.185,209.71,46.04,46.42,44.9,44.32,45.83,43.95,606.5,40.4,2.09,8,4,2145,3,2.11,29.1,86.6,26.6
070C26K547518318S1,AGM70_S1,3,2026-11-04,206.181,209.412,210.074,209.746,212.384,215.226,44.94,45.58,45.02,44.67,41.9,45.99,603.1,44.4,2.07,5,12,1511,3,2.06,25.7,80.8,25.7
070C26K391730346S1,AGM70_S1,2,2026-11-22,211.112,217.104,219.981,217.898,211.767,210.794,44.92,43.85,47.55,43.43,44.13,42.51,641.4,49.5,2.1,5,16,1678,5,2.08,27.8,77.6,27.7
070C26K392712425S1,AGM70_S1,2,2026-11-04,213.658,211.259,215.834,211.589,208.059,215.753,44.9,45.22,44.3,45.81,44.9,46.78,628.7,50.9,2.04,2,9,1511,4,2.13,29.8,76.9,26.6
070C26K147300978S1,AGM70_S1,4,2026-11-15,206.844,208.311,213.563,211.484,208.83,211.941,43.86,45.67,44.89,44.22,44.6,45.49,636.9,44.5,2.07,7,8,1449,4,2.08,26.8,83.0,23.2
070C26K830476458S1,AGM70_S1,2,2026-11-20,213.575,214.421,213.775,210.033,208.759,210.8,46.24,45.74,45.4,45.04,46.42,46.37,632.4,51.4,2.08,3,4,2031,3,2.09,22.1,77.3,25.8
070C26K773778221S1,AGM70_S1,3,2026-11-18,212.571,204.518,211.271,209.866,212.87,214.34,44.29,43.44,47.51,43.98,46.17,43.91,635.6,52.6,2.04,3,11,1654,1,2.12,24.0,75.6,27.0
070C26K675701483S1,AGM70_S1,2,2026-11-21,214.919,213.161,204.699,214.044,213.703,208.475,44.87,45.94,45.32,44.87,46.88,44.19,624.3,48.0,2.02,2,10,1061,4,2.1,22.2,87.5,26.4
070C26K427925018S1,AGM70_S1,2,2026-11-04,206.483,209.631,204.699,205.487,202.777,205.311,44.36,44.3,44.16,43.56,45.54,45.21,629.9,52.3,2.1,1,4,1551,4,2.12,24.0,75.2,24.4
070C26K357464161S1,AGM70_S1,3,2026-11-20,214.648,211.923,213.841,220.774,218.32,218.034,44.08,45.07,45.35,45.41,45.25,43.66,646.2,45.0,2.06,3,11,1507,2,2.12,26.0,79.5,30.8
070C26K968836885S1,AGM70_S1,2,2026-11-09,206.764,210.486,209.487,202.961,208.018,202.248,46.24,45.39,44.22,44.97,45.69,46.01,614.2,60.5,2.08,7,5,1879,5,2.09,25.4,74.7,23.1
070C26K185559808S1,AGM70_S1,2,2026-11-11,205.393,200.115,199.546,204.457,210.525,206.79,45.62,43.9,44.28,44.66,48.11,45.42,650.7,58.8,1.98,5,6,1579,2,2.0,26.4,75.2,26.2
070C26L448916663S1,AGM70_S1,2,2026-12-21,213.156,203.549,210.241,214.118,213.217,211.649,45.49,43.99,44.27,44.32,45.15,46.58,635.3,49.8,2.08,7,10,1717,2,2.11,24.1,71.2,26.9
070C26L382350148S1,AGM70_S1,1,2026-12-05,205.459,206.541,204.767,204.085,204.192,205.268,44.08,45.5,44.87,44.93,44.58,46.07,636.3,32.7,2.05,4,11,2023,4,2.13,22.1,81.8,25.7
070C26L033759056S1,AGM70_S1,3,2026-12-21,219.667,204.365,210.959,224.199,216.94,216.178,46.03,45.11,44.42,45.08,43.65,45.1,622.0,51.5,2.06,6,10,1878,1,2.11,21.4,80.3,28.2
070C26L335114086S1,AGM70_S1,2,2026-12-18,208.734,208.426,211.587,206.906,213.028,208.8,45.42,45.68,45.14,46.19,42.63,43.66,636.2,40.9,2.0,8,13,1662,3,2.13,24.1,80.2,26.0
070C26L717849624S1,AGM70_S1,3,2026-12-20,209.285,208.01,209.083,206.445,210.062,201.668,45.14,44.26,45.01,44.18,44.69,45.6,631.1,52.4,2.06,4,9,1629,3,2.1,24.7,81.5,22.2
070C26L843956785S1,AGM70_S1,3,2026-12-15,211.134,216.228,208.283,208.056,207.749,213.546,44.12,43.55,44.37,44.11,47.37,43.87,607.9,54.7,2.04,7,3,1495,4,2.1,23.1,80.1,23.1
070C26L370922420S1,AGM70_S1,2,2026-12-15,210.165,210.847,213.323,212.168,212.055,208.677,46.0,45.39,43.89,46.3,46.0,44.17,642.7,48.4,2.06,7,10,1595,5,2.07,26.1,79.5,27.0
070C26L193828040S1,AGM70_S1,4,2026-12-18,214.792,217.841,210.46,213.191,204.135,214.598,45.17,45.75,45.49,42.85,44.0,47.18,630.2,70.0,2.01,7,1,1730,3,2.14,20.5,72.7,27.7
070C26L225319302S1,AGM70_S1,3,2026-12-19,212.49,207.216,212.746,205.018,207.557,210.708,44.96,46.32,45.61,43.4,43.58,44.92,622.1,62.4,2.05,4,5,1511,4,2.15,26.1,74.2,24.1
070C26L356470355S1,AGM70_S1,3,2026-12-15,210.879,211.574,211.292,209.59,207.325,212.856,44.45,46.93,45.57,45.39,45.72,45.01,642.0,63.1,2.06,4,11,1933,3,2.04,29.5,74.0,28.1
070C26L570942499S1,AGM70_S1,1,2026-12-03,211.639,211.262,213.569,213.595,219.034,219.357,44.44,45.04,43.62,45.74,45.07,44.13,613.8,55.8,2.04,2,13,1532,1,2.08,26.0,70.0,19.6
070C26L922171656S1,AGM70_S1,3,2026-12-17,217.349,219.484,207.987,215.689,216.715,215.29,44.61,45.7,44.39,46.35,44.16,46.87,618.4,59.8,2.08,2,7,1997,3,2.13,20.0,79.0,29.0
070C26L993144742S1,AGM70_S1,3,2026-12-21,211.402,211.463,211.775,210.606,205.849,210.422,46.29,44.34,44.02,44.46,45.18,42.82,624.3,39.8,2.06,4,7,1991,4,2.04,26.5,75.9,28.3
070C26A562344872Y1,AGM70_Y1,1,2026-01-22,209.851,208.901,210.001,211.653,209.3,213.5,46.99,45.29,45.41,45.1,44.04,45.38,625.8,46.5,2.08,3,8,2149,4,2.08,23.8,72.1,23.5
070C26A535256009Y1,AGM70_Y1,3,2026-01-17,202.667,203.09,200.681,205.246,204.752,204.416,44.89,45.03,46.11,45.98,44.55,44.71,622.2,38.3,2.04,5,13,1896,4,2.1,26.9,85.7,24.6
070C26A873012088Y1,AGM70_Y1,2,2026-01-16,201.746,203.839,203.48,200.464,205.391,204.078,45.61,44.04,44.29,44.29,47.86,45.03,642.6,49.6,2.11,7,12,1750,3,2.14,29.8,76.1,23.5
070C26A102495679Y1,AGM70_Y1,4,2026-01-11,219.497,219.704,215.74,221.625,215.279,216.981,44.05,42.06,43.94,43.22,44.95,45.45,616.0,45.2,2.07,1,7,2040,2,2.05,23.4,84.4,26.0
070C26A879743611Y1,AGM70_Y1,3,2026-01-17,198.827,207.44,205.027,200.93,204.499,209.261,45.62,46.24,44.72,44.36,44.79,42.21,631.3,58.2,2.04,5,8,1577,2,2.07,23.3,74.8,26.1
070C26A841368008Y1,AGM70_Y1,3,2026-01-13,216.19,214.412,214.497,214.818,216.173,208.416,44.09,45.23,43.44,44.69,44.17,45.61,644.3,42.9,2.04,8,18,1839,3,2.08,22.4,73.5,23.3
070C26A518914489Y1,AGM70_Y1,4,2026-01-19,206.221,208.494,207.898,206.544,207.987,208.057,44.2,45.25,44.12,45.37,44.28,45.55,621.4,41.5,2.04,10,10,1829,3,2.08,27.1,78.0,25.4
070C26A293030690Y1,AGM70_Y1,4,2026-01-11,207.089,205.602,212.388,205.071,205.802,205.587,45.5,46.24,44.4,45.59,44.64,46.61,632.6,36.7,2.1,5,13,1442,1,2.09,22.3,87.4,23.6
070C26A517251442Y1,AGM70_Y1,2,2026-01-08,205.172,216.741,211.243,214.077,213.789,208.286,44.91,44.41,45.64,45.03,44.19,44.21,617.7,44.9,2.08,5,1,2204,3,2.1,23.9,81.7,27.9
070C26A973168221Y1,AGM70_Y1,3,2026-01-14,215.987,216.367,212.953,206.753,215.853,211.964,43.69,44.96,44.95,45.78,44.89,44.74,619.6,50.7,1.96,2,12,1466,3,2.07,26.8,78.6,24.2
070C26A530385566Y1,AGM70_Y1,3,2026-01-27,208.369,211.588,215.154,211.022,207.524,211.452,45.65,45.8,45.07,44.8,45.39,44.08,616.8,53.0,2.07,3,12,1588,2,2.12,24.4,76.2,23.9
070C26A658034678Y1,AGM70_Y1,4,2026-01-02,207.969,210.346,203.765,208.566,207.893,207.499,44.49,44.54,43.85,43.42,45.28,43.04,614.0,38.7,1.99,6,12,1979,2,2.05,27.6,84.2,25.2
070C26A947559916Y1,AGM70_Y1,3,2026-01-15,205.289,204.016,205.733,207.306,208.462,208.165,44.12,45.4,44.63,44.33,44.21,44.93,643.5,42.7,2.05,5,3,1780,2,2.11,23.8,82.0,19.0
070C26B117733076Y1,AGM70_Y1,3,2026-02-10,210.937,209.61,218.015,214.884,211.308,212.837,45.1,44.81,43.03,45.44,44.61,46.7,623.4,44.2,2.03,8,16,1650,2,2.05,25.1,77.2,22.7
070C26B266505267Y1,AGM70_Y1,1,2026-02-27,211.497,211.241,212.801,201.163,207.578,209.001,45.75,46.58,44.3,45.73,44.72,45.64,625.2,68.6,2.02,6,12,1220,4,2.06,21.4,71.7,23.5
070C26B917480488Y1,AGM70_Y1,3,2026-02-02,210.196,210.666,213.518,214.177,212.036,212.414,46.89,45.7,45.55,45.81,46.27,45.55,613.2,46.4,2.09,7,8,1389,3,2.07,24.4,81.3,25.5
070C26B414475885Y1,AGM70_Y1,4,2026-02-15,207.222,204.046,215.718,209.494,205.869,209.904,44.88,44.49,45.62,46.34,44.5,46.37,645.3,58.6,2.05,5,1,1756,3,2.06,25.1,78.8,28.0
070C26B548046122Y1,AGM70_Y1,4,2026-02-07,210.334,210.096,216.041,209.8,214.874,213.611,45.5,45.27,43.45,44.08,42.99,44.21,636.9,51.8,2.03,8,10,1727,5,2.07,24.0,80.1,26.6
070C26B174771965Y1,AGM70_Y1,3,2026-02-26,216.468,214.95,215.848,213.208,213.994,212.819,44.57,44.67,43.55,46.82,44.59,45.94,621.1,46.1,2.03,6,8,1460,2,2.08,20.9,74.7,28.4
070C26B389588325Y1,AGM70_Y1,5,2026-02-13,212.534,209.386,209.435,207.126,210.145,210.125,46.42,44.86,46.15,44.29,44.9,45.9,612.3,39.8,2.03,5,9,2285,3,2.12,23.7,75.0,27.2
070C26B492065949Y1,AGM70_Y1,3,2026-02-27,214.858,217.208,216.426,213.012,219.654,215.165,46.06,45.81,46.33,44.04,44.88,43.39,639.0,36.7,2.05,7,8,1799,2,2.09,22.5,85.2,24.5
070C26B435128073Y1,AGM70_Y1,4,2026-02-22,204.589,202.04,204.816,201.292,196.714,209.296,45.22,45.17,43.86,44.68,44.9,43.27,633.3,64.2,2.02,3,8,1709,4,2.14,26.4,74.7,21.5
070C26B254049512Y1,AGM70_Y1,3,2026-02-15,213.819,213.367,214.926,214.993,214.374,214.144,43.48,47.66,45.12,44.14,46.27,44.38,632.4,46.2,2.04,3,13,2054,4,2.08,24.8,74.0,27.0
070C26B292586709Y1,AGM70_Y1,4,2026-02-15,209.204,209.008,208.099,208.845,211.122,209.15,44.74,47.18,45.91,46.22,43.9,43.56,612.9,39.0,2.06,6,11,1710,4,2.11,24.5,75.0,25.2
070C26B304545657Y1,AGM70_Y1,3,2026-02-15,214.72,212.669,209.289,212.324,212.977,212.881,43.56,45.95,45.68,45.26,45.3,45.25,603.7,39.2,2.01,7,11,1857,4,2.1,23.9,77.1,23.1
070C26B045083885Y1,AGM70_Y1,2,2026-02-20,213.054,209.889,211.977,211.911,211.833,214.602,44.48,43.99,45.69,44.29,45.01,44.69,621.9,62.5,2.09,3,9,1752,2,2.14,22.7,70.0,26.0
070C26C322304420Y1,AGM70_Y1,2,2026-03-18,202.644,201.415,205.355,198.526,197.63,205.451,44.79,46.17,46.57,45.09,43.2,44.78,624.6,54.7,2.01,5,9,1365,5,2.08,27.4,80.5,23.6
070C26C000349668Y1,AGM70_Y1,3,2026-03-19,200.939,202.221,202.595,204.283,202.582,201.438,46.74,45.39,45.22,44.02,43.37,43.65,619.9,48.4,2.01,2,13,1390,2,2.07,26.8,76.6,21.1
070C26C892796073Y1,AGM70_Y1,2,2026-03-12,217.673,213.518,214.971,220.966,212.176,216.613,45.1,46.81,43.49,43.65,44.39,46.16,655.8,51.4,2.06,9,9,1533,2,2.08,28.5,81.2,21.3
070C26C751461035Y1,AGM70_Y1,4,2026-03-16,204.673,210.723,208.84,211.882,201.205,207.514,45.55,45.33,44.34,44.24,44.15,45.24,634.0,45.3,2.08,5,12,1663,3,2.12,28.0,82.8,23.2
070C26C406717425Y1,AGM70_Y1,3,2026-03-20,209.56,209.26,209.393,208.162,209.034,208.94,44.17,43.6,45.85,43.8,45.96,44.11,629.2,47.6,2.05,5,13,1417,2,2.1,28.3,80.5,22.4
070C26C360389193Y1,AGM70_Y1,3,2026-03-17,212.007,211.925,211.556,210.514,211.479,217.504,45.91,45.6,44.22,44.45,44.06,44.55,629.7,57.6,2.04,2,12,1877,3,2.09,22.2,73.9,30.5
070C26C874275910Y1,AGM70_Y1,1,2026-03-26,210.942,217.076,206.482,215.32,212.539,211.141,45.18,45.36,44.41,43.67,46.21,45.1,625.3,55.3,2.02,5,10,2423,2,2.11,27.0,81.3,22.0
070C26C955875327Y1,AGM70_Y1,3,2026-03-06,207.866,207.315,203.681,203.423,206.002,204.052,44.77,44.84,44.22,44.44,45.45,44.87,618.2,44.9,2.02,6,15,2036,4,2.12,27.2,78.6,20.8
070C26C038591503Y1,AGM70_Y1,3,2026-03-26,213.23,210.654,211.981,211.731,210.002,211.706,46.68,45.29,45.78,45.64,44.66,45.66,626.1,60.3,2.02,6,15,2062,4,2.12,23.7,71.0,19.7
070C26C583614932Y1,AGM70_Y1,1,2026-03-20,202.417,211.79,209.278,205.011,212.986,209.864,45.04,45.21,46.37,44.16,44.46,45.39,615.0,51.0,2.03,2,5,2225,3,2.09,29.4,85.8,23.4
070C26C898924083Y1,AGM70_Y1,3,2026-03-14,216.565,212.912,211.372,203.484,209.887,207.674,45.95,43.89,46.39,44.77,46.55,45.15,600.1,59.1,2.06,2,18,1610,3,2.11,25.3,77.7,22.1
070C26C118118175Y1,AGM70_Y1,1,2026-03-03,207.912,210.01,210.002,206.692,213.886,213.088,45.42,44.8,45.31,44.33,44.21,43.13,644.1,58.3,2.05,8,8,2204,1,2.08,29.9,79.8,29.1
070C26C293035060Y1,AGM70_Y1,2,2026-03-03,204.26,206.049,210.749,216.077,214.284,209.932,45.51,48.24,45.57,45.46,44.84,47.54,622.9,47.3,2.09,5,9,1647,3,2.09,24.6,83.3,23.6
070C26D454625689Y1,AGM70_Y1,3,2026-04-15,207.243,206.455,210.304,207.244,209.403,203.254,44.06,45.07,46.97,44.67,44.4,44.24,628.3,45.6,2.04,7,10,1805,1,2.12,21.1,80.1,26.1
070C26D094064814Y1,AGM70_Y1,4,2026-04-07,214.08,216.451,210.594,210.704,209.118,212.502,43.97,45.79,45.09,43.73,44.66,44.33,634.1,52.1,2.07,3,18,2141,4,2.13,21.2,78.7,21.4
070C26D241198061Y1,AGM70_Y1,5,2026-04-02,222.163,226.673,222.693,216.625,220.262,220.94,44.27,42.69,46.74,46.51,45.22,44.31,612.4,48.8,2.08,7,12,2289,3,2.08,27.4,80.3,26.8
070C26D777303468Y1,AGM70_Y1,3,2026-04-02,214.694,211.653,209.45,214.092,210.394,214.411,44.61,44.66,44.94,44.89,45.95,45.74,648.9,48.7,2.0,3,11,1856,4,2.1,25.9,80.6,23.4
070C26D163602990Y1,AGM70_Y1,2,2026-04-04,210.903,212.85,212.414,207.599,211.632,208.201,44.17,44.92,44.89,44.35,45.47,44.52,618.3,46.1,2.05,6,8,1314,2,2.07,25.3,73.5,24.9
070C26D403539364Y1,AGM70_Y1,3,2026-04-04,212.523,208.201,211.945,202.173,209.953,212.061,46.45,44.56,45.51,46.56,46.79,44.56,608.3,37.7,2.09,6,10,1760,4,2.11,22.6,82.6,29.2
070C26D944909859Y1,AGM70_Y1,3,2026-04-21,218.927,219.094,211.047,221.425,217.26,218.483,46.56,45.95,44.8,45.04,44.91,45.45,606.5,57.3,2.04,3,5,2124,7,2.13,27.0,79.8,25.1
070C26D515486795Y1,AGM70_Y1,4,2026-04-11,219.943,213.834,218.226,218.397,216.429,222.016,43.47,45.9,44.87,45.97,45.24,44.25,627.8,43.7,2.06,4,8,2029,3,2.1,22.0,72.1,23.0
070C26D370711613Y1,AGM70_Y1,2,2026-04-24,209.217,212.688,214.564,210.357,218.447,211.047,45.53,47.03,43.82,46.75,44.05,43.7,635.9,52.3,2.05,7,9,1166,3,2.07,22.8,75.9,28.5
070C26D430298742Y1,AGM70_Y1,4,2026-04-24,211.189,219.91,220.932,218.131,222.266,220.358,44.13,43.96,45.92,45.25,44.7,45.79,627.1,54.4,2.04,4,9,2682,4,2.14,27.1,82.8,24.0
070C26D419473888Y1,AGM70_Y1,3,2026-04-11,206.759,210.959,205.978,203.936,208.139,214.489,46.07,46.16,45.54,45.46,44.96,46.45,625.6,58.3,2.1,4,7,1453,4,2.05,23.7,71.1,25.6
070C26D604131305Y1,AGM70_Y1,3,2026-04-05,211.407,210.766,208.91,205.712,207.854,207.583,44.49,44.93,45.46,46.67,45.58,44.12,613.6,50.2,2.06,1,13,1567,3,2.14,29.6,74.8,22.7
070C26D601352968Y1,AGM70_Y1,2,2026-04-03,210.516,206.068,205.238,207.921,205.743,207.968,45.22,45.12,46.13,43.72,46.17,45.66,613.7,28.8,2.07,4,11,1827,3,2.1,30.5,79.9,24.7
070C26E228497746Y1,AGM70_Y1,3,2026-05-13,201.614,201.769,204.707,205.597,204.977,202.525,45.05,46.87,43.65,44.02,46.29,45.4,598.2,50.4,2.05,4,12,1723,3,2.1,23.2,77.4,27.3
070C26E950369777Y1,AGM70_Y1,4,2026-05-22,214.317,215.551,210.469,218.513,212.413,214.628,43.99,44.48,43.09,48.17,44.73,45.58,618.8,50.7,2.06,7,12,1657,2,2.09,25.5,82.8,26.7
070C26E427227717Y1,AGM70_Y1,3,2026-05-16,207.311,206.688,203.752,202.589,208.047,204.514,44.9,43.5,44.12,44.21,45.31,45.17,618.5,46.7,2.06,7,11,1313,3,2.07,23.0,75.9,26.5
070C26E314558863Y1,AGM70_Y1,2,2026-05-14,204.288,206.492,209.392,210.669,210.119,210.079,43.96,46.87,46.46,44.4,44.94,45.43,623.7,47.8,2.04,3,17,1637,2,2.07,24.5,77.0,25.2
070C26E968141363Y1,AGM70_Y1,4,2026-05-03,202.334,202.723,203.166,200.302,202.752,207.571,43.41,45.71,44.53,45.45,44.9,43.68,633.4,41.4,2.11,3,17,1384,3,2.11,27.4,87.1,23.1
070C26E091643040Y1,AGM70_Y1,4,2026-05-10,204.814,198.418,201.948,203.309,205.816,202.143,44.28,42.45,44.94,44.8,45.86,46.55,632.2,41.7,2.09,5,15,1740,4,2.1,18.2,80.4,22.0
070C26E345595004Y1,AGM70_Y1,4,2026-05-02,215.02,216.352,209.926,210.441,206.277,208.407,44.87,45.31,42.85,46.19,43.53,44.14,620.4,43.5,2.03,3,11,1874,1,2.06,26.5,77.9,22.4
070C26E270580589Y1,AGM70_Y1,3,2026-05-26,204.725,205.309,206.952,205.606,202.191,210.572,44.26,45.61,46.25,44.81,44.76,46.89,621.6,61.0,2.08,6,6,2184,4,2.1,24.7,74.8,23.6
070C26E312254081Y1,AGM70_Y1,3,2026-05-17,214.388,212.859,213.178,216.527,215.322,212.485,44.58,46.2,44.9,45.01,44.31,46.41,621.2,45.0,2.08,2,10,1726,3,2.08,25.7,75.3,25.5
070C26E685091148Y1,AGM70_Y1,2,2026-05-22,215.889,214.756,214.981,216.881,216.037,216.512,44.38,43.52,46.54,46.13,44.4,44.66,639.6,35.6,2.06,3,9,2144,3,2.07,23.6,84.3,21.9
070C26E413242141Y1,AGM70_Y1,3,2026-05-24,202.453,204.592,201.928,205.953,206.204,208.466,45.46,46.15,46.09,44.79,44.61,44.63,621.1,41.4,2.07,3,14,2071,5,2.08,26.4,81.0,31.1
070C26E411120591Y1,AGM70_Y1,3,2026-05-11,214.518,209.432,204.844,203.937,210.237,210.276,44.47,45.18,45.06,43.87,44.1,44.92,635.7,67.5,2.08,3,13,1764,5,2.11,24.1,77.5,22.9
070C26E457839795Y1,AGM70_Y1,4,2026-05-06,203.102,210.494,206.048,204.034,213.663,203.883,45.84,44.02,44.7,41.56,45.54,43.2,648.4,53.1,2.05,2,14,2405,2,2.08,28.3,77.7,23.7
070C26F960844750Y1,AGM70_Y1,2,2026-06-11,204.295,215.18,216.079,214.008,211.573,209.358,46.18,44.79,45.43,45.48,46.16,44.76,630.0,52.8,2.02,5,15,2378,3,2.08,24.4,80.6,23.5
070C26F484823180Y1,AGM70_Y1,2,2026-06-03,210.787,214.473,204.541,215.412,214.463,216.92,46.35,45.19,45.46,44.56,44.18,44.13,609.5,43.1,2.05,4,11,1632,6,2.07,24.6,79.9,22.4
070C26F550482198Y1,AGM70_Y1,3,2026-06-02,207.741,213.336,211.721,213.163,210.413,209.498,44.72,45.24,44.61,44.35,43.92,42.71,629.4,44.2,2.08,3,11,2162,3,2.12,25.2,82.9,23.7
070C26F579422488Y1,AGM70_Y1,3,2026-06-14,216.255,208.758,213.459,216.533,214.19,215.28,42.33,43.07,44.62,45.61,44.29,45.24,625.6,56.5,2.05,5,10,1704,3,2.1,22.2,79.7,29.6
070C26F021616594Y1,AGM70_Y1,2,2026-06-01,202.9,205.266,204.149,202.487,201.17,204.832,44.29,44.57,47.21,44.59,47.08,44.8,641.8,50.8,2.03,6,9,1974,2,2.12,25.0,79.4,21.1
070C26F148561361Y1,AGM70_Y1,2,2026-06-12,214.817,214.068,207.854,216.907,211.948,210.858,45.55,45.28,44.3,46.47,44.02,44.68,648.0,50.4,2.09,7,6,1619,2,2.06,23.9,78.0,24.8
070C26F749645713Y1,AGM70_Y1,1,2026-06-04,214.28,215.865,207.24,217.528,216.677,212.812,45.93,44.02,45.03,45.41,45.57,45.07,606.5,49.1,2.02,5,7,1700,3,2.1,25.9,85.0,26.5
070C26F409048365Y1,AGM70_Y1,1,2026-06-09,218.355,215.94,215.279,208.83,215.277,215.235,44.0,44.71,46.94,44.22,43.49,43.99,629.3,56.4,2.07,6,11,1779,2,2.11,26.9,86.3,25.7
070C26F597332983Y1,AGM70_Y1,3,2026-06-13,210.146,213.087,209.719,212.552,208.863,208.121,46.06,45.31,44.43,45.98,44.02,46.99,617.7,46.3,2.05,7,10,1587,4,2.08,25.4,80.6,22.7
070C26F910920990Y1,AGM70_Y1,2,2026-06-13,212.201,211.775,208.804,210.556,210.28,209.031,44.7,45.47,43.89,46.0,43.5,45.05,633.5,41.0,2.08,8,3,2266,5,2.07,29.2,84.7,22.7
070C26F686557506Y1,AGM70_Y1,5,2026-06-16,211.591,214.954,214.89,214.973,215.377,216.261,44.86,44.13,42.07,46.15,43.94,45.56,661.7,43.0,2.1,4,7,2157,3,2.09,24.8,73.9,25.4
070C26F364475105Y1,AGM70_Y1,4,2026-06-27,200.877,204.153,198.437,207.46,202.367,205.873,46.12,44.43,45.16,45.31,44.93,44.5,643.7,50.5,2.09,3,10,2114,1,2.1,28.2,79.0,26.8
070C26F108720854Y1,AGM70_Y1,4,2026-06-17,211.497,212.151,211.129,209.08,206.83,206.867,43.47,45.61,43.95,46.31,43.82,44.56,619.6,54.2,2.09,6,7,2418,2,2.14,26.0,70.0,27.2
070C26G039065364Y1,AGM70_Y1,5,2026-07-27,213.968,203.943,205.751,206.804,206.733,212.523,47.53,43.53,45.5,46.4,43.46,45.25,640.2,50.9,2.09,5,10,2067,6,2.1,23.6,76.8,25.3
070C26G316562895Y1,AGM70_Y1,4,2026-07-22,214.608,209.562,217.641,217.351,214.207,209.24,45.04,46.15,46.3,44.17,45.57,46.08,629.9,50.0,2.05,4,9,1720,2,2.1,31.5,76.3,23.2
070C26G354822846Y1,AGM70_Y1,4,2026-07-01,210.972,210.481,209.927,210.755,209.953,208.687,45.19,45.21,44.14,43.51,44.74,42.62,613.1,27.7,2.05,5,15,1352,3,2.07,25.2,85.3,23.3
070C26G164776506Y1,AGM70_Y1,4,2026-07-04,210.801,209.411,209.095,208.415,210.571,212.662,44.29,45.12,44.55,44.66,44.41,44.76,644.9,47.6,2.01,1,19,1846,4,2.11,28.4,79.2,28.0
070C26G532271423Y1,AGM70_Y1,3,2026-07-07,213.147,210.146,212.361,210.699,209.929,209.452,45.76,44.48,45.01,45.42,43.84,43.16,608.1,48.4,2.03,4,10,1299,3,2.13,30.0,72.2,28.9
070C26G177488702Y1,AGM70_Y1,2,2026-07-02,207.409,208.087,204.787,211.568,211.479,200.199,44.91,44.28,45.67,43.83,44.82,45.69,628.8,58.4,2.05,4,4,1668,3,2.11,22.6,70.1,26.5
070C26G506846461Y1,AGM70_Y1,2,2026-07-24,220.051,219.134,216.053,218.578,216.279,219.058,44.93,46.06,44.02,45.48,43.77,45.16,619.1,49.6,2.05,5,16,1489,2,2.11,24.2,74.6,29.9
070C26G802476429Y1,AGM70_Y1,3,2026-07-21,219.372,219.889,217.795,213.018,213.769,215.458,44.63,44.62,45.58,45.18,42.98,43.85,632.3,49.9,2.01,5,9,1673,4,2.06,24.4,76.3,26.8
070C26G135161837Y1,AGM70_Y1,3,2026-07-16,200.616,208.81,216.377,207.873,209.012,207.031,45.63,46.72,45.76,44.94,43.38,46.31,625.7,49.1,2.09,3,17,1792,4,2.1,20.0,83.2,24.9
070C26G832966113Y1,AGM70_Y1,3,2026-07-17,210.989,211.748,209.325,210.239,212.122,213.45,44.28,44.67,45.72,44.96,45.45,47.01,639.7,54.8,2.03,4,8,1797,4,2.06,26.7,77.2,32.0
070C26G546874893Y1,AGM70_Y1,3,2026-07-25,200.251,199.957,203.097,204.933,203.589,199.755,46.49,44.45,45.05,43.53,45.16,44.75,643.0,52.6,2.05,5,6,1641,3,2.15,19.6,70.0,28.8
070C26G645571177Y1,AGM70_Y1,3,2026-07-05,208.958,226.195,214.424,222.952,208.908,213.859,44.74,44.1,46.59,43.89,45.34,45.52,626.6,61.6,2.03,6,12,2094,3,2.12,24.7,76.7,21.7
070C26G798104150Y1,AGM70_Y1,3,2026-07-07,212.075,213.677,214.113,217.692,210.85,216.599,44.72,44.52,45.04,44.12,46.49,46.07,640.9,43.8,2.04,3,12,1616,3,2.08,20.9,81.9,27.3
070C26H961931975Y1,AGM70_Y1,3,2026-08-07,208.984,217.465,203.88,209.744,207.685,208.506,45.06,43.27,43.93,44.18,45.73,45.45,641.7,58.8,2.01,5,9,1810,4,2.1,23.1,73.3,21.0
070C26H463386405Y1,AGM70_Y1,4,2026-08-08,205.331,206.465,202.946,204.655,203.696,204.342,42.19,46.46,44.44,44.94,44.79,43.96,626.2,38.2,2.07,5,16,1555,2,2.08,29.1,80.1,26.6
070C26H376828941Y1,AGM70_Y1,4,2026-08-25,218.556,212.198,213.844,213.281,215.733,216.247,44.63,44.96,44.38,45.04,44.0,44.48,636.3,40.3,2.04,1,6,2096,2,2.12,25.3,81.7,30.3
070C26H614266711Y1,AGM70_Y1,2,2026-08-11,209.006,205.61,206.77,210.209,207.359,206.7,44.93,46.03,43.34,44.07,44.42,46.07,625.0,51.5,2.12,8,17,1778,3,2.06,24.1,76.8,28.4
070C26H371585161Y1,AGM70_Y1,3,2026-08-05,210.798,203.6,202.006,203.335,204.139,201.531,46.03,44.6,46.79,44.83,45.17,44.57,623.5,49.5,2.01,4,10,1416,3,2.13,24.8,77.2,21.7
070C26H250777152Y1,AGM70_Y1,2,2026-08-11,206.071,205.414,208.219,201.745,207.215,205.29,44.83,45.78,45.44,44.53,44.94,47.09,628.2,52.6,2.02,4,11,1583,2,2.1,20.2,79.7,24.8
070C26H287619373Y1,AGM70_Y1,3,2026-08-20,200.8,202.047,202.621,202.351,203.129,202.856,42.9,43.97,45.13,44.34,45.09,45.7,643.7,42.4,2.05,3,8,1818,3,2.1,32.1,73.2,26.7
070C26H212795886Y1,AGM70_Y1,3,2026-08-05,209.25,208.579,209.953,209.356,209.275,208.368,43.29,46.03,45.11,44.99,45.06,46.54,627.3,32.4,1.99,7,11,2293,2,2.11,29.0,81.1,21.6
070C26H447121413Y1,AGM70_Y1,4,2026-08-12,207.588,213.687,202.353,204.193,212.425,212.08,47.44,47.0,44.36,44.51,44.63,45.47,620.4,59.3,2.13,4,14,1768,3,2.13,23.9,74.6,24.6
070C26H234906475Y1,AGM70_Y1,2,2026-08-27,210.286,212.275,212.356,214.44,213.728,211.31,45.2,46.04,44.01,45.78,45.77,45.01,611.8,64.0,2.05,4,5,1933,2,2.08,23.2,75.9,28.3
070C26H671311306Y1,AGM70_Y1,3,2026-08-25,206.227,207.154,207.962,207.379,211.125,207.884,42.4,46.23,44.79,45.91,44.74,44.35,642.0,42.7,2.05,5,17,1961,1,2.1,28.2,81.4,25.6
070C26H859930875Y1,AGM70_Y1,4,2026-08-11,201.504,203.41,203.734,208.805,205.985,204.291,45.36,45.83,45.29,45.74,44.4,45.15,619.4,54.0,2.07,7,18,1672,2,2.07,23.7,78.7,29.8
070C26H829809110Y1,AGM70_Y1,3,2026-08-27,205.064,204.433,205.043,206.941,204.943,205.542,44.98,45.04,44.36,46.04,44.61,45.71,634.9,34.7,2.02,5,14,1771,1,2.09,26.3,81.5,20.1
070C26I206748877Y1,AGM70_Y1,2,2026-09-15,208.586,204.803,199.019,207.7,202.083,204.782,45.07,43.78,45.42,45.47,45.34,44.85,636.7,54.1,2.08,5,8,1287,1,2.04,30.7,81.7,25.6
070C26I263736044Y1,AGM70_Y1,3,2026-09-08,215.317,213.058,212.967,214.623,215.329,216.726,44.87,45.06,45.31,44.53,42.54,47.48,656.6,44.0,2.04,2,13,1508,3,2.1,23.2,74.6,27.2
070C26I670903300Y1,AGM70_Y1,4,2026-09-18,208.066,209.626,206.807,204.332,206.422,210.835,44.61,44.26,45.8,46.06,45.6,46.13,628.4,41.0,2.05,4,3,2315,2,2.07,22.5,77.8,26.0
070C26I137188313Y1,AGM70_Y1,3,2026-09-22,210.103,213.988,211.989,203.978,211.809,204.36,44.45,44.09,43.16,45.5,44.63,45.08,621.8,64.1,2.01,6,16,2648,3,2.14,30.7,70.5,21.3
070C26I279851993Y1,AGM70_Y1,3,2026-09-20,213.994,211.621,211.81,214.743,207.867,208.629,44.67,44.89,45.4,44.83,44.18,45.82,624.7,46.6,2.03,2,7,1104,3,2.08,24.9,77.8,24.0
070C26I217809725Y1,AGM70_Y1,3,2026-09-10,211.51,219.114,217.361,217.804,214.253,215.926,45.43,44.51,46.9,45.69,44.6,46.3,634.7,42.6,2.02,1,4,1528,3,2.09,29.9,79.7,26.4
070C26I211238955Y1,AGM70_Y1,2,2026-09-22,211.599,208.034,206.24,205.541,207.941,210.181,43.8,44.01,45.13,45.08,45.83,45.15,644.7,60.0,2.05,5,10,1591,2,2.09,26.3,77.6,20.5
070C26I824494108Y1,AGM70_Y1,1,2026-09-06,208.791,208.854,207.569,207.469,206.664,205.047,45.19,45.21,44.74,43.8,44.07,44.35,636.4,40.1,2.07,7,9,1561,3,2.05,27.0,76.8,25.0
070C26I466949823Y1,AGM70_Y1,3,2026-09-07,201.891,204.901,211.824,208.483,202.466,202.642,46.04,45.55,44.84,44.3,44.77,45.59,627.8,46.9,2.08,5,10,2092,3,2.06,29.7,85.1,24.8
070C26I982266086Y1,AGM70_Y1,2,2026-09-06,205.028,206.598,205.481,205.502,202.14,205.823,45.7,45.22,46.07,45.37,45.4,44.53,612.5,51.5,2.08,4,9,1500,3,2.13,26.3,80.9,29.8
070C26I208608429Y1,AGM70_Y1,2,2026-09-01,208.401,213.551,211.295,209.036,209.58,211.034,45.3,43.98,45.09,45.41,46.79,46.37,640.3,50.9,2.0,7,7,1426,3,2.14,25.5,72.8,22.2
070C26I046741887Y1,AGM70_Y1,4,2026-09-23,198.344,201.671,205.31,207.737,202.914,207.801,45.39,44.5,44.87,46.42,43.49,44.23,626.5,53.1,2.03,5,14,1495,4,2.15,25.7,76.6,24.5
070C26I740341693Y1,AGM70_Y1,4,2026-09-18,209.074,207.026,207.651,202.694,200.173,203.032,45.62,44.12,45.13,45.48,44.88,43.52,635.0,55.3,2.07,6,14,1441,1,2.17,32.8,77.3,23.5
070C26J464678595Y1,AGM70_Y1,3,2026-10-19,211.383,207.178,205.437,209.416,201.424,208.209,44.61,44.47,47.46,46.56,45.64,45.91,622.2,54.4,2.03,5,8,1699,2,2.11,19.7,79.7,26.7
070C26J549285773Y1,AGM70_Y1,3,2026-10-20,209.42,209.132,210.22,209.727,207.101,210.0,43.67,46.39,45.35,45.59,44.39,46.86,639.5,38.8,2.06,6,5,2025,4,2.07,26.9,80.0,22.2
070C26J439294232Y1,AGM70_Y1,3,2026-10-04,214.332,215.89,207.719,207.316,211.706,212.959,45.27,47.58,46.18,45.11,45.35,45.99,645.9,45.4,2.04,6,7,1682,3,2.11,23.2,83.6,24.1
070C26J198954459Y1,AGM70_Y1,3,2026-10-10,207.552,207.754,208.582,206.079,204.134,203.602,43.85,46.34,44.64,45.76,44.48,44.37,618.3,40.2,2.08,5,11,1864,2,2.06,24.6,79.1,26.6
070C26J946527233Y1,AGM70_Y1,3,2026-10-19,206.304,207.938,202.107,209.3,212.439,208.699,43.82,44.06,45.65,43.25,45.13,45.69,626.1,59.5,2.06,7,6,1731,4,2.1,25.1,71.5,24.7
070C26J467610651Y1,AGM70_Y1,3,2026-10-01,218.241,210.397,210.931,210.152,211.677,218.366,45.52,45.3,45.68,46.29,43.75,45.68,648.8,55.5,2.08,6,13,1733,3,2.12,27.7,79.9,21.7
070C26J774834939Y1,AGM70_Y1,3,2026-10-18,208.325,211.751,213.439,207.186,209.637,204.44,43.07,46.02,43.7,45.16,44.58,43.55,632.4,61.9,2.1,4,11,1995,3,2.07,22.8,70.4,22.3
070C26J942755237Y1,AGM70_Y1,5,2026-10-12,208.569,205.912,210.046,214.913,213.971,207.812,44.14,45.81,43.52,44.98,44.43,45.11,626.4,58.0,2.04,1,9,1734,4,2.09,27.5,83.2,20.4
070C26J845741025Y1,AGM70_Y1,3,2026-10-20,220.425,214.9,215.554,217.485,212.807,213.283,43.45,44.85,45.76,45.13,46.76,44.64,630.0,58.1,1.99,7,11,1733,5,2.08,27.0,70.8,32.3
070C26J803237566Y1,AGM70_Y1,4,2026-10-12,207.164,207.064,208.918,203.747,211.453,207.506,43.09,46.07,45.25,45.18,45.15,46.54,629.6,55.9,2.06,7,12,1670,2,2.07,24.7,77.1,24.2
070C26J183910092Y1,AGM70_Y1,3,2026-10-20,212.519,214.788,214.274,212.383,214.911,212.668,45.42,44.39,44.8,43.5,46.34,45.46,636.1,54.6,2.05,9,12,1634,3,2.12,23.0,78.2,26.4
070C26J849847208Y1,AGM70_Y1,2,2026-10-18,212.306,212.82,205.633,211.231,212.161,204.229,46.1,43.32,44.6,45.28,45.06,43.34,651.5,60.6,2.07,7,4,1547,3,2.11,25.0,77.6,23.7
070C26J799411250Y1,AGM70_Y1,3,2026-10-11,207.514,203.792,213.729,209.149,199.931,203.466,46.97,46.19,44.69,44.4,45.13,45.3,641.8,62.5,2.06,4,7,2501,3,2.09,26.4,77.9,21.7
070C26K593089342Y1,AGM70_Y1,5,2026-11-20,198.629,202.976,197.497,198.89,210.176,204.994,45.11,45.15,45.14,45.75,44.41,42.68,620.7,54.6,2.06,8,9,1380,4,2.06,29.4,81.5,24.2
070C26K101933869Y1,AGM70_Y1,1,2026-11-16,213.449,209.903,215.82,207.172,207.89,214.643,44.84,46.42,43.21,45.51,44.74,45.49,630.7,50.7,2.05,6,11,1372,2,2.12,30.3,81.2,25.3
070C26K152693074Y1,AGM70_Y1,4,2026-11-20,206.689,209.218,206.016,208.36,205.958,210.913,46.06,45.49,45.05,43.75,43.69,42.97,619.5,37.4,2.06,2,5,1970,1,2.14,28.0,81.7,22.6
070C26K900910103Y1,AGM70_Y1,2,2026-11-07,216.944,218.681,220.39,220.577,216.223,214.514,44.75,43.96,46.54,45.96,44.5,42.93,614.4,46.5,2.08,1,10,1782,2,2.12,29.3,83.6,21.3
070C26K621219944Y1,AGM70_Y1,2,2026-11-18,205.776,209.857,215.143,209.99,218.591,217.178,44.38,44.31,46.18,45.1,43.64,44.66,596.0,47.3,2.03,5,8,1251,3,2.09,21.9,83.7,31.7
070C26K954762611Y1,AGM70_Y1,3,2026-11-14,204.706,210.787,213.091,205.491,213.995,205.623,44.16,46.42,47.16,46.65,44.75,47.28,614.4,44.9,2.09,7,6,1533,2,2.11,24.2,73.6,32.9
070C26K627303885Y1,AGM70_Y1,3,2026-11-20,210.623,215.639,200.978,200.634,209.303,211.305,43.79,44.83,46.04,43.83,45.45,44.94,636.6,70.1,2.02,5,11,2038,4,2.11,25.7,77.2,19.3
070C26K648697019Y1,AGM70_Y1,3,2026-11-20,209.835,204.101,219.29,202.347,208.967,212.709,45.47,44.43,46.08,46.55,46.27,45.32,611.8,56.0,2.04,6,10,1954,4,2.12,25.3,81.7,31.8
070C26K582890286Y1,AGM70_Y1,3,2026-11-03,211.761,210.517,209.298,210.518,209.901,208.34,43.81,44.98,44.0,45.15,45.07,45.1,629.9,36.5,2.08,2,9,1893,2,2.11,28.4,79.7,23.6
070C26K843902623Y1,AGM70_Y1,2,2026-11-18,216.953,216.288,216.343,212.007,218.704,214.673,44.81,46.17,43.81,44.84,43.98,43.85,635.5,45.0,2.07,7,4,1840,3,2.12,23.9,75.4,21.0
070C26K492560926Y1,AGM70_Y1,4,2026-11-11,206.416,211.702,211.843,207.397,208.013,206.706,45.04,44.81,45.12,45.59,43.45,46.2,643.2,47.8,2.1,8,7,1831,3,2.1,25.8,74.1,24.1
070C26K931597102Y1,AGM70_Y1,5,2026-11-05,213.6,214.224,214.37,212.065,218.679,213.552,42.14,43.42,45.82,45.95,44.58,43.65,613.2,54.2,2.07,4,13,1918,3,2.09,25.0,76.7,28.5
070C26K917221074Y1,AGM70_Y1,3,2026-11-05,214.092,213.799,212.868,215.057,211.846,211.664,46.01,44.73,43.99,46.2,46.01,46.14,603.4,38.5,2.1,6,10,1588,2,2.12,29.7,81.4,23.5
070C26L231633782Y1,AGM70_Y1,4,2026-12-25,210.671,210.529,205.062,210.053,209.209,205.552,44.63,44.74,45.53,46.65,45.01,44.83,632.8,56.5,2.04,1,13,2057,3,2.11,25.7,70.0,27.0
070C26L558920078Y1,AGM70_Y1,4,2026-12-23,204.033,205.817,206.014,204.933,210.146,203.161,45.57,45.18,43.71,45.01,44.74,44.95,608.0,52.7,2.05,8,1,1774,4,2.12,30.3,73.8,26.5
070C26L051212324Y1,AGM70_Y1,4,2026-12-09,204.033,214.667,210.751,210.839,211.235,210.369,47.12,45.13,44.0,45.94,43.05,44.69,618.5,46.7,2.04,8,12,1964,4,2.11,22.5,75.6,23.5
070C26L245537005Y1,AGM70_Y1,3,2026-12-19,208.107,212.45,204.825,212.102,210.374,207.624,47.47,46.57,44.17,45.72,45.73,44.99,627.0,46.2,2.06,7,2,1913,3,2.07,27.0,77.3,26.8
070C26L715220662Y1,AGM70_Y1,5,2026-12-11,214.659,212.663,213.73,212.82,210.333,210.364,44.31,46.75,44.1,44.08,44.59,44.78,641.0,47.5,2.03,6,6,1654,4,2.09,23.2,77.7,28.8
070C26L178270054Y1,AGM70_Y1,3,2026-12-07,216.389,214.851,208.42,215.253,213.982,211.763,44.21,44.82,46.03,44.84,45.17,45.0,615.7,41.3,2.06,3,11,2015,4,2.1,24.6,82.3,23.5
070C26L515041443Y1,AGM70_Y1,2,2026-12-03,211.616,210.389,211.186,212.806,213.095,209.942,44.57,46.66,45.83,44.4,45.52,45.68,646.3,44.0,2.04,2,12,2063,3,2.06,23.1,73.6,27.5
070C26L281917754Y1,AGM70_Y1,1,2026-12-23,214.565,212.12,217.714,217.918,209.453,220.435,46.98,45.12,43.63,43.4,45.34,45.31,626.0,60.7,2.09,3,15,2022,4,2.11,30.6,76.1,22.1
070C26L161550084Y1,AGM70_Y1,3,2026-12-24,201.708,204.831,203.376,203.928,205.718,203.805,46.31,44.64,43.85,46.81,45.21,44.0,623.7,39.9,2.05,4,13,1309,2,2.13,25.6,75.6,25.0
070C26L721464956Y1,AGM70_Y1,3,2026-12-09,210.071,210.369,214.653,212.33,215.154,210.768,43.69,45.45,45.65,44.67,44.68,45.33,613.6,53.6,2.02,2,10,1791,2,2.08,23.3,73.6,22.2
070C26L945360519Y1,AGM70_Y1,2,2026-12-22,213.257,210.486,206.197,208.172,218.59,220.212,45.45,45.41,44.21,44.4,44.99,45.17,649.0,62.7,2.08,2,7,1205,2,2.13,23.1,79.6,21.1
070C26L910406797Y1,AGM70_Y1,3,2026-12-04,199.627,202.862,200.238,200.205,202.728,200.769,41.53,44.49,46.24,45.2,45.57,45.08,617.6,48.1,2.03,6,12,1916,2,2.1,27.0,82.9,26.2
070C26L994422039Y1,AGM70_Y1,4,2026-12-16,209.686,211.562,212.242,208.066,208.087,211.119,44.12,45.79,46.02,43.5,44.86,43.66,610.5,38.7,2.01,5,7,2009,5,2.09,23.0,82.1,22.4
070C26A404772508Z1,AGM70_Z1,3,2026-01-17,204.75,206.991,207.504,212.548,200.448,215.005,42.61,44.26,44.51,43.83,44.12,45.4,616.8,53.6,2.06,6,15,1403,2,2.05,29.6,83.5,29.1
070C26A690483885Z1,AGM70_Z1,3,2026-01-18,212.163,210.744,209.939,210.949,209.965,206.796,45.8,45.75,47.28,43.88,44.44,46.63,624.0,52.2,2.04,3,10,1792,2,2.11,23.0,83.6,26.3
070C26A733436226Z1,AGM70_Z1,3,2026-01-20,208.076,201.081,204.8,208.174,206.585,209.519,43.64,45.94,45.83,44.21,44.91,44.36,626.7,45.9,2.02,8,9,1222,3,2.1,25.0,70.6,21.9
070C26A116695139Z1,AGM70_Z1,3,2026-01-22,216.07,208.506,211.62,212.992,214.964,215.187,44.81,47.79,44.43,45.57,45.48,44.25,620.9,56.2,2.01,8,11,1973,3,2.14,27.9,80.2,21.6
070C26A728007665Z1,AGM70_Z1,3,2026-01-07,209.534,205.967,207.303,208.277,209.432,202.158,43.46,44.86,45.59,43.72,45.21,44.56,622.8,49.0,2.03,6,13,2196,2,2.08,26.6,75.5,29.7
070C26A957175565Z1,AGM70_Z1,4,2026-01-08,206.963,207.618,210.021,211.124,210.313,209.549,44.6,43.02,46.69,44.6,43.89,44.64,620.7,55.1,2.05,4,4,1980,4,2.06,23.7,71.2,26.1
070C26A609242993Z1,AGM70_Z1,3,2026-01-12,218.13,220.164,220.122,210.911,210.908,218.596,46.73,43.21,45.88,45.64,45.58,44.24,639.8,55.0,2.09,4,9,1422,3,2.1,24.5,81.5,30.8
070C26A050245358Z1,AGM70_Z1,5,2026-01-03,214.384,212.484,220.262,217.287,210.472,216.329,44.96,44.5,45.13,45.03,44.94,45.0,618.2,47.4,2.0,3,10,1589,4,2.09,21.3,79.1,17.6
070C26A517503054Z1,AGM70_Z1,3,2026-01-18,203.934,202.621,202.08,197.991,202.455,204.181,44.93,45.5,44.37,44.82,43.31,45.9,648.6,46.4,2.04,5,16,1488,3,2.08,23.8,82.8,25.7
070C26A400750682Z1,AGM70_Z1,5,2026-01-27,198.069,201.431,197.207,197.634,202.324,197.377,44.16,44.14,45.15,45.54,43.83,44.71,654.0,51.6,2.05,4,13,1935,1,2.11,25.6,75.5,21.4
070C26A404964033Z1,AGM70_Z1,4,2026-01-09,215.862,213.305,210.892,212.92,211.949,213.405,45.13,45.14,45.14,46.0,46.66,43.89,653.5,43.0,2.02,4,5,1988,3,2.12,25.0,70.7,26.2
070C26A590365926Z1,AGM70_Z1,3,2026-01-14,214.494,208.057,202.266,209.03,214.67,215.562,45.17,45.29,45.43,45.73,45.09,45.15,638.9,53.6,1.96,1,17,1880,2,2.09,25.8,78.8,22.2
070C26A344667002Z1,AGM70_Z1,3,2026-01-26,209.707,208.942,207.952,206.223,208.669,204.963,45.42,45.79,45.32,43.58,43.89,45.66,624.2,53.9,2.09,6,7,1651,2,2.1,23.2,79.5,23.6
070C26B419208245Z1,AGM70_Z1,4,2026-02-26,214.802,218.008,214.432,214.995,218.776,211.92,46.75,46.22,45.53,45.26,43.01,46.38,653.2,54.2,2.04,2,12,1703,3,2.11,29.5,82.8,23.3
070C26B988948530Z1,AGM70_Z1,4,2026-02-09,220.133,218.153,219.327,216.794,220.281,221.423,44.13,45.58,44.93,44.78,46.34,45.02,615.8,40.0,2.05,3,10,2315,3,2.05,26.1,78.5,26.3
070C26B479302509Z1,AGM70_Z1,3,2026-02-05,213.84,208.792,212.155,211.421,215.121,211.06,44.67,47.22,43.67,44.35,45.57,44.68,620.6,43.4,2.05,6,11,2041,3,2.11,24.3,78.2,23.8
070C26B947758151Z1,AGM70_Z1,2,2026-02-02,212.838,212.036,212.638,210.13,211.406,210.356,45.35,43.91,45.39,44.07,43.3,45.33,622.8,35.1,2.11,7,7,1404,3,2.11,23.3,83.6,30.2
070C26B814013719Z1,AGM70_Z1,5,2026-02-11,206.128,212.941,207.696,207.738,203.995,209.501,44.29,44.88,46.41,44.86,44.58,44.64,628.6,59.4,2.1,6,10,2162,4,2.1,27.9,78.0,32.5
070C26B070833234Z1,AGM70_Z1,1,2026-02-24,209.729,208.842,202.833,203.961,209.409,208.265,46.26,44.45,44.69,42.72,46.42,45.41,632.9,53.8,2.08,5,9,2600,6,2.15,21.7,81.7,30.6
070C26B874930038Z1,AGM70_Z1,3,2026-02-10,210.145,206.853,208.124,204.641,203.912,201.969,44.76,44.99,45.23,46.09,44.61,46.53,622.1,61.1,2.1,4,9,2467,3,2.08,26.6,82.7,26.1
070C26B003241598Z1,AGM70_Z1,3,2026-02-09,209.374,210.05,210.406,208.316,206.173,208.54,44.64,44.26,43.43,44.72,44.72,43.58,627.4,49.2,2.07,5,10,2035,2,2.07,23.2,78.8,22.9
070C26B307573946Z1,AGM70_Z1,4,2026-02-05,212.016,214.109,215.722,211.345,209.771,215.275,46.41,44.73,45.29,46.48,45.6,45.14,630.6,51.5,2.01,5,10,1269,2,2.09,22.5,77.1,23.5
070C26B980552671Z1,AGM70_Z1,4,2026-02-25,214.246,205.314,209.599,209.234,207.597,210.581,43.87,44.81,45.46,45.4,44.64,46.33,619.3,43.0,2.05,7,15,1692,2,2.1,24.9,78.6,24.9
070C26B385968820Z1,AGM70_Z1,4,2026-02-07,215.12,215.694,217.094,215.837,214.039,209.909,46.01,45.32,44.54,46.02,45.85,46.78,625.2,46.1,2.02,7,7,2069,4,2.1,30.1,80.9,23.2
070C26B668296287Z1,AGM70_Z1,4,2026-02-05,204.655,204.419,203.741,211.595,206.006,204.553,44.94,45.08,43.95,45.34,46.21,45.11,627.9,61.3,2.07,3,5,1901,2,2.14,31.3,73.7,24.2
070C26B835845076Z1,AGM70_Z1,3,2026-02-25,212.281,208.345,211.305,210.087,210.391,208.406,44.95,46.0,46.38,43.95,45.01,44.77,637.0,50.6,2.08,6,4,1779,5,2.05,25.5,83.4,25.0
070C26C942358849Z1,AGM70_Z1,3,2026-03-21,207.271,212.658,211.221,212.062,213.746,210.403,45.9,44.45,46.04,44.02,45.63,46.18,647.9,51.4,2.1,3,14,1446,3,2.08,21.0,84.2,23.2
070C26C283617819Z1,AGM70_Z1,2,2026-03-03,214.302,212.544,211.405,213.382,215.451,211.213,44.39,45.22,44.31,45.93,46.22,45.03,644.6,44.6,2.03,4,6,1879,4,2.09,27.0,82.4,25.7
070C26C502093995Z1,AGM70_Z1,3,2026-03-05,211.14,209.174,206.168,206.364,207.902,206.089,43.53,44.02,46.93,43.52,47.6,45.42,641.5,54.5,2.03,4,13,1853,4,2.11,22.1,81.5,24.2
070C26C279175312Z1,AGM70_Z1,2,2026-03-02,202.887,204.474,194.315,198.421,198.898,196.726,45.33,44.7,45.38,43.53,46.9,43.34,656.4,44.5,2.09,2,10,1282,3,2.11,24.4,82.2,30.8
070C26C072131056Z1,AGM70_Z1,2,2026-03-14,202.374,207.497,200.874,200.241,197.552,209.158,45.58,46.39,45.19,43.85,45.92,43.6,611.9,49.0,2.03,3,8,1665,2,2.09,25.6,77.6,26.1
070C26C391132419Z1,AGM70_Z1,3,2026-03-19,207.045,212.218,205.902,205.212,208.308,208.01,44.31,44.46,43.2,44.35,45.17,43.0,630.2,46.0,2.07,8,6,2026,4,2.06,23.6,75.3,21.9
070C26C853556890Z1,AGM70_Z1,3,2026-03-07,203.756,202.489,205.245,203.81,196.897,201.359,43.9,44.76,45.15,44.08,45.14,44.08,630.0,58.7,2.03,4,7,1879,6,2.14,24.7,73.1,22.8
070C26C609053789Z1,AGM70_Z1,3,2026-03-24,213.108,208.051,212.393,212.817,212.355,213.181,45.61,44.41,44.36,44.2,43.99,47.05,649.2,51.9,2.09,6,9,2030,3,2.06,24.2,77.0,26.0
070C26C076048537Z1,AGM70_Z1,3,2026-03-01,211.185,205.71,207.319,204.695,210.558,206.671,46.45,42.04,46.25,44.94,46.09,45.69,630.7,47.8,2.05,6,15,1583,2,2.08,28.3,83.1,25.7
070C26C623903896Z1,AGM70_Z1,4,2026-03-21,207.361,203.288,208.141,208.234,207.903,209.616,46.27,45.42,44.94,43.88,43.93,47.06,659.1,45.1,2.0,7,10,2189,1,2.09,26.9,74.9,32.1
070C26C466796191Z1,AGM70_Z1,3,2026-03-19,212.597,208.446,213.334,215.138,210.076,212.305,42.7,44.87,44.65,43.7,46.39,45.06,633.4,54.6,2.06,6,4,1871,2,2.08,28.3,84.5,27.6
070C26C997827362Z1,AGM70_Z1,3,2026-03-02,205.423,206.597,202.544,196.023,206.27,206.191,45.43,45.0,45.72,44.63,45.57,46.27,658.7,49.6,2.04,6,12,1696,2,2.11,25.0,79.5,26.9
070C26C942821540Z1,AGM70_Z1,2,2026-03-27,214.384,208.96,214.62,210.589,214.555,217.665,44.39,43.64,44.54,44.83,45.08,46.21,617.0,48.3,2.07,6,16,1512,2,2.09,23.2,82.1,21.5
070C26D002336346Z1,AGM70_Z1,4,2026-04-21,215.47,213.022,211.143,212.873,215.083,213.55,43.59,44.83,45.9,47.22,45.22,44.86,625.7,37.3,1.99,6,11,1584,2,2.13,22.1,79.5,27.2
070C26D776170017Z1,AGM70_Z1,2,2026-04-14,209.845,204.6,218.554,207.701,219.856,206.809,43.34,44.73,43.87,46.92,46.87,43.27,639.4,62.9,2.05,8,2,2031,2,2.1,26.9,70.0,20.2
070C26D220329357Z1,AGM70_Z1,2,2026-04-10,202.431,204.044,207.435,197.34,199.612,206.05,44.77,43.77,45.77,45.38,45.42,43.31,617.4,46.0,2.05,7,13,1814,3,2.05,24.6,77.4,25.4
070C26D572467695Z1,AGM70_Z1,4,2026-04-13,216.87,211.474,211.086,214.294,212.325,209.006,44.08,45.2,46.16,44.03,44.64,44.32,645.0,40.8,2.06,5,15,1667,4,2.11,22.6,82.6,25.0
070C26D604171702Z1,AGM70_Z1,3,2026-04-21,212.339,214.493,210.472,215.685,216.106,205.025,44.69,45.08,44.67,44.4,44.1,44.52,626.4,48.8,2.02,9,12,1934,2,2.12,27.4,80.0,26.9
070C26D671807719Z1,AGM70_Z1,3,2026-04-11,208.777,207.247,208.897,211.054,213.326,212.852,45.02,45.36,46.5,45.31,44.67,44.27,604.3,56.4,2.05,3,5,2175,2,2.06,26.3,79.1,23.7
070C26D186229726Z1,AGM70_Z1,5,2026-04-15,204.915,205.181,205.471,204.34,204.646,205.231,46.05,44.87,45.52,44.56,44.88,47.11,640.6,39.1,2.06,5,4,1911,3,2.06,25.6,86.1,24.0
070C26D025294800Z1,AGM70_Z1,4,2026-04-19,205.055,207.687,206.662,206.315,208.35,203.238,45.4,45.44,44.27,42.17,44.25,46.3,619.7,39.1,2.1,5,6,2180,4,2.11,25.3,84.8,24.1
070C26D016417070Z1,AGM70_Z1,4,2026-04-22,212.166,209.285,208.814,209.718,210.405,209.31,43.99,45.52,45.91,44.47,45.03,46.45,654.6,35.3,2.06,3,9,1544,2,2.04,28.6,86.6,23.2
070C26D624244812Z1,AGM70_Z1,2,2026-04-09,207.576,209.467,209.688,202.056,208.569,210.909,43.67,45.7,46.42,45.54,45.75,43.65,624.8,46.6,2.05,7,9,1775,3,2.07,26.5,81.9,28.2
070C26D292068512Z1,AGM70_Z1,3,2026-04-06,204.416,210.896,209.094,213.101,206.133,203.538,46.54,45.23,45.68,45.26,43.7,44.53,633.9,62.0,2.05,7,11,2122,3,2.17,22.5,74.8,23.0
070C26D455042561Z1,AGM70_Z1,5,2026-04-03,208.981,207.545,203.284,207.593,209.066,206.216,44.03,44.1,45.61,44.46,46.15,43.63,645.2,48.5,2.02,3,5,1808,3,2.09,29.1,78.4,25.6
070C26D088026625Z1,AGM70_Z1,3,2026-04-07,209.651,208.554,214.764,210.521,217.061,211.249,45.26,44.03,44.46,47.05,43.6,45.03,630.9,40.2,2.05,4,6,1777,3,2.12,27.1,77.2,23.0
070C26E722731096Z1,AGM70_Z1,3,2026-05-02,207.834,209.747,209.136,215.442,204.969,213.59,44.07,44.24,45.83,44.64,43.78,46.12,635.7,64.3,2.08,3,9,1885,2,2.12,15.9,79.7,24.3
070C26E103103470Z1,AGM70_Z1,5,2026-05-01,214.648,210.895,210.775,212.818,213.909,212.877,44.42,45.16,43.95,45.65,44.7,46.09,636.7,54.4,2.06,4,13,1629,3,2.06,23.4,82.6,24.7
070C26E112017877Z1,AGM70_Z1,3,2026-05-26,210.9,210.956,205.891,210.584,207.485,210.147,45.96,45.42,44.32,45.93,46.44,43.69,622.7,37.0,2.08,7,15,1470,1,2.11,22.5,86.6,28.6
070C26E243482841Z1,AGM70_Z1,4,2026-05-08,220.623,209.329,217.696,210.094,211.357,215.703,45.11,44.99,45.63,44.82,45.5,43.68,628.0,54.8,2.1,2,7,1892,1,2.08,24.5,83.0,23.9
070C26E655351695Z1,AGM70_Z1,3,2026-05-09,201.621,198.706,202.669,204.868,203.263,203.772,45.56,44.19,44.55,43.07,45.59,46.64,640.6,43.8,2.05,3,10,1912,5,2.13,25.0,79.3,29.5
070C26E073925415Z1,AGM70_Z1,2,2026-05-09,219.246,214.581,213.865,217.979,213.732,213.398,47.22,43.97,44.7,45.04,43.2,43.14,646.4,52.9,2.09,6,16,1753,4,2.13,25.0,77.7,22.1
070C26E415981154Z1,AGM70_Z1,4,2026-05-09,198.066,198.424,198.355,202.17,203.654,203.721,46.41,44.69,45.13,44.83,44.94,44.34,635.9,46.7,2.12,2,6,1466,3,2.11,23.7,76.1,26.8
070C26E356266603Z1,AGM70_Z1,2,2026-05-01,214.42,220.488,217.888,216.557,220.972,219.187,45.22,43.09,46.02,45.83,45.45,44.66,633.7,37.5,2.04,3,5,1994,5,2.06,25.5,74.7,22.6
070C26E728331335Z1,AGM70_Z1,4,2026-05-09,212.205,216.051,215.488,215.592,209.99,210.021,43.5,45.33,43.31,44.38,44.69,44.61,627.7,65.2,2.07,5,16,1962,4,2.06,27.1,70.0,21.0
070C26E883138700Z1,AGM70_Z1,3,2026-05-02,206.089,213.961,206.07,217.157,217.491,205.768,43.94,43.7,45.06,44.53,43.85,43.53,607.0,52.8,2.04,5,7,1811,3,2.06,19.5,79.5,20.7
070C26E012081658Z1,AGM70_Z1,2,2026-05-22,200.289,205.278,204.649,205.608,204.556,210.206,44.94,44.95,45.2,42.38,45.1,46.33,640.3,40.2,2.06,5,11,2280,5,2.13,19.3,87.1,25.3
070C26E923228107Z1,AGM70_Z1,4,2026-05-23,207.88,207.888,211.154,219.313,217.927,216.217,44.93,43.65,45.34,44.49,45.93,46.5,637.1,63.2,2.04,6,18,1822,2,2.06,26.2,73.8,23.3
070C26E266431125Z1,AGM70_Z1,2,2026-05-17,215.15,212.987,216.434,217.547,215.364,215.777,46.48,44.07,45.91,43.42,43.66,44.22,610.3,52.7,2.02,3,9,1684,2,2.07,18.9,78.4,23.0
070C26F470732408Z1,AGM70_Z1,3,2026-06-11,211.266,210.413,202.1,208.817,210.164,206.091,44.99,45.51,45.8,45.0,47.53,44.16,611.0,46.9,2.06,4,8,1893,5,2.09,24.6,78.7,23.8
070C26F382112675Z1,AGM70_Z1,3,2026-06-13,208.546,207.396,202.3,205.346,203.778,203.336,45.72,46.71,44.78,44.68,45.82,44.39,652.8,37.0,2.05,5,4,1503,4,2.1,27.2,77.9,28.5
070C26F209813953Z1,AGM70_Z1,4,2026-06-12,219.869,213.772,211.098,215.413,211.664,214.796,45.63,43.93,46.07,44.08,44.35,46.81,619.4,54.2,2.01,4,9,2090,4,2.14,26.7,81.0,23.2
070C26F493307408Z1,AGM70_Z1,2,2026-06-24,209.825,212.416,212.26,213.374,210.38,211.451,45.31,46.12,42.61,44.22,45.43,45.22,626.8,47.1,2.06,4,16,1400,3,2.1,24.8,79.9,28.3
070C26F929887861Z1,AGM70_Z1,3,2026-06-18,207.836,200.274,198.599,201.707,214.899,201.591,45.21,46.49,44.93,44.24,45.38,44.72,642.8,63.4,2.12,7,15,1961,7,2.12,25.1,76.9,27.6
070C26F807996488Z1,AGM70_Z1,3,2026-06-20,212.211,206.903,209.513,206.831,208.502,207.956,46.76,46.24,44.52,45.15,44.11,45.97,607.7,52.5,2.04,6,7,2107,4,2.15,28.3,72.8,27.3
070C26F790435957Z1,AGM70_Z1,2,2026-06-16,201.249,202.437,213.53,219.174,215.538,211.917,43.91,42.55,45.02,45.18,46.4,44.75,628.9,51.9,2.05,5,1,1649,3,2.08,23.8,82.0,25.8
070C26F474017814Z1,AGM70_Z1,1,2026-06-05,213.75,215.665,208.129,208.499,209.814,210.303,45.66,45.32,46.16,45.39,42.69,45.84,607.0,53.4,2.11,4,8,1327,3,2.11,22.0,77.1,19.1
070C26F796876786Z1,AGM70_Z1,3,2026-06-26,206.796,209.338,210.134,204.402,204.114,213.326,45.5,44.35,45.24,46.49,45.88,43.95,630.8,53.0,2.07,6,12,1605,3,2.08,26.8,80.2,26.6
070C26F609087085Z1,AGM70_Z1,3,2026-06-06,214.124,215.964,212.098,205.974,208.385,212.585,46.49,45.57,44.82,47.17,44.48,46.03,643.0,49.2,1.99,3,12,1174,5,2.1,23.9,81.0,22.4
070C26F924089329Z1,AGM70_Z1,3,2026-06-12,218.77,218.475,215.938,217.96,216.761,220.226,45.2,42.87,45.87,45.55,46.34,44.68,616.8,46.2,2.0,4,8,1227,3,2.11,26.3,76.6,23.7
070C26F888441630Z1,AGM70_Z1,2,2026-06-08,212.471,209.999,209.068,212.261,211.732,214.174,45.69,43.97,47.02,44.28,44.67,44.83,642.0,49.1,2.06,5,11,2020,3,2.12,24.7,78.3,21.3
070C26F542499849Z1,AGM70_Z1,4,2026-06-08,207.337,204.272,214.188,214.233,212.56,211.864,46.35,43.99,45.3,45.19,45.08,45.55,600.0,45.1,2.07,7,6,1052,4,2.08,28.1,82.2,26.8
070C26G320081112Z1,AGM70_Z1,2,2026-07-03,212.672,210.022,208.11,208.834,208.839,203.854,45.54,45.79,45.47,44.12,44.18,46.31,641.2,55.0,2.05,4,9,1381,3,2.12,24.5,79.7,29.6
070C26G035173981Z1,AGM70_Z1,3,2026-07-08,197.852,203.466,202.157,200.795,200.539,203.32,44.63,44.07,44.34,45.0,43.6,44.29,640.3,65.3,2.11,5,13,1265,4,2.11,31.6,80.5,25.6
070C26G900081672Z1,AGM70_Z1,2,2026-07-05,210.768,207.188,212.199,210.396,212.066,200.756,43.45,44.62,44.67,45.17,45.84,44.68,607.0,44.9,2.02,7,12,2137,4,2.07,25.0,76.1,25.5
070C26G488737330Z1,AGM70_Z1,3,2026-07-18,209.198,208.646,208.424,208.999,208.109,209.944,43.42,44.69,45.49,45.81,44.67,44.33,642.4,61.5,2.08,3,20,2010,4,2.09,29.3,77.6,29.0
070C26G855780746Z1,AGM70_Z1,4,2026-07-07,215.527,217.538,209.584,215.936,214.932,218.946,45.5,43.42,44.36,44.49,44.91,44.58,614.2,56.5,2.04,5,10,1788,3,2.11,27.0,71.2,25.4
070C26G825757529Z1,AGM70_Z1,5,2026-07-05,205.834,202.59,209.04,218.301,202.735,200.902,45.41,45.08,45.91,46.2,44.53,45.15,626.1,56.5,2.0,6,10,1742,4,2.05,26.6,71.6,25.3
070C26G806008833Z1,AGM70_Z1,2,2026-07-20,213.17,202.519,211.406,210.845,205.139,202.855,45.28,44.76,46.02,45.32,45.84,45.84,642.7,63.1,2.05,6,10,1943,2,2.12,25.9,73.7,24.6
070C26G024020312Z1,AGM70_Z1,3,2026-07-11,211.034,208.217,213.358,213.609,213.483,210.775,45.62,44.3,44.88,45.82,45.72,43.65,637.4,46.8,2.02,3,10,1884,2,2.05,28.4,81.8,24.6
070C26G109977820Z1,AGM70_Z1,1,2026-07-12,213.198,211.351,217.716,213.242,217.02,214.936,44.88,46.64,45.76,44.62,45.9,45.49,640.6,49.7,2.07,7,7,1668,3,2.09,24.2,73.3,30.5
070C26G608651012Z1,AGM70_Z1,4,2026-07-03,211.164,207.414,203.973,206.554,210.126,209.942,43.07,46.09,46.6,44.71,43.79,44.14,639.3,57.8,2.05,5,16,1591,4,2.11,25.5,70.0,27.3
070C26G337334653Z1,AGM70_Z1,3,2026-07-21,210.442,200.696,207.881,203.907,209.549,205.23,45.99,45.8,45.33,42.97,44.99,44.74,667.2,57.8,2.08,6,7,1829,3,2.08,23.5,81.5,30.2
070C26G213442753Z1,AGM70_Z1,3,2026-07-25,207.386,211.1,210.406,212.044,209.295,207.399,44.01,42.63,43.72,45.67,43.63,44.35,625.0,45.9,2.05,6,12,2253,4,2.08,24.2,77.2,24.4
070C26G139462067Z1,AGM70_Z1,3,2026-07-21,229.712,217.971,221.094,212.14,210.942,223.9,45.24,44.0,44.91,44.47,44.8,43.22,612.8,49.2,2.03,5,10,2437,4,2.11,25.5,74.7,23.9
070C26H144810865Z1,AGM70_Z1,1,2026-08-05,209.693,207.151,207.781,209.708,212.681,210.289,46.75,44.17,45.03,45.13,44.89,46.32,633.4,42.4,2.06,7,12,2119,3,2.13,26.1,76.5,27.7
070C26H413935608Z1,AGM70_Z1,4,2026-08-25,215.885,214.191,213.973,220.811,215.596,213.415,43.99,45.38,45.37,45.75,45.19,45.92,648.8,39.0,2.04,5,9,2212,3,2.07,22.1,80.9,21.3
070C26H558248245Z1,AGM70_Z1,4,2026-08-21,210.652,213.604,209.587,213.235,212.654,210.799,46.23,45.7,45.29,45.48,45.65,43.94,640.1,48.7,1.98,8,9,1873,3,2.14,29.7,83.2,24.9
070C26H307770378Z1,AGM70_Z1,5,2026-08-21,209.436,207.107,205.879,207.546,212.503,214.988,44.0,45.26,46.2,46.04,45.25,46.72,626.4,63.9,2.03,8,5,1385,4,2.13,18.0,73.3,23.4
070C26H231499825Z1,AGM70_Z1,3,2026-08-15,201.794,204.656,209.521,202.566,205.024,200.302,44.0,44.74,45.29,44.21,43.43,43.94,629.2,42.8,2.03,4,8,1305,2,2.07,27.4,82.4,22.5
070C26H334999615Z1,AGM70_Z1,5,2026-08-25,208.809,209.318,201.836,204.181,207.322,212.207,44.99,46.07,46.32,44.92,45.52,46.49,644.2,48.0,2.04,4,10,2039,3,2.1,25.1,80.9,27.4
070C26H176254873Z1,AGM70_Z1,3,2026-08-01,208.914,208.24,207.421,207.873,207.486,210.111,43.65,46.08,44.01,46.19,44.34,44.6,629.4,39.6,2.04,6,6,1806,3,2.1,26.9,77.9,24.7
070C26H671958708Z1,AGM70_Z1,3,2026-08-08,204.143,205.377,213.365,209.445,212.503,206.445,44.32,42.32,43.86,45.74,45.82,44.23,617.5,49.3,2.07,10,16,2141,2,2.1,27.3,75.8,22.1
070C26H702244203Z1,AGM70_Z1,3,2026-08-10,205.989,207.859,207.149,209.895,209.391,211.037,46.33,42.85,46.58,45.86,45.72,45.34,613.9,46.6,2.05,6,9,1441,3,2.12,29.6,75.4,25.9
070C26H058582855Z1,AGM70_Z1,3,2026-08-10,212.504,212.721,211.654,211.022,212.633,212.949,44.86,45.02,44.63,45.21,43.88,47.03,625.7,45.0,2.09,4,4,2334,3,2.09,28.3,71.0,27.6
070C26H154435175Z1,AGM70_Z1,2,2026-08-01,209.364,214.093,212.471,205.886,210.984,214.014,44.64,43.81,46.53,43.43,43.74,46.09,634.6,45.3,2.04,2,7,2060,2,2.09,19.8,75.5,29.2
070C26H785581825Z1,AGM70_Z1,3,2026-08-11,208.909,203.757,201.8,209.419,206.068,209.982,44.76,44.65,45.02,45.7,45.44,46.11,625.0,50.0,2.05,6,9,1767,3,2.14,24.2,83.5,23.7
070C26H937898687Z1,AGM70_Z1,1,2026-08-01,204.078,214.503,211.099,212.756,212.951,211.136,44.3,46.09,46.31,44.45,42.89,44.3,629.9,51.4,2.05,3,8,1403,3,2.08,21.7,81.0,21.4
070C26I016676072Z1,AGM70_Z1,2,2026-09-13,212.079,208.302,214.301,205.926,214.093,209.488,43.79,44.31,44.18,46.35,45.0,44.05,605.9,47.4,2.03,5,9,1780,3,2.05,27.5,75.9,24.3
070C26I647951845Z1,AGM70_Z1,3,2026-09-09,215.222,214.264,214.784,213.421,211.286,211.934,45.86,46.06,45.87,44.75,44.5,45.64,641.8,44.7,2.04,8,6,1550,3,2.07,24.0,78.5,18.5
070C26I119988353Z1,AGM70_Z1,2,2026-09-03,207.287,202.91,207.048,203.593,200.271,201.142,45.78,44.19,46.15,46.54,43.96,44.88,616.1,51.3,2.01,5,12,2153,3,2.1,23.2,72.1,22.6
070C26I020144670Z1,AGM70_Z1,1,2026-09-18,213.175,205.608,207.781,205.581,205.074,213.021,45.54,44.45,46.08,46.61,44.99,45.92,611.4,61.5,2.05,4,15,1614,2,2.14,26.4,71.3,28.0
070C26I593332791Z1,AGM70_Z1,4,2026-09-13,215.671,219.118,217.537,219.921,209.655,218.572,44.71,44.75,44.98,44.06,44.11,43.95,637.6,50.3,2.05,5,8,2258,2,2.08,21.3,85.0,17.7
070C26I950107631Z1,AGM70_Z1,2,2026-09-19,216.163,209.332,211.508,212.835,211.891,208.545,44.67,45.02,45.42,44.85,43.32,43.68,629.7,46.7,2.03,5,14,2708,4,2.09,24.5,78.2,23.8
070C26I117551275Z1,AGM70_Z1,5,2026-09-16,218.114,219.254,215.75,213.681,219.891,219.602,44.01,45.05,44.52,45.53,45.33,45.17,645.0,39.8,2.04,7,13,2376,4,2.07,26.7,85.4,25.6
070C26I158384020Z1,AGM70_Z1,1,2026-09-24,207.149,208.819,212.612,211.461,210.429,208.312,44.8,45.74,43.97,45.55,44.72,45.62,633.2,40.6,2.05,5,9,2136,3,2.14,25.1,83.3,29.3
070C26I170761223Z1,AGM70_Z1,3,2026-09-10,201.694,201.829,202.385,204.694,200.523,200.512,46.76,43.4,45.79,45.19,46.36,44.76,635.3,40.4,2.1,2,8,2123,4,2.08,22.1,80.7,22.4
070C26I783129275Z1,AGM70_Z1,1,2026-09-12,220.255,210.567,215.536,217.952,219.844,221.602,45.54,46.33,47.07,44.17,44.08,45.4,636.2,56.7,2.03,8,12,1489,3,2.1,21.7,74.3,24.4
070C26I207263883Z1,AGM70_Z1,3,2026-09-20,207.111,206.181,198.757,204.204,202.869,202.943,44.91,45.18,44.55,44.47,43.93,44.8,605.9,57.0,2.08,3,14,2237,4,2.1,28.0,75.6,29.7
070C26I829533083Z1,AGM70_Z1,3,2026-09-24,205.516,207.914,208.085,209.051,208.967,208.073,44.57,44.34,47.19,45.77,44.32,45.11,608.5,52.1,2.09,5,8,1117,2,2.1,24.4,75.9,23.5
070C26I255906403Z1,AGM70_Z1,2,2026-09-24,204.614,203.192,211.961,212.87,208.983,208.839,43.32,45.49,46.4,45.11,45.0,45.66,652.1,45.1,2.08,6,9,2338,2,2.09,25.8,82.5,24.5
070C26J511338931Z1,AGM70_Z1,4,2026-10-25,212.55,211.167,213.943,206.262,213.153,211.321,46.14,44.96,45.62,45.95,43.58,45.78,639.3,45.0,2.04,9,11,2138,3,2.12,23.2,77.3,22.2
070C26J016296080Z1,AGM70_Z1,3,2026-10-01,212.064,211.808,206.59,207.811,213.53,211.081,44.22,44.26,43.07,44.2,46.05,44.81,596.3,44.6,2.03,4,10,1486,1,2.12,26.2,77.7,26.5
070C26J288565968Z1,AGM70_Z1,3,2026-10-20,213.55,211.761,209.028,219.444,214.718,213.772,43.99,45.01,42.8,45.04,45.12,43.72,640.9,51.6,2.09,4,9,1782,2,2.08,23.1,79.0,25.0
070C26J952019159Z1,AGM70_Z1,1,2026-10-27,216.43,215.526,218.081,214.493,211.255,220.496,44.05,46.28,45.65,45.1,42.26,44.37,607.4,45.0,2.03,7,6,1707,2,2.08,28.4,78.2,27.2
070C26J346660495Z1,AGM70_Z1,5,2026-10-21,209.867,207.322,212.827,212.681,209.911,210.252,44.87,45.37,45.48,43.61,44.85,42.54,627.8,36.9,2.12,4,9,1815,3,2.07,24.5,77.3,25.6
070C26J010804657Z1,AGM70_Z1,1,2026-10-13,217.497,216.966,209.145,216.214,214.65,219.08,44.88,43.42,44.58,45.01,45.33,45.15,607.6,49.0,2.06,6,11,1900,1,2.14,25.5,81.9,21.4
070C26J051433800Z1,AGM70_Z1,5,2026-10-09,210.174,208.909,208.95,209.381,210.226,210.561,43.88,44.89,46.43,43.86,46.38,45.15,627.8,33.7,2.02,5,19,1720,4,2.08,27.0,75.4,27.1
070C26J672220503Z1,AGM70_Z1,2,2026-10-11,207.847,204.73,203.993,215.148,203.28,214.801,45.8,43.96,44.41,43.61,46.06,46.5,640.4,55.4,2.06,9,8,1708,2,2.09,30.6,80.5,21.3
070C26J675344114Z1,AGM70_Z1,5,2026-10-15,212.975,208.205,216.878,213.155,203.853,208.351,44.36,44.27,45.97,43.63,44.11,45.93,616.4,57.5,2.14,9,9,1967,4,2.09,22.9,76.5,30.8
070C26J663302078Z1,AGM70_Z1,3,2026-10-01,194.782,201.072,200.604,200.363,199.187,203.319,44.81,44.36,46.83,44.28,45.84,46.31,636.2,65.7,2.08,5,5,2338,4,2.09,21.8,76.3,26.6
070C26J031208020Z1,AGM70_Z1,3,2026-10-01,207.595,206.992,207.021,209.461,209.426,210.166,47.16,45.06,45.49,45.38,44.25,44.15,635.4,44.2,2.03,3,9,1321,2,2.11,23.6,81.6,23.7
070C26J343661918Z1,AGM70_Z1,3,2026-10-15,200.17,206.083,199.27,210.112,203.118,209.901,46.56,45.14,44.39,44.04,45.55,42.75,646.4,52.1,2.05,4,8,1784,2,2.07,26.9,76.3,27.7
070C26J820055155Z1,AGM70_Z1,3,2026-10-10,212.428,212.493,210.779,213.464,213.098,209.978,45.01,43.82,45.58,45.07,45.62,44.61,635.2,38.1,2.01,5,7,1529,3,2.11,31.7,80.6,25.5
070C26K707001449Z1,AGM70_Z1,3,2026-11-20,209.519,213.065,205.228,213.202,208.77,210.026,45.11,44.5,45.67,45.38,44.59,46.59,630.1,56.9,2.05,6,13,2118,3,2.14,29.7,77.5,27.7
070C26K358931407Z1,AGM70_Z1,3,2026-11-21,210.529,215.516,208.952,210.803,209.254,210.95,46.39,45.05,45.78,43.32,46.98,45.11,619.7,39.9,2.05,10,10,1395,1,2.12,22.0,79.3,21.5
070C26K190421170Z1,AGM70_Z1,4,2026-11-06,212.334,204.606,208.641,209.148,213.122,208.633,43.56,45.06,44.79,44.93,46.56,45.0,637.0,49.5,2.03,4,11,1170,4,2.08,22.9,74.8,23.0
070C26K745976155Z1,AGM70_Z1,3,2026-11-03,206.138,204.813,208.093,206.387,209.432,208.512,45.07,44.71,42.96,44.88,45.56,44.35,626.3,35.8,2.11,5,9,1655,3,2.11,22.8,76.2,22.6
070C26K405979532Z1,AGM70_Z1,4,2026-11-19,204.871,217.052,222.347,218.139,212.544,212.005,46.49,44.62,46.82,45.09,45.04,46.91,627.6,48.5,2.03,9,8,1665,2,2.04,24.8,76.3,25.7
070C26K458036471Z1,AGM70_Z1,3,2026-11-18,207.134,210.47,204.97,207.416,199.629,207.208,44.42,45.15,43.26,45.53,45.69,46.97,655.6,52.5,2.03,3,12,1772,3,2.11,27.8,77.5,21.6
070C26K933304211Z1,AGM70_Z1,3,2026-11-25,218.274,217.861,220.119,216.145,217.043,212.329,44.31,45.87,44.9,45.16,44.76,45.21,632.2,36.8,2.1,4,9,1585,3,2.1,24.6,83.8,26.1
070C26K410400755Z1,AGM70_Z1,2,2026-11-25,212.272,212.719,213.014,212.098,205.388,209.703,45.29,43.69,46.15,45.53,43.83,43.94,617.6,50.3,2.08,4,11,2373,2,2.12,26.9,75.7,17.5
070C26K549268986Z1,AGM70_Z1,3,2026-11-24,206.479,206.242,208.98,203.676,203.823,203.227,45.89,46.09,43.63,45.56,45.18,47.55,619.3,53.7,2.06,7,9,2186,1,2.09,26.7,82.2,20.4
070C26K182434971Z1,AGM70_Z1,2,2026-11-13,215.792,211.093,211.2,214.467,217.45,210.108,45.88,46.04,45.27,46.23,45.48,45.17,613.6,59.6,2.09,5,12,1865,4,2.11,21.5,79.3,30.9
070C26K487106674Z1,AGM70_Z1,2,2026-11-17,209.578,207.424,208.427,209.934,205.135,210.478,46.54,42.95,44.4,44.37,46.24,44.31,636.2,41.8,2.09,4,11,2106,4,2.09,24.7,80.3,24.1
070C26K802097164Z1,AGM70_Z1,2,2026-11-26,209.084,214.825,210.272,205.067,215.611,215.954,45.11,46.73,46.07,46.38,44.57,44.81,638.1,65.9,2.08,6,7,1754,3,2.1,20.9,77.4,21.0
070C26K509270233Z1,AGM70_Z1,5,2026-11-27,218.799,213.85,217.462,217.174,213.379,211.282,47.51,43.41,45.74,45.44,44.64,44.86,626.6,44.1,2.07,4,7,1812,2,2.12,30.8,83.1,28.6
070C26L377871907Z1,AGM70_Z1,4,2026-12-04,215.651,215.158,213.467,218.963,214.371,214.144,46.59,45.34,45.43,43.82,44.38,45.24,626.1,55.5,2.05,1,7,1932,4,2.12,26.5,70.0,27.8
070C26L309718829Z1,AGM70_Z1,2,2026-12-09,216.017,215.482,209.54,216.094,206.126,214.124,45.6,45.52,45.54,45.84,44.52,42.46,624.8,51.2,2.03,8,6,1764,3,2.1,25.6,73.2,25.2
070C26L529049854Z1,AGM70_Z1,2,2026-12-16,210.597,208.903,210.663,201.34,205.548,206.662,44.31,43.91,43.97,45.42,45.08,44.32,620.1,52.6,2.01,6,10,1536,2,2.08,23.9,76.5,26.6
070C26L604186067Z1,AGM70_Z1,2,2026-12-18,207.339,209.094,210.594,208.723,210.284,209.014,45.94,44.4,44.68,45.51,43.65,45.66,635.5,36.4,2.05,3,10,1561,4,2.13,21.0,79.7,25.6
070C26L426247443Z1,AGM70_Z1,3,2026-12-16,202.384,214.229,219.6,211.187,214.868,211.513,46.16,45.28,44.39,45.29,43.95,46.61,630.6,54.5,2.06,8,16,1815,2,2.15,25.1,80.6,22.4
070C26L160702548Z1,AGM70_Z1,3,2026-12-12,215.475,212.013,207.16,216.093,221.936,215.473,44.15,44.01,45.01,43.77,46.19,46.1,646.1,62.7,2.03,3,13,1853,3,2.07,20.8,70.0,24.4
070C26L021452908Z1,AGM70_Z1,4,2026-12-23,206.409,208.499,203.036,201.297,200.54,209.285,45.01,44.58,46.69,44.48,45.04,44.89,630.6,37.5,2.04,4,13,1694,4,2.08,25.9,85.7,29.1
070C26L124698279Z1,AGM70_Z1,4,2026-12-21,218.081,209.917,217.988,211.529,211.185,213.194,45.76,45.89,42.89,45.03,45.72,45.22,664.0,54.0,2.05,6,13,1719,2,2.1,26.5,76.9,24.0
070C26L555170978Z1,AGM70_Z1,2,2026-12-17,208.225,209.001,208.509,206.655,207.377,208.883,47.38,44.77,44.44,45.33,46.09,44.75,607.3,50.1,2.05,5,9,1885,2,2.13,29.1,80.7,25.9
070C26L176084545Z1,AGM70_Z1,3,2026-12-12,218.791,217.845,218.644,219.041,213.414,220.385,44.01,44.56,44.92,45.63,45.12,45.31,656.9,54.0,2.05,5,3,1523,4,2.1,22.4,77.7,23.7
070C26L902802885Z1,AGM70_Z1,4,2026-12-09,216.361,212.356,208.154,217.116,211.97,221.622,44.7,45.67,45.68,43.98,45.07,44.65,640.5,63.0,2.07,4,19,1732,3,2.12,24.6,70.0,23.4
070C26L786360658Z1,AGM70_Z1,2,2026-12-03,206.809,210.199,211.16,211.497,207.495,206.17,42.79,45.45,44.52,44.66,45.12,46.17,643.2,57.5,2.07,5,7,1204,4,2.08,22.5,77.4,22.5
070C26L156406763Z1,AGM70_Z1,3,2026-12-07,204.736,211.329,211.25,212.485,205.164,205.027,46.39,44.02,45.27,45.85,45.48,45.93,627.5,51.9,2.05,6,14,1731,4,2.11,27.7,77.7,24.3
080C26A555179179B1,AGM80_B1,3,2026-01-01,244.074,240.578,239.868,241.293,240.886,242.034,44.59,44.08,45.1,44.68,44.64,46.29,718.7,52.8,2.04,6,9,1819,3,2.04,26.9,94.8,26.2
080C26A759825274B1,AGM80_B1,3,2026-01-01,239.837,237.65,244.335,239.805,233.157,244.578,44.81,45.84,44.25,46.13,45.91,44.63,701.7,49.5,2.03,4,4,1843,2,2.14,22.3,96.4,31.2
080C26A997630557B1,AGM80_B1,1,2026-01-20,239.932,239.459,241.647,241.108,242.678,241.608,46.04,45.28,45.34,43.94,43.08,45.11,727.3,50.8,2.04,3,14,1260,3,2.07,28.1,92.1,20.3
080C26A443295810B1,AGM80_B1,2,2026-01-02,243.825,245.593,241.004,243.901,243.68,245.469,44.21,44.8,45.92,43.83,43.63,46.01,709.3,50.5,2.01,3,7,1552,3,2.1,27.4,86.1,24.8
080C26A714524849B1,AGM80_B1,5,2026-01-24,239.65,239.831,240.882,241.815,238.798,241.374,45.06,44.82,44.52,43.87,47.37,46.32,699.8,48.8,2.04,8,13,1728,2,2.08,25.8,90.7,26.3
080C26A754947453B1,AGM80_B1,3,2026-01-27,240.005,243.532,243.034,248.487,241.982,249.881,45.66,44.59,45.08,46.64,46.09,44.77,757.1,70.0,2.07,7,12,1766,5,2.14,24.6,86.8,30.5
080C26A616294261B1,AGM80_B1,4,2026-01-17,237.53,234.474,242.875,240.25,236.171,235.026,42.83,44.01,45.05,44.16,46.0,45.09,683.3,44.6,2.09,4,10,2033,4,2.11,27.5,90.8,30.7
080C26A208199004B1,AGM80_B1,4,2026-01-09,245.538,244.418,245.536,243.889,244.607,244.112,45.12,44.26,44.24,44.87,43.94,46.12,703.2,65.1,2.02,3,8,1568,5,2.13,27.1,80.0,26.7
080C26A160862494B1,AGM80_B1,4,2026-01-15,235.929,236.061,234.219,237.491,236.015,235.917,43.83,46.07,46.92,45.12,44.5,45.42,740.7,46.7,2.08,4,12,1954,3,2.11,21.5,90.1,20.7
080C26A877152234B1,AGM80_B1,1,2026-01-21,232.45,234.049,232.294,231.797,231.255,230.391,45.46,45.31,45.16,44.74,45.38,44.17,725.8,58.4,2.05,7,4,1874,3,2.04,22.0,83.7,23.8
080C26A746944932B1,AGM80_B1,4,2026-01-23,237.611,232.929,236.887,233.061,240.321,234.159,44.43,44.74,47.27,45.83,44.01,44.09,721.5,73.9,2.05,4,16,1717,3,2.09,27.8,81.0,25.4
080C26A213568659B1,AGM80_B1,1,2026-01-13,247.468,239.669,245.354,240.855,237.217,241.299,46.93,44.53,46.79,44.4,43.48,44.67,695.1,59.0,2.07,4,11,1752,3,2.12,19.8,83.4,19.3
080C26A471735948B1,AGM80_B1,4,2026-01-05,247.204,246.485,240.654,246.765,238.125,244.195,42.89,45.18,44.21,43.95,45.42,45.48,730.9,55.8,2.02,4,18,1800,2,2.07,31.0,86.4,23.9
080C26B261176277B1,AGM80_B1,3,2026-02-23,239.273,242.478,237.948,245.516,244.428,234.202,45.33,43.19,44.74,44.77,45.37,45.69,714.1,61.6,2.06,4,1,1657,6,2.1,23.2,90.4,21.8
080C26B594855173B1,AGM80_B1,5,2026-02-09,237.559,243.213,238.187,234.053,240.425,242.179,45.86,44.92,43.81,45.01,44.07,45.11,697.5,58.6,2.08,2,12,1395,3,2.09,26.8,93.2,25.6
080C26B005651930B1,AGM80_B1,1,2026-02-27,225.065,229.996,224.882,227.5,226.791,225.783,45.9,46.87,43.2,45.45,45.19,46.18,731.2,42.1,2.04,5,13,1554,4,2.07,25.5,94.4,24.9
080C26B722743526B1,AGM80_B1,2,2026-02-21,238.602,241.198,241.409,238.435,240.999,239.584,44.35,45.3,41.99,44.59,44.73,44.93,722.3,67.4,2.05,5,6,1768,4,2.1,18.9,89.0,23.1
080C26B748903580B1,AGM80_B1,4,2026-02-25,236.212,237.17,238.252,235.008,238.538,233.411,44.74,44.32,45.51,44.83,45.28,45.08,718.0,59.0,2.01,3,10,2639,3,2.09,22.8,93.6,25.6
080C26B965050813B1,AGM80_B1,4,2026-02-01,239.265,239.972,235.51,241.159,238.237,242.927,45.73,42.96,46.42,46.25,44.61,44.72,726.0,63.5,2.01,9,7,1938,4,2.1,23.3,83.4,24.6
080C26B247931751B1,AGM80_B1,3,2026-02-20,246.135,254.367,243.365,242.494,252.997,248.25,44.77,46.03,45.28,44.86,47.46,45.36,709.4,63.0,2.1,9,13,1512,3,2.17,18.7,86.2,21.8
080C26B456047548B1,AGM80_B1,1,2026-02-23,242.496,237.763,242.287,228.833,244.707,238.031,45.03,45.29,44.56,44.38,44.33,44.69,706.5,65.7,2.04,6,11,1335,2,2.08,25.0,87.4,28.7
080C26B565044892B1,AGM80_B1,4,2026-02-15,231.097,245.982,235.995,239.447,245.303,242.034,45.51,43.57,43.71,45.71,46.81,43.89,715.3,48.5,2.06,10,10,1788,2,2.1,22.0,96.9,20.6
080C26B761035775B1,AGM80_B1,3,2026-02-01,239.11,239.018,245.476,240.165,238.109,244.051,44.55,45.73,46.28,44.5,43.16,45.77,716.1,62.5,2.04,7,10,1588,3,2.12,30.5,93.5,21.1
080C26B291197035B1,AGM80_B1,3,2026-02-11,242.899,229.409,243.325,237.473,244.617,240.758,47.07,44.5,46.57,45.29,45.54,45.36,697.7,58.9,2.05,7,11,2052,1,2.07,21.5,96.3,23.2
080C26B275907791B1,AGM80_B1,4,2026-02-03,235.301,229.376,239.373,234.061,231.786,239.891,44.63,44.22,45.1,44.43,44.64,48.12,694.9,62.9,2.05,4,8,1829,3,2.11,24.8,80.0,23.2
080C26B166232030B1,AGM80_B1,3,2026-02-08,237.247,233.334,240.576,229.985,236.761,236.019,45.86,45.42,44.42,45.26,43.98,46.31,724.2,59.5,2.08,4,8,1354,4,2.07,19.8,86.4,26.8
080C26C743177483B1,AGM80_B1,3,2026-03-17,240.641,241.216,241.179,232.997,232.92,240.035,44.23,44.4,45.42,44.36,43.53,43.83,696.8,63.5,2.04,1,10,1458,1,2.1,22.7,80.0,26.2
080C26C173903182B1,AGM80_B1,3,2026-03-25,233.864,236.907,233.734,236.16,233.98,236.08,45.03,44.69,45.92,46.25,44.02,44.36,719.1,55.9,2.03,6,14,1878,2,2.05,27.6,89.3,27.5
080C26C667936355B1,AGM80_B1,3,2026-03-02,244.342,242.633,239.459,239.486,235.125,238.567,44.33,44.84,44.69,43.81,44.49,45.4,715.1,68.9,2.04,4,9,1558,3,2.02,17.4,81.5,24.7
080C26C591197942B1,AGM80_B1,3,2026-03-09,233.617,234.044,235.877,237.959,240.776,234.791,44.79,44.03,46.6,45.22,45.29,45.22,751.3,47.9,2.01,5,11,1578,3,2.09,30.7,92.9,29.3
080C26C002415374B1,AGM80_B1,4,2026-03-21,261.375,253.603,248.119,247.581,265.508,255.67,46.79,45.18,43.8,44.42,45.88,44.26,733.4,72.8,2.06,6,3,2159,3,2.12,25.4,90.2,24.4
080C26C436806316B1,AGM80_B1,4,2026-03-17,238.797,244.458,235.257,238.824,247.32,241.068,46.2,45.88,45.13,46.03,44.17,46.01,724.9,61.4,2.04,7,11,2095,3,2.13,20.3,89.6,25.1
080C26C631962883B1,AGM80_B1,3,2026-03-06,235.76,240.992,239.57,235.53,237.681,234.567,45.48,45.48,45.49,45.06,43.56,44.11,759.9,68.2,2.05,3,11,1485,2,2.1,23.4,88.5,24.2
080C26C417159927B1,AGM80_B1,3,2026-03-06,243.226,244.754,243.634,238.627,235.529,242.395,44.59,44.18,44.25,44.83,46.66,43.04,728.8,44.8,2.07,6,10,922,3,2.16,28.6,90.2,28.8
080C26C234590545B1,AGM80_B1,5,2026-03-27,245.782,243.71,249.013,242.253,246.022,236.821,43.66,44.94,43.4,46.27,45.18,45.0,724.6,75.4,2.07,4,8,1664,5,2.06,23.0,80.0,29.3
080C26C752338616B1,AGM80_B1,3,2026-03-18,245.602,245.76,243.133,247.238,245.171,238.541,44.83,43.85,46.0,43.76,44.81,45.43,714.2,66.7,2.05,4,17,1576,2,2.14,24.3,89.3,24.1
080C26C309870184B1,AGM80_B1,4,2026-03-09,243.086,244.58,241.432,243.469,245.269,242.48,45.08,44.62,44.65,46.25,44.4,44.5,711.7,56.7,2.1,5,17,1686,2,2.08,26.7,90.3,29.6
080C26C938938897B1,AGM80_B1,5,2026-03-10,242.96,246.862,245.417,243.619,250.099,247.723,43.13,44.88,45.19,46.02,44.92,44.36,713.8,48.4,2.07,1,17,2001,2,2.1,23.3,91.9,19.3
080C26C741326619B1,AGM80_B1,3,2026-03-10,241.367,233.489,244.013,243.402,240.569,243.485,46.53,45.61,44.53,45.68,43.25,43.86,696.9,55.1,2.09,3,13,1613,2,2.14,26.2,88.7,24.3
080C26D121351525B1,AGM80_B1,3,2026-04-18,243.318,245.084,246.652,245.414,244.938,237.655,45.16,42.23,43.78,46.64,44.9,44.87,697.8,53.3,2.07,8,12,1670,2,2.11,28.6,87.9,29.4
080C26D340141367B1,AGM80_B1,2,2026-04-04,242.521,241.548,238.847,241.678,238.365,242.812,45.38,45.53,45.4,45.33,46.39,44.94,722.5,67.0,2.08,8,8,1713,3,2.16,24.5,86.7,24.8
080C26D835980225B1,AGM80_B1,3,2026-04-27,247.455,250.369,248.315,246.938,252.36,243.605,43.86,46.55,44.81,45.29,44.37,45.55,736.1,61.3,2.02,9,15,1829,5,2.12,23.5,85.1,22.1
080C26D607175237B1,AGM80_B1,4,2026-04-27,235.075,232.791,242.622,229.083,230.002,237.664,44.5,44.98,43.94,43.45,46.54,44.27,724.2,49.6,2.07,5,12,1821,2,2.13,22.9,89.9,28.2
080C26D554556061B1,AGM80_B1,3,2026-04-19,232.617,241.813,241.172,239.069,239.053,234.749,45.61,44.24,44.25,44.31,45.61,46.21,710.8,67.4,2.08,9,10,1813,1,2.09,18.7,87.5,22.5
080C26D727119630B1,AGM80_B1,2,2026-04-06,235.015,244.107,241.882,234.293,240.605,237.456,44.35,44.9,44.85,45.4,45.19,45.25,688.2,66.0,2.04,8,12,1693,3,2.05,20.0,81.6,26.8
080C26D751517866B1,AGM80_B1,3,2026-04-04,245.604,244.803,244.799,246.218,244.301,246.278,45.22,44.29,44.09,45.74,45.8,43.96,715.0,48.0,2.05,2,7,1850,3,2.06,33.4,90.0,24.2
080C26D684650943B1,AGM80_B1,2,2026-04-23,239.815,242.052,238.295,242.158,243.409,243.188,44.83,43.47,44.55,45.71,46.87,44.86,726.7,44.3,1.97,3,8,1386,2,2.08,27.0,96.6,29.7
080C26D628514102B1,AGM80_B1,4,2026-04-06,246.082,248.079,244.336,245.749,244.092,248.116,46.05,45.02,44.88,45.33,45.69,44.97,706.4,52.0,2.03,6,8,1672,4,2.12,23.8,87.3,23.5
080C26D230877557B1,AGM80_B1,2,2026-04-06,244.603,244.664,243.854,244.971,247.339,248.18,46.68,44.24,45.12,44.74,43.71,44.62,698.9,50.4,2.05,5,9,2272,3,2.1,18.7,90.2,26.1
080C26D012012054B1,AGM80_B1,2,2026-04-01,245.324,247.232,246.279,243.843,244.249,242.394,43.7,44.11,45.94,45.42,45.17,46.94,722.8,48.2,2.04,2,6,2344,3,2.18,26.9,96.0,25.1
080C26D030840883B1,AGM80_B1,3,2026-04-04,237.71,235.487,237.443,235.463,236.722,236.657,45.01,43.94,45.03,42.96,45.26,46.29,736.6,61.3,2.02,8,9,1790,3,2.13,21.7,88.0,26.2
080C26D483714802B1,AGM80_B1,3,2026-04-08,241.557,243.678,247.373,239.879,242.162,243.364,45.78,45.96,45.43,44.08,44.32,45.03,725.5,66.0,2.14,5,11,1869,2,2.16,26.8,92.8,26.2
080C26E567731549B1,AGM80_B1,2,2026-05-03,241.79,246.232,242.377,247.644,242.201,243.696,43.82,45.03,43.86,45.37,45.59,44.38,753.2,53.9,2.11,4,19,1465,2,2.07,29.1,89.0,23.2
080C26E803193856B1,AGM80_B1,4,2026-05-14,238.309,237.801,240.37,236.248,242.026,242.758,44.2,45.5,45.74,45.17,43.88,45.52,741.9,53.8,2.01,6,14,1541,2,2.05,25.1,95.2,25.8
080C26E604076019B1,AGM80_B1,3,2026-05-02,242.008,242.541,242.496,243.355,240.166,240.06,44.55,44.96,46.92,46.13,45.1,44.89,700.8,44.3,2.05,7,10,1860,3,2.13,26.4,92.5,30.0
080C26E605903095B1,AGM80_B1,2,2026-05-05,245.623,243.65,246.608,245.241,245.392,246.968,45.07,44.67,44.66,45.48,43.4,44.27,715.3,56.7,2.05,7,7,1814,5,2.13,26.0,83.1,24.1
080C26E996012459B1,AGM80_B1,3,2026-05-07,237.761,238.499,240.238,233.529,238.1,236.125,45.87,44.62,44.87,44.09,44.02,44.76,731.7,60.2,2.07,8,9,1891,4,2.13,28.0,90.0,24.9
080C26E057641194B1,AGM80_B1,2,2026-05-27,248.344,242.813,244.68,242.818,237.473,235.725,44.59,45.26,45.11,44.77,44.68,44.27,713.1,62.4,2.12,6,12,1770,3,2.12,24.6,90.0,24.2
080C26E662377276B1,AGM80_B1,3,2026-05-07,240.808,239.186,243.484,236.805,238.177,238.614,45.72,44.82,44.61,46.14,45.33,44.97,721.6,45.0,2.08,5,12,2029,3,2.11,23.0,92.6,27.2
080C26E786911220B1,AGM80_B1,3,2026-05-17,240.712,234.193,236.561,241.745,238.807,236.855,45.43,44.99,43.89,45.89,44.47,44.68,755.6,52.2,2.1,5,14,1313,3,2.16,23.9,98.2,24.6
080C26E407344975B1,AGM80_B1,4,2026-05-14,232.345,235.411,247.288,241.24,234.495,239.6,44.37,45.15,44.73,44.59,47.2,44.82,765.6,54.3,2.04,5,5,1387,4,2.18,26.8,91.7,24.2
080C26E343461607B1,AGM80_B1,1,2026-05-10,225.645,234.388,233.179,225.305,238.062,228.87,43.81,46.42,45.32,45.96,46.86,43.81,725.2,73.4,1.99,3,9,1503,2,2.09,22.5,93.2,26.2
080C26E339891634B1,AGM80_B1,2,2026-05-06,237.211,241.271,238.775,240.639,239.016,237.67,44.69,44.88,45.62,43.77,44.84,45.77,712.0,65.8,2.03,4,10,1801,5,2.11,23.9,87.1,25.8
080C26E970333604B1,AGM80_B1,2,2026-05-09,234.982,244.888,235.118,236.018,239.927,238.693,45.46,46.26,46.28,43.68,44.28,46.51,726.9,58.3,2.01,6,7,1162,5,2.14,25.4,88.2,23.9
080C26E222511854B1,AGM80_B1,3,2026-05-10,243.594,240.489,241.012,241.947,240.917,247.803,45.63,44.43,45.65,45.37,46.06,45.22,721.6,59.6,2.08,4,11,1605,4,2.09,25.8,86.3,26.7
080C26F248025660B1,AGM80_B1,2,2026-06-10,232.519,236.341,239.246,227.334,230.525,234.387,44.54,44.25,45.49,44.94,45.47,47.08,713.9,54.5,2.06,5,9,2321,3,2.13,27.0,92.8,34.2
080C26F543287677B1,AGM80_B1,2,2026-06-16,247.761,240.169,242.269,249.917,245.922,236.688,44.76,44.82,43.45,43.85,44.74,45.54,715.6,56.8,2.03,6,12,2385,1,2.09,27.6,97.6,19.4
080C26F232043528B1,AGM80_B1,5,2026-06-20,236.039,235.979,238.792,247.098,238.076,237.47,44.72,44.81,45.25,45.24,44.82,45.17,726.5,71.7,2.08,7,13,2199,2,2.11,30.9,95.2,22.9
080C26F703799707B1,AGM80_B1,4,2026-06-25,242.92,237.774,238.597,237.764,240.189,240.235,46.67,44.41,45.91,45.79,44.94,44.25,721.4,46.5,1.99,1,7,1668,2,2.08,27.4,89.1,27.0
080C26F706303189B1,AGM80_B1,3,2026-06-12,235.944,233.019,236.846,236.35,238.016,234.325,45.29,43.81,45.91,45.41,44.65,45.62,753.3,57.9,2.1,5,8,1795,3,2.1,29.0,96.6,30.1
080C26F998332879B1,AGM80_B1,4,2026-06-04,243.689,243.111,237.859,241.514,243.638,240.886,46.53,45.2,45.13,43.72,46.18,43.88,717.9,58.9,2.08,9,13,1477,3,2.1,23.7,86.0,24.6
080C26F101807766B1,AGM80_B1,3,2026-06-18,238.439,238.031,235.821,244.895,234.465,235.382,45.01,46.87,44.18,44.53,44.17,46.69,720.7,59.5,2.03,9,5,1031,3,2.07,29.2,86.5,24.8
080C26F658639818B1,AGM80_B1,5,2026-06-25,240.315,240.632,241.982,243.113,240.759,241.761,44.89,43.64,44.58,45.59,46.06,46.9,714.5,48.3,2.07,6,14,1929,1,2.1,27.9,89.0,24.4
080C26F207191072B1,AGM80_B1,4,2026-06-01,243.002,240.543,237.076,237.591,240.662,238.796,44.69,43.51,45.67,44.99,43.11,44.75,687.2,58.2,2.1,6,10,1565,2,2.12,31.2,97.7,24.7
080C26F195578006B1,AGM80_B1,4,2026-06-01,245.416,242.705,246.419,250.104,243.891,242.015,45.83,46.57,45.91,44.9,44.41,45.9,718.5,60.8,2.08,6,11,1825,4,2.12,21.6,81.1,26.4
080C26F200484025B1,AGM80_B1,2,2026-06-06,237.974,238.135,236.897,241.897,235.418,245.208,43.92,43.38,44.23,45.35,45.42,45.75,724.8,53.2,2.03,2,2,1911,2,2.08,23.8,85.6,25.2
080C26F312972603B1,AGM80_B1,2,2026-06-21,250.592,246.067,246.835,244.612,242.425,249.116,44.79,45.24,45.73,45.28,44.21,45.14,727.5,60.0,2.07,6,11,1766,2,2.13,23.8,91.8,25.5
080C26F121782895B1,AGM80_B1,2,2026-06-07,239.558,242.629,241.707,240.708,242.307,244.179,44.38,45.01,44.6,46.77,48.38,44.19,749.0,57.7,2.03,10,19,1722,3,2.09,23.6,89.8,22.7
080C26G748680538B1,AGM80_B1,4,2026-07-15,243.321,249.336,238.779,245.94,241.546,245.687,44.28,42.42,43.64,44.65,44.55,43.8,703.9,57.3,2.08,6,5,1743,3,2.06,20.8,90.4,20.5
080C26G027089883B1,AGM80_B1,3,2026-07-10,232.714,231.842,235.467,227.74,231.44,239.164,44.92,45.31,46.52,45.06,44.17,45.86,707.9,68.2,2.03,6,9,1330,3,2.07,24.5,83.5,23.8
080C26G094897539B1,AGM80_B1,1,2026-07-16,236.081,237.283,241.913,235.696,235.718,234.086,44.12,44.03,44.78,46.71,45.43,45.63,686.4,48.3,2.04,6,12,1803,4,2.07,22.8,97.2,26.6
080C26G236327707B1,AGM80_B1,1,2026-07-14,239.163,225.986,231.163,231.674,240.322,239.113,47.1,44.12,44.93,43.42,44.33,44.86,724.2,61.6,2.05,6,9,1388,3,2.06,27.1,90.2,24.7
080C26G870637345B1,AGM80_B1,2,2026-07-23,244.376,238.681,239.274,241.418,237.054,240.883,44.47,44.55,45.3,43.3,43.88,45.94,722.3,54.0,2.08,5,12,1780,2,2.08,30.6,90.3,21.9
080C26G950483120B1,AGM80_B1,3,2026-07-20,249.244,245.021,240.342,251.229,245.8,246.953,45.07,44.69,45.76,43.47,46.65,45.82,719.7,59.3,2.04,5,8,1213,4,2.07,22.6,87.7,28.6
080C26G241137359B1,AGM80_B1,2,2026-07-27,235.211,231.964,233.329,233.813,239.628,238.894,45.72,45.47,45.31,45.56,45.33,44.68,724.9,45.9,2.09,4,16,2328,4,2.09,31.6,86.4,22.7
080C26G918358291B1,AGM80_B1,4,2026-07-04,242.625,248.183,245.757,246.67,244.453,250.608,44.3,45.46,44.4,45.13,44.21,44.3,721.7,59.9,2.07,8,11,1669,3,2.09,26.2,87.1,23.3
080C26G706461890B1,AGM80_B1,3,2026-07-02,237.708,231.811,231.806,243.54,227.368,233.14,44.75,47.28,45.01,46.53,42.65,44.52,711.6,73.4,2.04,9,9,1652,3,2.14,31.0,88.9,20.9
080C26G332072163B1,AGM80_B1,4,2026-07-11,244.687,244.148,244.283,244.725,243.283,245.728,46.92,45.31,44.64,46.41,45.63,45.17,703.7,38.7,2.05,7,10,2099,3,2.11,32.1,90.9,19.9
080C26G378335646B1,AGM80_B1,3,2026-07-16,241.445,242.257,243.676,243.137,242.802,242.138,46.41,44.19,44.78,46.51,45.56,43.95,683.9,43.0,2.05,4,12,1361,3,2.08,26.3,89.5,27.8
080C26G365070885B1,AGM80_B1,2,2026-07-06,233.821,236.901,241.847,241.126,239.318,236.702,45.47,43.63,46.04,44.62,44.74,44.24,701.7,34.2,2.02,7,18,1802,3,2.08,24.4,98.3,21.7
080C26G491904693B1,AGM80_B1,2,2026-07-07,231.658,238.346,234.471,234.97,241.698,243.606,43.48,44.48,41.83,45.87,45.3,44.55,734.6,64.3,2.06,1,9,1552,3,2.08,25.0,96.1,26.4
080C26H758970388B1,AGM80_B1,3,2026-08-08,235.409,234.889,235.781,234.57,237.225,238.968,44.36,43.07,45.27,44.34,44.65,44.68,719.3,55.2,2.06,5,14,1486,2,2.12,27.4,91.6,27.9
080C26H377197348B1,AGM80_B1,3,2026-08-14,242.144,245.767,235.585,242.092,242.014,240.311,44.9,45.45,44.95,45.9,45.77,45.7,729.0,46.9,2.04,6,10,1616,3,2.12,28.6,98.9,24.3
080C26H814430604B1,AGM80_B1,4,2026-08-06,240.169,232.177,231.751,233.07,232.552,235.143,47.12,45.34,43.75,43.96,45.16,44.89,737.1,65.5,2.06,1,6,2366,5,2.1,21.6,84.7,28.5
080C26H972983321B1,AGM80_B1,2,2026-08-20,240.429,244.615,242.462,242.911,244.707,238.473,46.97,46.32,46.43,44.49,45.58,45.54,710.4,52.3,2.06,7,14,1957,3,2.09,21.2,87.0,24.3
080C26H858667160B1,AGM80_B1,2,2026-08-24,234.08,233.082,235.272,238.841,235.255,237.815,45.84,45.72,45.87,44.4,47.07,43.35,696.9,56.0,2.07,6,5,1794,2,2.11,26.2,86.9,28.2
080C26H035083268B1,AGM80_B1,3,2026-08-26,233.516,229.969,235.485,231.679,226.411,230.291,44.84,45.24,46.5,44.92,44.42,45.99,747.9,57.0,2.0,5,11,1433,2,2.18,27.1,94.9,26.0
080C26H156037827B1,AGM80_B1,1,2026-08-20,245.728,241.252,245.603,242.34,243.432,245.514,45.52,45.04,45.51,46.27,43.75,45.0,745.9,38.0,2.01,2,15,1385,2,2.08,27.4,91.1,27.4
080C26H619083736B1,AGM80_B1,3,2026-08-07,258.981,253.386,251.019,256.139,257.476,257.287,45.1,45.27,44.12,44.29,45.99,43.47,701.0,66.8,2.04,6,12,1728,3,2.08,22.7,86.9,27.8
080C26H964406039B1,AGM80_B1,3,2026-08-23,241.389,238.983,242.131,236.53,240.069,241.238,44.76,42.44,45.29,45.66,43.8,45.63,723.7,51.3,2.01,4,14,1412,2,2.12,25.8,90.5,27.6
080C26H464941976B1,AGM80_B1,3,2026-08-26,234.658,240.353,239.874,242.027,241.444,243.244,45.11,45.39,43.76,43.18,43.84,43.45,704.5,67.0,2.02,5,15,1658,4,2.12,22.6,91.8,28.1
080C26H356183160B1,AGM80_B1,3,2026-08-06,226.733,234.622,235.442,232.964,231.895,231.745,45.02,44.37,43.78,45.3,45.88,46.66,704.5,59.7,2.08,6,12,1523,3,2.07,24.2,97.3,26.1
080C26H049937186B1,AGM80_B1,3,2026-08-27,235.323,233.611,235.16,231.807,234.991,235.135,47.54,44.76,44.34,46.18,46.77,44.26,753.1,52.9,2.05,5,12,1762,4,2.11,26.4,88.5,22.4
080C26H161808749B1,AGM80_B1,5,2026-08-06,238.65,245.448,244.252,245.739,245.564,241.776,45.93,43.64,44.57,45.68,43.68,45.3,710.1,55.0,2.01,6,15,1517,4,2.05,25.3,88.5,24.0
080C26I821612714B1,AGM80_B1,1,2026-09-17,242.228,249.879,243.588,242.928,249.221,248.13,45.03,45.31,43.54,46.64,46.82,44.68,724.4,70.1,1.98,5,15,2378,3,2.13,28.9,91.4,24.3
080C26I534745487B1,AGM80_B1,4,2026-09-13,243.01,242.381,241.214,241.998,244.566,242.526,43.88,45.58,44.78,43.77,45.24,43.9,709.2,55.0,2.06,1,11,2103,3,2.14,26.9,97.9,22.3
080C26I476653452B1,AGM80_B1,2,2026-09-07,249.181,240.122,241.822,240.082,243.924,240.255,45.08,43.49,42.77,44.71,45.8,45.8,707.7,60.0,2.02,4,8,1503,2,2.07,30.4,100.0,22.7
080C26I531629059B1,AGM80_B1,3,2026-09-06,244.319,238.868,235.112,240.07,240.481,233.109,46.17,44.93,44.19,45.78,44.74,45.67,715.1,57.7,2.02,3,15,1744,4,2.07,25.7,93.6,22.3
080C26I258872034B1,AGM80_B1,3,2026-09-26,245.18,247.301,241.654,245.886,237.036,245.335,46.43,45.58,45.17,45.83,44.81,45.17,731.0,49.1,2.06,5,14,1429,4,2.09,20.0,94.7,22.6
080C26I730693925B1,AGM80_B1,4,2026-09-11,245.479,242.812,240.951,242.519,243.792,246.611,44.94,44.41,45.66,44.01,45.95,44.7,720.1,51.3,2.05,5,11,2038,3,2.15,26.4,95.1,22.5
080C26I265236066B1,AGM80_B1,3,2026-09-06,235.958,241.098,233.029,235.274,237.612,235.97,47.16,46.29,45.0,44.81,45.38,43.94,718.9,54.9,2.07,5,10,2137,4,2.05,22.8,88.8,31.2
080C26I944900403B1,AGM80_B1,1,2026-09-22,229.091,231.225,229.935,227.14,225.917,233.396,44.76,44.37,45.34,46.49,46.2,45.31,705.6,55.4,1.98,5,10,1842,3,2.08,26.3,91.4,24.6
080C26I885389653B1,AGM80_B1,3,2026-09-18,243.032,242.14,242.021,242.696,237.519,235.655,44.76,45.33,44.67,44.4,44.4,43.58,720.1,64.6,2.05,7,9,1873,3,2.1,24.3,89.5,23.7
080C26I878680198B1,AGM80_B1,5,2026-09-26,246.474,246.596,244.131,246.212,245.404,246.254,44.74,44.22,43.94,44.59,45.67,44.39,746.1,55.5,2.06,3,5,1873,5,2.14,25.8,86.7,25.0
080C26I146417470B1,AGM80_B1,1,2026-09-10,238.032,226.789,229.515,241.435,233.318,239.134,43.51,44.41,45.77,45.0,44.8,45.43,696.2,64.3,2.01,8,16,1690,3,2.11,28.3,89.3,24.4
080C26I305462110B1,AGM80_B1,4,2026-09-26,239.734,245.515,242.972,243.522,242.232,242.825,45.57,45.25,45.97,44.44,46.36,44.47,712.9,48.8,2.02,6,8,2369,3,2.17,24.5,97.0,22.2
080C26I207732665B1,AGM80_B1,3,2026-09-11,237.861,238.654,234.993,239.037,237.003,233.556,44.1,43.72,45.14,46.07,44.4,44.9,728.3,52.8,2.09,2,9,1701,2,2.1,27.5,93.8,26.6
080C26J540276056B1,AGM80_B1,4,2026-10-16,247.565,246.444,251.038,246.563,248.854,245.738,45.78,44.1,43.32,45.3,42.36,45.41,706.1,60.4,2.06,6,8,1989,2,2.14,25.2,84.5,23.3
080C26J620119867B1,AGM80_B1,2,2026-10-09,233.766,238.836,231.539,245.31,240.149,232.019,45.5,45.99,43.88,45.79,44.87,43.7,740.7,70.0,2.08,4,5,1517,4,2.12,24.2,84.0,28.0
080C26J702780969B1,AGM80_B1,5,2026-10-19,237.739,242.169,238.369,235.247,246.602,242.33,44.78,46.77,43.78,44.98,46.22,44.74,701.1,61.0,2.05,7,11,2354,2,2.13,16.8,87.8,29.8
080C26J659350305B1,AGM80_B1,3,2026-10-13,245.944,253.141,250.405,252.196,247.796,246.667,44.88,45.79,44.27,46.16,43.62,45.9,723.5,63.1,2.09,4,18,1826,4,2.12,28.9,80.6,25.1
080C26J357588863B1,AGM80_B1,4,2026-10-11,244.92,237.749,237.623,237.872,247.506,248.572,44.81,46.07,45.63,44.8,44.46,45.06,715.8,47.6,2.02,6,10,1662,3,2.07,24.1,94.8,28.6
080C26J922578984B1,AGM80_B1,3,2026-10-23,243.871,244.979,241.036,250.85,246.06,245.942,45.03,46.2,46.93,43.37,43.58,45.03,712.1,57.1,1.95,5,8,1931,3,2.1,25.3,86.9,23.6
080C26J782448032B1,AGM80_B1,3,2026-10-06,242.35,244.751,248.4,248.435,241.222,240.967,44.79,44.41,45.78,45.07,44.66,45.42,726.7,62.7,2.03,1,15,2266,3,2.14,23.1,90.6,30.4
080C26J641367224B1,AGM80_B1,3,2026-10-03,234.288,236.914,243.364,234.414,241.085,240.07,46.47,45.54,43.59,44.52,44.88,44.86,726.9,55.0,2.05,4,15,1632,5,2.09,24.9,90.2,22.4
080C26J606741788B1,AGM80_B1,3,2026-10-08,241.771,241.136,237.066,236.086,236.941,240.141,44.72,46.26,44.68,46.31,43.86,43.74,735.4,63.9,2.04,10,8,1477,3,2.14,18.5,84.0,28.4
080C26J723510291B1,AGM80_B1,2,2026-10-17,225.866,230.912,239.279,231.264,236.14,235.659,43.85,44.08,45.29,45.07,45.71,43.12,722.6,69.6,2.06,9,17,1694,3,2.14,24.6,88.1,23.5
080C26J152834940B1,AGM80_B1,1,2026-10-26,238.149,241.611,239.984,240.791,240.482,235.044,44.49,42.91,44.98,45.03,44.0,42.59,730.7,48.1,2.03,6,8,1479,3,2.09,26.8,90.6,23.1
080C26J964966929B1,AGM80_B1,3,2026-10-02,237.002,238.342,238.878,239.875,233.321,236.566,43.96,44.72,43.13,44.7,45.25,45.58,710.4,55.8,2.03,5,6,1578,5,2.04,27.7,94.3,28.5
080C26J322027822B1,AGM80_B1,3,2026-10-03,237.901,237.248,235.013,231.535,234.25,235.333,44.94,44.17,44.42,44.63,46.06,44.94,720.6,60.5,2.1,6,15,2228,5,2.12,22.9,88.5,27.0
080C26K271802182B1,AGM80_B1,4,2026-11-09,246.472,246.364,237.943,247.665,246.771,240.114,45.64,43.11,44.34,47.46,46.58,44.68,732.9,49.3,2.02,6,10,1930,4,2.09,26.3,89.3,28.7
080C26K195670502B1,AGM80_B1,3,2026-11-03,238.465,238.62,240.676,237.441,239.814,242.465,44.63,45.35,43.67,44.62,44.41,44.32,747.0,59.7,2.06,6,14,2014,1,2.06,25.6,93.2,27.4
080C26K905715466B1,AGM80_B1,2,2026-11-01,239.672,235.74,241.595,239.742,245.745,241.917,46.36,44.39,45.54,43.16,44.86,43.78,713.5,54.4,2.03,8,11,1779,3,2.07,29.4,95.4,28.0
080C26K104074811B1,AGM80_B1,4,2026-11-14,238.068,240.377,241.33,238.705,241.206,241.8,45.15,44.06,46.18,43.91,44.98,45.42,719.2,48.1,2.02,7,4,1746,2,2.1,24.5,96.0,32.5
080C26K369177630B1,AGM80_B1,2,2026-11-06,241.058,245.227,246.076,247.481,238.781,240.408,44.13,45.2,44.66,45.76,46.44,43.27,711.2,60.3,2.04,6,4,1868,2,2.07,26.6,85.1,19.0
080C26K799025156B1,AGM80_B1,2,2026-11-26,246.105,243.558,244.151,250.254,245.901,235.504,46.18,45.42,44.67,46.25,44.86,46.12,737.5,68.0,2.07,4,8,2069,2,2.1,26.6,87.1,21.9
080C26K927220139B1,AGM80_B1,3,2026-11-11,260.783,244.572,244.238,256.959,254.951,244.419,44.74,45.55,46.41,43.83,45.76,45.0,712.7,82.8,2.06,5,9,1790,3,2.09,19.0,82.5,25.0
080C26K604478723B1,AGM80_B1,3,2026-11-02,235.656,245.768,248.765,240.488,247.091,243.98,45.96,45.76,44.7,45.01,44.53,45.45,707.9,67.0,2.02,4,16,1422,3,2.1,27.4,94.7,25.0
080C26K531132937B1,AGM80_B1,4,2026-11-10,239.96,241.275,237.355,237.577,236.784,238.86,44.59,46.12,43.68,44.29,44.24,46.04,718.4,53.9,2.08,5,6,1427,4,2.11,26.4,95.9,20.9
080C26K566916963B1,AGM80_B1,4,2026-11-07,245.654,234.903,236.339,235.035,242.797,235.752,42.81,45.16,46.12,46.16,45.67,44.55,698.8,52.1,1.99,3,12,1276,3,2.11,22.4,92.5,25.8
080C26K869408348B1,AGM80_B1,4,2026-11-12,250.068,242.371,249.277,242.341,250.898,244.334,45.17,44.7,44.71,45.26,44.5,46.17,712.5,60.9,2.07,6,11,1114,4,2.1,23.7,90.4,21.3
080C26K759770857B1,AGM80_B1,2,2026-11-06,243.881,246.091,244.581,242.54,232.759,239.715,43.52,46.0,46.22,44.98,46.19,45.78,693.0,52.4,2.08,4,11,1408,3,2.13,25.2,84.6,30.7
080C26K871259263B1,AGM80_B1,2,2026-11-10,239.036,233.416,237.764,236.534,234.548,239.797,44.38,45.67,43.79,42.84,44.86,42.66,748.2,61.3,2.04,6,7,2013,4,2.1,28.4,88.6,28.7
080C26L217619970B1,AGM80_B1,3,2026-12-26,250.804,251.455,251.074,249.998,252.759,250.599,44.71,43.9,43.91,45.59,43.41,44.97,731.4,69.0,2.06,5,11,1610,2,2.08,22.8,88.6,28.0
080C26L916312216B1,AGM80_B1,4,2026-12-12,237.173,235.332,234.897,230.89,236.981,238.406,45.21,44.67,45.92,44.55,46.66,46.35,728.1,62.5,2.03,6,15,2271,2,2.12,23.3,93.7,23.8
080C26L185758738B1,AGM80_B1,3,2026-12-09,249.36,246.378,249.094,252.177,249.944,249.409,44.26,46.94,43.19,43.53,44.38,43.87,732.8,45.3,2.08,1,11,1906,4,2.14,22.6,83.7,22.7
080C26L441637281B1,AGM80_B1,1,2026-12-24,247.694,246.593,248.483,248.736,243.243,246.07,45.19,44.61,45.86,45.15,42.67,41.7,724.4,54.2,2.06,7,15,1618,2,2.11,23.8,83.1,25.8
080C26L564565459B1,AGM80_B1,1,2026-12-04,253.94,242.526,246.263,240.129,244.685,247.745,44.04,43.6,44.7,45.17,45.62,44.61,742.8,54.0,2.08,6,10,1725,3,2.1,25.5,88.2,29.5
080C26L925359787B1,AGM80_B1,2,2026-12-23,224.699,229.685,235.201,232.585,229.495,228.729,45.47,44.86,46.29,46.23,46.97,44.65,721.1,55.1,2.01,2,11,1615,2,2.13,24.1,87.5,25.3
080C26L493603384B1,AGM80_B1,2,2026-12-19,245.094,251.913,243.894,252.146,250.76,250.221,44.53,45.49,44.14,43.72,44.21,44.94,748.8,52.1,2.06,2,11,2044,5,2.14,24.0,86.7,23.7
080C26L236048893B1,AGM80_B1,3,2026-12-08,244.573,244.235,240.347,237.332,241.269,242.654,44.61,44.95,43.86,45.34,44.22,45.33,747.7,52.3,2.02,6,6,1606,2,2.07,24.9,91.7,23.2
080C26L824489456B1,AGM80_B1,4,2026-12-18,239.478,241.499,235.284,238.594,239.876,238.415,45.75,44.52,44.92,44.88,43.96,47.19,694.4,48.7,2.07,6,10,1587,3,2.11,29.3,86.5,23.7
080C26L615809148B1,AGM80_B1,4,2026-12-11,237.094,230.012,236.296,237.681,239.629,241.361,44.79,42.76,45.28,45.09,45.85,44.42,724.3,57.8,2.03,3,6,1714,2,2.09,24.7,90.2,21.8
080C26L882245984B1,AGM80_B1,5,2026-12-01,237.789,237.987,231.419,243.172,240.324,232.541,44.46,44.98,44.32,44.58,45.04,45.88,710.9,62.8,2.06,4,10,1794,3,2.07,21.4,92.4,23.8
080C26L612892450B1,AGM80_B1,3,2026-12-20,240.993,242.883,239.347,241.201,243.296,243.801,45.82,45.28,45.86,45.51,45.5,45.52,714.9,46.9,1.99,2,6,1976,1,2.08,23.9,84.8,29.2
080C26L443631967B1,AGM80_B1,2,2026-12-02,241.924,237.254,246.055,242.476,245.975,243.056,44.47,44.94,46.18,44.57,46.18,44.07,700.5,55.7,2.08,7,10,2148,4,2.09,26.7,96.2,24.6
080C26A338209999C1,AGM80_C1,2,2026-01-24,248.916,244.78,253.525,244.755,244.251,246.027,45.22,44.69,46.65,45.35,45.08,46.25,713.4,46.2,2.06,4,17,1803,2,2.1,23.4,91.3,27.3
080C26A500663686C1,AGM80_C1,3,2026-01-12,248.229,251.556,250.487,245.144,245.832,250.642,44.98,44.97,46.58,43.55,46.69,44.7,708.1,56.5,2.06,2,9,1591,2,2.07,24.3,88.7,17.4
080C26A676615096C1,AGM80_C1,4,2026-01-09,249.32,246.206,243.746,246.264,246.176,249.045,45.98,44.69,45.32,45.29,44.38,44.97,712.1,65.9,2.07,9,13,1739,4,2.07,27.6,85.7,26.9
080C26A491587327C1,AGM80_C1,4,2026-01-04,242.374,246.054,242.493,240.419,238.044,242.345,45.57,45.5,46.96,45.38,43.53,45.35,729.1,65.3,2.06,7,15,1966,5,2.14,23.6,92.6,28.7
080C26A861937484C1,AGM80_C1,1,2026-01-18,231.495,233.824,231.549,232.726,234.061,233.292,46.15,43.93,44.77,46.0,43.76,44.53,715.5,40.2,2.03,4,11,1845,3,2.06,26.8,93.3,31.2
080C26A340075436C1,AGM80_C1,2,2026-01-15,233.129,236.098,238.764,236.554,233.546,226.941,44.45,45.1,44.9,45.87,44.74,45.1,734.5,56.0,2.07,3,11,1852,3,2.1,27.6,96.2,27.1
080C26A925333050C1,AGM80_C1,1,2026-01-04,245.636,246.416,246.769,245.586,245.968,245.678,46.03,45.15,43.57,42.89,45.18,43.84,711.2,40.5,2.06,10,8,2206,2,2.08,28.1,85.7,25.5
080C26A107213455C1,AGM80_C1,4,2026-01-06,233.812,232.29,237.418,238.094,242.483,238.028,45.24,45.77,45.0,46.3,43.11,45.78,733.2,60.0,2.0,5,19,2192,4,2.11,22.9,94.6,30.7
080C26A391059890C1,AGM80_C1,2,2026-01-13,240.974,243.215,241.493,241.696,243.042,241.702,44.65,44.96,45.59,45.22,44.64,45.44,725.2,36.8,1.98,2,7,1816,3,2.04,26.9,92.2,22.1
080C26A692902144C1,AGM80_C1,5,2026-01-08,236.492,228.485,237.068,228.363,235.357,233.979,47.4,45.2,45.28,45.28,45.66,45.36,722.5,47.5,2.03,7,11,2044,5,2.17,29.9,84.6,29.0
080C26A527649797C1,AGM80_C1,3,2026-01-06,240.83,240.575,240.488,235.874,245.208,242.849,44.73,45.04,44.54,44.33,44.66,45.15,726.9,53.9,2.07,7,10,1805,2,2.1,23.5,87.4,28.0
080C26A002854606C1,AGM80_C1,2,2026-01-24,232.312,231.493,229.125,229.257,231.262,233.687,44.68,43.91,43.11,45.28,45.72,43.13,701.8,52.0,2.06,4,14,1775,3,2.1,27.9,89.3,26.0
080C26A877540149C1,AGM80_C1,3,2026-01-27,239.57,232.733,233.605,232.224,230.674,233.161,45.3,44.69,45.44,44.44,42.98,45.97,731.6,60.3,2.06,5,8,1499,3,2.08,21.3,95.9,24.8
080C26B156044435C1,AGM80_C1,2,2026-02-27,233.254,235.83,242.47,243.313,243.161,231.313,45.55,43.68,45.56,45.74,45.31,43.57,728.1,43.6,1.99,6,7,1880,1,2.09,23.6,100.0,29.7
080C26B981618515C1,AGM80_C1,2,2026-02-19,235.335,237.112,236.934,235.514,235.668,236.062,42.46,46.15,44.42,45.58,43.99,45.73,733.8,71.9,2.08,6,4,1192,3,2.13,27.0,82.4,21.8
080C26B384632511C1,AGM80_C1,1,2026-02-02,237.271,235.08,236.329,235.486,238.104,235.217,45.94,45.92,46.1,47.09,43.77,44.38,702.8,33.0,2.01,8,14,1714,2,2.06,23.9,98.1,22.7
080C26B053505504C1,AGM80_C1,5,2026-02-20,243.159,232.693,235.175,241.729,237.634,242.948,44.84,44.43,44.24,45.53,45.02,44.32,691.7,53.8,2.08,6,16,2089,3,2.1,20.3,87.1,29.4
080C26B246284193C1,AGM80_C1,3,2026-02-20,240.737,243.052,238.926,245.745,240.303,243.412,44.39,44.48,45.4,43.08,46.13,44.4,722.3,56.7,2.1,6,14,1473,3,2.09,24.0,89.2,25.6
080C26B130560537C1,AGM80_C1,3,2026-02-04,243.898,246.103,248.425,245.862,250.205,243.153,45.81,45.34,44.9,44.82,46.07,44.03,716.2,48.4,2.1,3,10,1630,2,2.1,23.1,92.3,26.3
080C26B061564152C1,AGM80_C1,3,2026-02-01,241.735,235.978,242.967,237.897,249.552,241.831,45.69,45.86,45.96,44.22,45.7,45.69,696.5,63.1,2.09,6,1,1719,2,2.06,24.5,83.1,27.8
080C26B063771002C1,AGM80_C1,3,2026-02-15,228.6,230.413,235.728,230.919,240.835,237.692,43.54,46.61,45.7,44.64,44.41,45.74,701.7,59.6,2.05,7,13,1973,1,2.09,27.4,92.0,27.0
080C26B065258696C1,AGM80_C1,4,2026-02-20,237.593,240.727,237.371,238.388,233.756,236.235,45.74,43.36,44.31,44.83,43.25,44.52,701.1,47.0,2.03,4,3,1654,3,2.11,23.7,84.3,20.6
080C26B829068525C1,AGM80_C1,2,2026-02-24,240.498,239.93,239.462,239.891,241.177,238.739,42.98,45.85,44.87,44.1,46.6,44.78,727.1,44.2,2.09,4,7,2113,2,2.13,25.1,91.9,24.2
080C26B601428780C1,AGM80_C1,2,2026-02-22,239.85,233.46,240.792,239.809,234.968,239.931,44.18,45.62,46.51,45.71,45.45,43.97,709.7,50.5,2.06,2,6,1801,4,2.1,21.8,90.9,26.7
080C26B484308066C1,AGM80_C1,4,2026-02-21,240.686,237.555,239.519,239.049,236.096,242.265,43.76,43.85,43.92,43.66,44.85,44.81,718.9,46.7,2.05,3,17,1894,4,2.11,26.8,87.1,24.1
080C26B640136816C1,AGM80_C1,4,2026-02-09,242.699,245.21,248.851,249.094,247.884,248.157,45.01,45.7,43.74,45.91,43.46,45.22,725.3,54.7,2.05,5,12,1788,3,2.12,21.9,87.1,24.9
080C26C919092029C1,AGM80_C1,3,2026-03-22,232.772,238.471,238.384,234.747,238.988,233.897,46.26,46.43,45.33,45.89,44.22,45.25,707.0,47.4,2.05,4,7,1871,3,2.06,25.0,84.7,23.2
080C26C351171802C1,AGM80_C1,5,2026-03-11,242.711,243.35,237.513,239.963,237.216,240.683,45.16,47.6,45.28,44.4,47.74,44.83,748.9,71.8,2.09,3,17,1843,2,2.11,25.4,86.7,24.2
080C26C555460693C1,AGM80_C1,4,2026-03-09,245.605,247.181,244.317,244.522,248.597,246.755,45.11,47.37,44.02,45.23,44.14,44.97,737.8,61.8,2.02,9,6,1717,1,2.1,21.7,83.8,17.2
080C26C207464374C1,AGM80_C1,4,2026-03-15,237.931,238.731,240.662,237.098,240.238,237.988,44.97,44.59,45.26,45.82,44.37,45.53,727.9,50.4,2.08,8,10,1477,3,2.12,27.1,89.6,28.0
080C26C608989205C1,AGM80_C1,3,2026-03-23,239.195,236.511,234.263,236.986,235.273,237.14,46.84,47.26,46.03,46.08,46.65,46.31,729.6,51.3,2.05,7,7,1945,2,2.15,26.5,99.2,27.1
080C26C912800026C1,AGM80_C1,3,2026-03-07,250.97,241.967,257.406,249.837,250.758,250.878,45.56,44.83,44.54,45.88,46.12,43.6,717.3,59.7,2.07,8,7,2159,1,2.1,26.5,89.7,27.4
080C26C978233736C1,AGM80_C1,2,2026-03-11,243.402,246.155,243.884,247.69,242.619,244.639,44.91,43.49,44.87,45.78,45.6,45.18,757.1,60.5,2.05,6,12,1856,2,2.07,24.3,90.3,20.9
080C26C089845604C1,AGM80_C1,4,2026-03-20,237.113,236.555,239.473,240.716,242.533,237.689,45.49,44.65,43.86,44.52,45.48,42.67,693.6,38.2,2.05,2,3,1695,3,2.18,27.0,94.9,25.6
080C26C250234268C1,AGM80_C1,3,2026-03-12,246.713,236.002,242.008,243.488,240.324,244.213,45.22,44.27,44.54,43.72,46.01,44.66,694.0,58.5,2.11,1,10,1521,2,2.06,32.3,87.1,23.5
080C26C435404614C1,AGM80_C1,1,2026-03-07,233.459,238.184,240.228,231.943,232.072,239.718,44.65,44.58,44.47,47.01,45.78,44.28,734.1,58.4,2.06,5,12,1757,3,2.06,24.7,89.2,18.7
080C26C843195123C1,AGM80_C1,4,2026-03-13,231.38,237.507,232.239,247.754,242.701,241.743,45.18,42.59,45.61,44.34,44.89,44.15,726.2,61.8,2.06,7,16,1532,5,2.09,19.0,80.0,25.8
080C26C382727701C1,AGM80_C1,4,2026-03-25,231.592,233.152,232.933,231.937,232.576,234.858,45.89,44.99,45.08,44.72,45.2,45.26,717.7,43.9,2.07,3,13,1870,4,2.12,21.4,93.6,19.0
080C26C342889118C1,AGM80_C1,3,2026-03-11,240.112,229.566,240.703,235.594,236.979,238.609,43.74,42.91,46.07,45.21,44.23,43.79,701.3,55.8,2.04,5,12,2355,4,2.12,21.9,98.6,28.0
080C26D496415729C1,AGM80_C1,2,2026-04-20,230.834,231.645,230.081,231.138,230.118,232.628,43.59,45.33,47.12,45.6,44.85,45.45,752.0,43.4,2.04,3,8,1888,3,2.09,29.2,96.2,25.3
080C26D848510453C1,AGM80_C1,2,2026-04-23,242.672,241.812,244.833,242.091,242.633,244.298,44.54,44.61,44.3,45.63,44.13,44.5,715.1,58.9,2.03,7,12,1894,2,2.08,25.3,82.2,22.7
080C26D170730804C1,AGM80_C1,4,2026-04-10,247.668,237.534,241.854,241.002,239.36,240.885,43.83,43.21,44.95,45.97,43.65,44.18,737.4,68.8,2.01,3,4,1961,2,2.09,24.5,81.7,27.8
080C26D388528526C1,AGM80_C1,2,2026-04-16,242.677,241.243,241.927,240.784,242.477,241.681,45.37,45.33,43.42,44.29,46.28,46.13,714.0,53.6,2.04,3,7,1766,3,2.1,24.3,86.4,24.3
080C26D580544154C1,AGM80_C1,4,2026-04-03,240.926,240.901,243.391,240.921,246.485,241.91,44.82,44.31,45.34,43.5,43.83,44.13,720.8,59.2,2.03,5,11,2149,4,2.07,25.2,85.7,23.7
080C26D719649937C1,AGM80_C1,1,2026-04-27,235.014,239.272,238.802,236.838,235.39,229.583,44.67,44.67,45.12,46.35,44.44,47.48,743.3,54.0,2.06,2,5,1472,3,2.06,27.8,88.5,22.9
080C26D936815731C1,AGM80_C1,2,2026-04-27,245.457,243.324,245.151,245.77,250.812,246.134,43.82,44.29,45.68,43.28,45.57,44.77,702.7,62.8,2.06,3,5,1639,1,2.15,24.1,81.8,27.5
080C26D314231361C1,AGM80_C1,1,2026-04-24,236.257,240.802,236.217,241.274,239.349,235.181,46.23,44.24,43.65,44.28,44.76,44.69,724.8,46.8,2.09,5,6,1525,4,2.11,28.5,88.0,25.6
080C26D793318417C1,AGM80_C1,2,2026-04-13,243.894,241.149,244.556,243.353,245.826,239.611,45.68,45.84,45.02,43.2,44.9,44.84,693.0,56.1,2.06,7,7,1421,4,2.1,27.7,95.2,19.8
080C26D528254923C1,AGM80_C1,4,2026-04-08,238.835,234.597,234.863,235.411,239.223,238.861,46.01,43.71,46.04,45.35,45.1,43.49,701.3,42.4,2.12,4,7,1841,4,2.12,22.0,100.0,25.6
080C26D813244843C1,AGM80_C1,2,2026-04-03,236.139,237.243,238.236,236.538,235.762,236.74,44.66,43.64,44.48,45.2,46.06,45.15,703.1,58.8,2.09,7,7,1126,4,2.07,25.4,93.2,30.7
080C26D083508634C1,AGM80_C1,3,2026-04-05,253.323,244.063,245.169,245.937,246.016,250.496,43.73,44.5,44.55,44.39,43.58,44.2,705.4,65.4,2.08,4,8,1620,2,2.14,26.1,90.3,27.8
080C26D518724642C1,AGM80_C1,5,2026-04-27,234.471,233.291,231.113,235.71,232.07,232.009,46.46,42.76,43.7,44.09,45.18,44.62,734.6,53.2,2.02,6,15,1653,3,2.15,25.9,94.7,23.6
080C26E607488457C1,AGM80_C1,2,2026-05-14,244.469,245.793,240.385,240.937,238.561,244.357,45.94,43.32,43.52,46.09,46.14,45.5,726.2,52.2,2.01,5,8,1598,3,2.08,23.4,94.5,20.4
080C26E548885831C1,AGM80_C1,4,2026-05-22,231.443,238.119,240.6,240.633,240.491,243.534,43.95,46.99,45.06,45.55,45.81,44.2,742.8,75.3,2.06,5,11,2125,2,2.11,24.2,86.0,26.6
080C26E645834554C1,AGM80_C1,3,2026-05-25,236.427,236.893,237.98,237.51,240.794,233.816,46.7,44.12,45.37,45.6,45.8,43.76,743.5,56.3,2.0,3,13,1976,3,2.11,18.0,100.0,21.5
080C26E606435513C1,AGM80_C1,4,2026-05-17,242.2,240.452,239.336,239.812,239.917,238.329,44.93,45.18,44.22,43.64,45.43,44.61,720.4,34.2,2.08,3,12,2042,1,2.06,23.7,88.3,20.9
080C26E546901382C1,AGM80_C1,2,2026-05-09,231.432,234.123,229.47,229.423,226.443,221.868,43.62,46.61,44.82,43.95,44.29,45.34,699.6,55.2,2.06,8,14,1381,4,2.09,27.8,91.6,22.9
080C26E628799991C1,AGM80_C1,3,2026-05-08,235.979,230.391,237.906,227.575,234.96,239.77,43.69,46.84,44.74,46.22,44.64,44.95,731.5,35.7,2.04,4,12,1522,5,2.1,22.1,96.1,24.8
080C26E989120631C1,AGM80_C1,3,2026-05-15,233.276,233.059,238.628,232.99,237.571,231.436,45.35,44.59,45.84,45.31,44.84,46.08,715.4,61.5,2.04,7,9,1773,3,2.12,24.2,85.9,30.3
080C26E348165818C1,AGM80_C1,2,2026-05-04,244.703,242.785,240.058,245.799,247.115,241.36,46.15,46.5,47.35,45.31,45.04,44.14,756.2,70.9,2.08,3,11,1696,3,2.15,29.3,97.6,19.3
080C26E950545750C1,AGM80_C1,4,2026-05-07,229.277,234.529,229.04,230.643,230.646,229.387,44.99,47.11,44.93,44.81,44.17,47.77,711.8,54.3,2.07,4,9,1962,4,2.09,25.4,89.7,26.1
080C26E435028337C1,AGM80_C1,5,2026-05-04,241.423,242.236,250.008,248.218,236.845,250.17,45.2,43.18,44.69,46.24,45.67,46.17,699.1,58.7,2.03,3,11,1588,3,2.1,28.9,82.3,22.0
080C26E892731876C1,AGM80_C1,2,2026-05-19,239.514,241.246,241.765,236.63,238.968,246.364,45.76,44.79,45.7,44.08,45.25,45.13,698.6,63.2,2.06,7,8,1554,3,2.14,23.6,97.3,21.9
080C26E032313877C1,AGM80_C1,3,2026-05-01,246.422,250.744,245.701,248.117,244.435,251.204,46.28,43.82,44.97,44.83,46.81,43.38,738.9,60.6,2.0,5,14,1471,2,2.14,25.4,86.9,22.9
080C26E555461498C1,AGM80_C1,3,2026-05-05,244.06,244.219,234.989,247.822,242.947,243.406,45.61,45.13,45.35,46.36,45.05,45.8,709.4,61.3,2.07,7,2,2241,3,2.11,26.7,90.1,21.8
080C26F664675158C1,AGM80_C1,4,2026-06-07,245.473,238.07,244.068,242.021,243.512,245.058,44.59,45.01,45.02,45.32,44.34,44.94,735.2,62.3,2.06,2,12,1913,4,2.05,18.5,81.3,28.6
080C26F634552309C1,AGM80_C1,4,2026-06-24,238.371,230.809,231.545,234.604,228.21,236.424,46.96,43.66,43.85,43.97,44.65,44.47,719.7,48.8,2.02,7,12,1556,4,2.08,27.9,94.5,28.0
080C26F668073314C1,AGM80_C1,2,2026-06-10,235.361,237.622,240.184,234.568,243.108,246.885,42.25,45.23,44.41,43.61,45.08,47.14,735.3,77.4,2.01,10,19,1995,5,2.14,21.5,83.5,23.3
080C26F486403630C1,AGM80_C1,3,2026-06-20,238.577,245.525,241.972,244.851,244.183,247.861,44.94,45.54,43.8,43.98,45.51,46.03,748.9,64.4,2.07,5,7,2368,2,2.09,25.5,86.5,29.0
080C26F999689514C1,AGM80_C1,3,2026-06-03,227.875,228.913,227.883,223.134,227.095,227.159,45.56,44.37,45.46,43.4,43.88,44.59,698.0,51.5,2.05,7,13,1954,4,2.1,23.8,86.0,22.8
080C26F929778087C1,AGM80_C1,3,2026-06-04,245.632,240.907,246.228,245.863,247.037,242.881,44.98,45.24,43.62,42.33,44.55,45.58,742.8,64.0,2.06,4,13,2409,1,2.09,26.1,84.6,20.3
080C26F682396961C1,AGM80_C1,3,2026-06-24,240.64,237.601,241.04,242.051,238.916,237.029,46.46,43.54,44.43,46.29,45.26,44.96,719.2,40.4,2.01,5,5,1561,4,2.05,30.9,95.3,20.8
080C26F589563152C1,AGM80_C1,3,2026-06-08,237.368,244.002,240.022,240.994,242.489,239.478,43.71,45.66,45.09,44.69,43.58,45.37,737.5,56.3,2.06,3,7,1678,2,2.1,20.3,91.9,24.2
080C26F377081687C1,AGM80_C1,2,2026-06-23,246.38,250.707,244.92,240.423,248.458,244.294,43.22,44.91,44.66,44.41,44.06,44.8,691.8,42.3,2.08,3,8,1687,4,2.14,23.8,92.6,18.7
080C26F327297502C1,AGM80_C1,2,2026-06-06,246.756,237.497,238.415,241.271,240.028,241.431,46.01,46.04,46.13,44.93,46.1,43.51,701.8,57.8,2.04,3,6,2285,3,2.12,28.4,91.9,21.5
080C26F542550492C1,AGM80_C1,4,2026-06-20,241.645,247.705,238.333,234.585,240.124,242.888,44.12,44.77,44.64,45.95,45.79,45.5,736.2,64.0,2.11,1,4,2493,2,2.09,21.3,92.2,23.8
080C26F440543873C1,AGM80_C1,3,2026-06-04,246.072,242.289,244.829,240.632,239.374,245.014,44.03,45.61,44.08,44.12,46.71,45.76,715.7,48.5,2.05,7,18,2421,6,2.12,23.5,96.6,22.5
080C26F840148012C1,AGM80_C1,4,2026-06-21,233.149,234.577,234.178,236.098,233.344,235.611,44.32,43.93,45.15,44.6,46.51,43.83,716.1,49.0,2.04,10,3,1918,2,2.12,26.1,92.7,32.1
080C26G301807010C1,AGM80_C1,3,2026-07-20,231.938,230.443,236.841,237.701,239.755,241.326,45.64,45.14,45.31,44.45,44.25,43.97,713.2,59.9,2.03,5,5,1516,3,2.12,23.6,89.5,26.1
080C26G999799409C1,AGM80_C1,3,2026-07-07,244.649,249.542,247.783,249.75,247.834,241.493,44.21,45.19,44.58,46.39,44.97,44.96,732.4,51.2,2.05,8,11,1660,3,2.14,28.3,100.0,28.9
080C26G992912690C1,AGM80_C1,4,2026-07-03,234.525,238.169,243.378,238.625,238.708,240.59,44.96,45.82,43.93,46.09,46.11,46.31,734.4,59.7,2.06,9,15,1875,2,2.12,28.0,92.1,25.9
080C26G373648196C1,AGM80_C1,2,2026-07-27,234.496,234.822,235.617,237.879,239.621,239.184,44.94,45.05,45.75,44.14,46.45,43.74,746.0,55.3,2.04,3,7,1494,2,2.09,28.3,83.6,28.0
080C26G085678432C1,AGM80_C1,5,2026-07-09,239.091,242.028,239.455,238.195,241.171,234.931,43.32,43.97,44.31,46.42,44.69,44.66,704.8,53.3,2.06,2,7,2349,3,2.05,27.5,90.4,25.5
080C26G434818666C1,AGM80_C1,4,2026-07-25,229.052,232.772,229.839,226.37,231.363,227.563,45.92,44.24,45.93,43.51,43.46,44.31,739.8,63.1,2.09,5,9,1984,1,2.09,22.5,90.5,23.6
080C26G645303387C1,AGM80_C1,2,2026-07-11,241.785,245.254,238.306,235.453,244.468,242.461,47.13,45.28,44.6,44.55,44.27,44.29,714.7,58.3,2.03,6,13,1307,2,2.14,27.4,85.3,25.0
080C26G140823946C1,AGM80_C1,3,2026-07-13,243.299,247.645,239.718,241.505,244.482,246.874,47.35,43.96,46.53,46.93,45.69,46.68,709.8,75.4,2.03,1,5,2120,4,2.11,27.3,87.9,26.4
080C26G630063757C1,AGM80_C1,3,2026-07-05,238.149,237.303,233.26,238.338,232.484,236.605,44.32,43.89,45.62,45.07,46.34,45.45,699.1,46.9,2.06,3,7,2232,2,2.16,24.2,88.1,26.4
080C26G678913120C1,AGM80_C1,2,2026-07-04,238.592,236.609,232.864,240.961,237.033,240.06,45.12,44.34,46.13,44.13,46.6,46.61,732.8,40.0,2.05,6,14,1975,2,2.11,28.3,87.3,29.1
080C26G878373068C1,AGM80_C1,4,2026-07-26,236.577,234.775,229.807,235.165,239.809,232.894,45.05,44.89,45.95,45.33,46.23,43.62,704.3,70.2,2.04,8,6,1516,3,2.16,24.1,86.7,24.1
080C26G901825661C1,AGM80_C1,2,2026-07-10,240.359,246.035,240.547,239.447,235.683,239.833,44.72,45.47,46.38,43.7,44.97,44.46,722.4,75.8,2.03,6,9,1831,4,2.05,25.9,86.3,26.7
080C26G211801899C1,AGM80_C1,3,2026-07-09,240.988,241.878,237.386,240.635,233.123,235.649,43.57,45.87,44.99,44.68,44.86,43.39,712.6,54.2,2.05,6,11,1498,3,2.13,21.6,94.9,26.6
080C26H698293966C1,AGM80_C1,3,2026-08-21,228.357,222.67,234.393,232.482,230.165,233.907,44.43,46.05,45.58,45.01,46.31,48.31,737.1,58.6,2.05,5,16,1903,3,2.05,29.2,96.0,21.2
080C26H511132386C1,AGM80_C1,3,2026-08-03,239.44,241.411,240.516,235.399,237.047,238.091,45.39,43.02,44.81,44.99,44.53,45.42,724.8,68.4,2.02,4,2,1934,4,2.11,21.4,90.8,24.7
080C26H321884798C1,AGM80_C1,3,2026-08-27,241.139,242.891,237.615,238.501,242.743,239.441,43.41,45.37,45.04,44.71,46.67,44.53,715.8,65.5,1.99,4,11,1546,5,2.07,24.4,90.7,28.8
080C26H692321012C1,AGM80_C1,3,2026-08-04,243.099,238.985,243.794,242.369,238.687,239.775,43.79,45.44,44.33,46.25,43.5,45.05,701.7,57.6,2.01,4,15,1857,1,2.16,25.9,92.6,27.8
080C26H360698633C1,AGM80_C1,4,2026-08-14,242.788,244.523,240.513,243.798,243.18,240.803,43.36,44.54,47.18,44.41,44.5,45.94,712.0,55.0,2.03,6,7,2345,3,2.1,30.3,86.8,26.4
080C26H261289964C1,AGM80_C1,3,2026-08-01,246.216,248.687,246.95,248.214,247.263,248.87,44.58,44.17,45.74,45.24,46.87,45.33,711.1,49.2,2.06,4,13,1638,3,2.1,25.3,85.6,29.6
080C26H195390967C1,AGM80_C1,4,2026-08-13,245.219,240.746,244.046,238.607,247.561,248.617,45.56,43.87,45.31,44.91,45.41,42.79,755.1,46.5,2.02,4,11,2239,3,2.1,26.5,94.1,23.8
080C26H418642015C1,AGM80_C1,3,2026-08-18,242.025,240.24,228.197,243.122,237.08,242.111,44.98,45.45,45.45,45.51,44.43,44.97,719.3,48.2,2.06,1,11,2201,3,2.09,30.7,96.6,28.1
080C26H267690113C1,AGM80_C1,2,2026-08-19,235.347,228.544,231.61,244.258,236.285,238.518,44.75,44.68,46.27,45.42,44.74,44.01,712.4,51.4,2.08,6,5,1972,2,2.08,25.5,92.1,20.3
080C26H770341660C1,AGM80_C1,3,2026-08-19,230.81,241.303,231.555,251.324,244.977,244.687,44.87,44.64,45.56,44.58,45.87,44.41,743.5,76.2,2.08,5,7,1625,2,2.08,22.3,91.1,24.0
080C26H379405987C1,AGM80_C1,4,2026-08-27,251.435,255.92,248.0,253.673,256.094,250.159,44.26,43.63,44.44,46.61,46.12,44.3,718.9,75.3,2.07,6,11,1118,1,2.13,29.1,83.3,23.5
080C26H168817982C1,AGM80_C1,2,2026-08-24,232.521,231.146,234.408,235.768,231.046,234.145,45.09,43.93,45.52,44.65,43.67,44.28,751.9,62.5,2.06,5,9,1647,3,2.07,28.6,83.9,30.7
080C26H381694765C1,AGM80_C1,4,2026-08-21,242.947,240.922,240.85,239.839,240.621,236.459,45.03,43.7,43.8,46.49,45.62,45.33,716.0,46.6,2.03,5,6,1740,3,2.13,21.5,94.1,25.9
080C26I198305234C1,AGM80_C1,3,2026-09-20,243.271,235.599,245.348,240.135,238.771,245.104,45.14,45.02,45.73,46.82,45.24,44.67,692.7,51.7,2.06,7,16,1198,5,2.06,24.3,98.0,28.2
080C26I902233689C1,AGM80_C1,2,2026-09-24,248.655,240.956,245.415,242.688,244.887,250.293,46.13,43.5,46.04,45.6,46.88,44.83,724.5,62.9,2.02,5,12,2133,3,2.07,26.5,92.2,28.9
080C26I139374256C1,AGM80_C1,2,2026-09-18,240.196,238.197,242.871,241.148,243.942,240.268,46.47,45.3,45.26,44.48,43.39,44.61,742.4,70.8,2.03,5,7,2322,3,2.06,24.3,83.3,20.9
080C26I834809893C1,AGM80_C1,2,2026-09-17,243.387,240.698,242.02,244.517,241.272,238.172,45.0,45.94,43.68,43.78,44.96,45.45,725.8,54.7,2.02,7,9,1681,2,2.14,23.2,90.2,27.3
080C26I163884000C1,AGM80_C1,4,2026-09-05,236.603,238.642,240.146,242.492,239.133,239.502,46.5,46.01,45.28,43.69,44.92,44.54,724.8,45.9,2.09,4,4,1543,3,2.15,21.3,95.1,28.2
080C26I225840090C1,AGM80_C1,2,2026-09-16,240.498,242.07,236.674,236.523,234.737,238.931,43.46,43.06,44.11,44.19,44.88,44.95,736.0,74.7,2.08,7,15,1980,1,2.07,26.2,80.0,25.6
080C26I078655873C1,AGM80_C1,3,2026-09-24,242.602,241.204,239.026,241.86,245.355,239.13,45.64,45.1,44.25,46.75,44.37,46.02,722.8,54.6,2.06,5,7,1814,3,2.07,22.3,87.1,19.1
080C26I637131800C1,AGM80_C1,2,2026-09-13,239.346,238.896,242.299,236.904,246.927,238.565,45.04,45.93,44.24,45.9,45.41,44.89,724.6,61.5,2.03,5,1,1726,4,2.13,28.5,94.9,29.6
080C26I195481734C1,AGM80_C1,3,2026-09-22,231.101,230.466,232.204,228.508,231.375,231.523,46.27,45.39,43.7,43.78,41.86,43.97,705.0,33.1,2.02,4,13,1441,3,2.09,25.3,92.4,26.7
080C26I827665883C1,AGM80_C1,3,2026-09-20,230.757,229.679,223.413,231.096,231.969,222.913,44.78,44.88,43.77,44.92,44.9,44.85,706.7,53.4,2.04,5,13,1414,3,2.11,20.5,97.7,26.2
080C26I834683767C1,AGM80_C1,3,2026-09-22,240.871,249.173,240.627,246.587,244.075,246.955,44.46,45.11,45.51,45.6,45.3,44.97,735.3,67.6,2.04,6,4,1266,3,2.11,25.4,89.5,26.4
080C26I679368060C1,AGM80_C1,2,2026-09-08,245.589,242.037,241.887,246.179,248.019,242.921,44.04,43.74,46.01,45.62,45.89,45.06,716.1,67.8,2.07,4,2,1713,4,2.11,21.3,88.1,25.8
080C26I629282977C1,AGM80_C1,3,2026-09-02,244.121,244.322,236.036,238.224,242.348,240.144,45.7,44.85,45.95,44.74,44.83,45.29,719.1,51.5,2.07,5,3,1659,4,2.1,28.1,86.0,26.3
080C26J342912755C1,AGM80_C1,4,2026-10-09,250.262,247.048,248.826,253.321,252.296,250.823,44.25,47.18,44.63,45.76,45.79,44.89,711.1,62.9,2.05,6,11,2511,3,2.11,27.2,90.4,26.9
080C26J797386861C1,AGM80_C1,1,2026-10-22,245.273,238.344,236.54,237.552,239.113,242.653,45.61,44.22,46.17,43.67,44.48,46.47,747.7,49.2,2.07,5,1,1524,2,2.08,19.6,94.4,26.1
080C26J781755215C1,AGM80_C1,3,2026-10-14,245.884,241.002,248.395,236.853,248.098,242.412,44.29,46.78,44.6,45.44,45.55,47.78,721.3,70.1,2.03,4,12,1538,1,2.08,25.6,88.4,26.2
080C26J392463672C1,AGM80_C1,4,2026-10-09,236.057,239.931,240.355,241.755,241.412,235.092,44.18,44.67,46.24,45.35,46.45,45.09,739.7,74.4,2.01,6,11,2238,2,2.09,25.2,91.8,27.9
080C26J028579986C1,AGM80_C1,2,2026-10-25,237.479,239.848,238.6,241.737,237.134,240.694,45.3,44.75,43.38,46.49,44.8,45.22,732.0,40.8,2.04,4,9,2021,3,2.13,20.0,99.1,26.0
080C26J422774142C1,AGM80_C1,3,2026-10-25,236.404,230.059,234.06,233.227,232.02,233.422,44.61,44.94,44.66,43.98,43.99,43.88,681.7,48.8,2.02,7,5,1789,1,2.14,22.5,88.5,23.0
080C26J086411975C1,AGM80_C1,3,2026-10-24,240.635,244.759,244.14,246.778,252.015,244.428,43.09,46.16,42.62,47.1,44.67,45.46,722.4,64.0,1.97,4,5,2144,2,2.1,16.1,93.2,28.1
080C26J364269446C1,AGM80_C1,3,2026-10-12,243.241,241.149,240.628,240.322,240.351,238.502,45.91,45.46,44.35,45.81,44.96,45.07,711.1,53.7,2.04,2,12,2130,1,2.1,24.3,84.6,21.6
080C26J792731815C1,AGM80_C1,3,2026-10-10,240.661,247.233,239.514,244.612,235.557,246.216,46.74,44.62,44.08,45.65,44.57,42.92,728.0,76.8,2.1,2,11,1640,3,2.13,28.7,80.8,25.6
080C26J063862038C1,AGM80_C1,2,2026-10-23,244.679,239.574,236.08,240.577,234.081,239.656,45.73,45.76,44.43,44.5,45.28,45.96,711.5,54.8,2.01,6,8,1927,3,2.07,26.2,88.0,32.6
080C26J819688159C1,AGM80_C1,1,2026-10-07,241.918,249.654,237.505,244.189,249.855,244.779,44.65,46.6,46.08,43.61,44.58,45.33,715.2,67.9,2.05,5,14,1757,3,2.05,24.2,93.1,23.9
080C26J979595388C1,AGM80_C1,2,2026-10-04,234.05,239.745,240.063,233.795,241.811,231.024,45.53,45.31,45.16,43.55,45.35,45.76,735.4,77.0,2.03,5,8,1717,4,2.1,25.0,81.5,19.0
080C26J214337903C1,AGM80_C1,4,2026-10-20,237.854,243.297,235.249,241.387,238.057,242.163,43.7,46.28,44.36,44.94,44.8,46.58,711.7,61.8,2.09,1,13,1960,3,2.01,27.3,95.1,22.7
080C26K087696951C1,AGM80_C1,2,2026-11-12,242.514,242.465,239.715,241.684,234.544,236.836,45.27,44.82,44.53,44.43,43.38,45.03,712.3,55.4,2.04,6,12,1573,2,2.07,30.8,90.8,23.2
080C26K895458221C1,AGM80_C1,4,2026-11-20,242.7,236.693,242.267,235.596,239.568,238.353,46.24,45.19,44.59,44.37,44.27,45.56,680.4,52.8,2.01,5,7,1456,3,2.12,21.7,85.3,23.2
080C26K640892176C1,AGM80_C1,4,2026-11-06,236.229,234.793,235.694,230.281,231.12,235.776,43.85,44.11,45.24,42.79,45.15,45.82,691.1,66.9,2.07,8,10,1959,3,2.15,19.2,80.6,26.3
080C26K348703911C1,AGM80_C1,3,2026-11-27,240.832,244.199,237.238,238.436,245.147,233.888,45.47,43.87,45.33,45.73,44.24,44.06,728.3,62.1,2.04,5,17,1323,3,2.09,29.4,84.5,27.8
080C26K757206779C1,AGM80_C1,4,2026-11-07,246.451,242.7,242.736,243.205,247.25,244.088,44.88,44.04,44.63,46.37,45.08,46.75,730.8,50.4,2.04,7,1,1600,2,2.11,21.9,98.7,24.7
080C26K319712938C1,AGM80_C1,5,2026-11-27,244.453,247.868,245.517,245.146,246.22,243.395,45.53,43.53,44.85,45.61,44.11,43.51,732.5,73.8,2.04,2,5,2093,3,2.1,29.9,91.4,27.0
080C26K852577259C1,AGM80_C1,3,2026-11-20,237.977,236.156,233.111,233.932,226.652,230.418,45.63,45.85,44.9,44.22,44.41,45.92,695.0,61.9,2.07,8,6,1429,3,2.11,28.0,91.6,22.1
080C26K090184403C1,AGM80_C1,3,2026-11-13,234.906,235.362,235.388,236.684,233.822,237.242,43.98,44.13,43.36,44.67,44.12,44.51,754.9,37.8,2.06,8,12,2038,3,2.07,25.4,94.4,29.1
080C26K658561126C1,AGM80_C1,4,2026-11-17,246.372,246.494,243.391,241.784,247.66,242.516,43.32,45.42,44.32,43.65,44.05,43.61,727.0,40.8,2.01,5,9,2454,6,2.04,26.6,84.1,23.3
080C26K234094524C1,AGM80_C1,2,2026-11-07,237.548,232.336,233.24,234.752,234.752,233.329,44.26,45.18,43.95,45.49,45.28,44.3,717.3,58.0,2.03,6,10,2433,3,2.1,26.4,93.6,24.6
080C26K580118929C1,AGM80_C1,4,2026-11-24,237.843,243.872,245.432,240.873,239.413,241.444,45.86,44.28,44.3,43.87,44.61,46.04,718.3,58.1,2.06,2,8,1741,2,2.08,20.4,85.5,23.4
080C26K684121699C1,AGM80_C1,2,2026-11-06,232.221,232.137,235.209,235.027,232.088,231.898,44.62,43.9,43.15,44.54,44.64,43.99,715.4,45.3,2.0,1,14,1330,2,2.12,28.2,99.3,19.5
080C26K541740143C1,AGM80_C1,2,2026-11-12,243.235,230.321,240.931,238.411,239.447,230.85,45.46,47.05,45.12,45.21,45.0,46.7,710.1,76.2,1.99,2,11,1946,3,2.06,23.2,84.8,23.3
080C26L308894615C1,AGM80_C1,3,2026-12-16,245.324,236.849,239.016,235.835,240.392,241.507,43.85,44.75,43.97,44.05,45.1,42.78,692.2,64.7,1.97,2,10,1342,2,2.06,19.8,93.6,27.5
080C26L168586757C1,AGM80_C1,3,2026-12-04,234.631,233.971,231.656,235.074,242.802,232.327,44.77,45.59,44.18,45.57,43.85,45.43,731.3,60.8,2.07,5,11,1588,4,2.13,24.1,86.5,25.2
080C26L410799049C1,AGM80_C1,4,2026-12-25,244.66,243.544,239.683,242.045,243.765,243.587,45.5,44.62,43.91,47.43,45.9,45.19,707.7,41.4,2.04,3,11,1248,2,2.09,27.1,95.7,20.4
080C26L011574301C1,AGM80_C1,2,2026-12-13,235.59,239.981,234.704,235.792,233.938,235.576,45.22,45.73,45.49,44.0,44.6,47.2,718.0,53.9,2.1,6,20,2042,4,2.14,33.5,81.2,18.4
080C26L889125789C1,AGM80_C1,3,2026-12-03,236.699,233.11,236.626,238.91,233.493,237.605,41.84,46.89,46.73,46.49,45.19,45.11,712.0,46.0,2.09,3,9,1725,3,2.11,28.1,89.6,26.6
080C26L813036786C1,AGM80_C1,3,2026-12-22,237.527,239.733,242.498,239.013,243.985,242.773,45.97,44.42,44.4,44.5,43.47,45.32,714.1,53.6,2.07,4,11,1666,2,2.11,26.8,87.2,25.8
080C26L299838026C1,AGM80_C1,2,2026-12-17,238.225,233.501,234.824,233.735,239.052,236.826,44.62,45.37,44.07,43.43,46.6,47.08,693.5,57.2,2.0,6,10,1486,2,2.1,23.4,87.4,23.9
080C26L763678102C1,AGM80_C1,2,2026-12-01,245.146,243.394,247.104,246.745,247.953,245.259,45.04,43.46,45.04,44.84,45.35,43.42,719.6,60.7,2.03,6,15,1466,2,2.07,24.4,83.0,27.3
080C26L180246470C1,AGM80_C1,4,2026-12-13,233.305,238.897,235.752,233.025,235.266,235.266,44.68,44.95,45.84,45.26,46.41,45.75,731.6,39.0,2.01,10,11,1862,2,2.11,26.3,94.5,27.8
080C26L713550637C1,AGM80_C1,3,2026-12-05,236.678,236.348,238.225,237.127,238.353,236.193,46.77,45.49,43.7,44.79,44.65,44.93,715.7,39.4,2.09,8,6,2037,3,2.03,19.6,85.0,29.6
080C26L285023097C1,AGM80_C1,4,2026-12-13,235.551,226.742,237.0,231.574,235.917,231.917,44.99,44.19,44.67,44.45,47.4,45.62,738.1,63.2,2.02,6,9,1758,3,2.17,30.6,84.2,22.8
080C26L788876570C1,AGM80_C1,2,2026-12-15,240.86,238.12,241.508,236.525,241.711,237.168,45.1,43.98,46.62,45.66,44.04,45.46,724.4,57.8,2.07,10,5,1477,4,2.11,25.7,85.2,17.7
080C26L827941985C1,AGM80_C1,2,2026-12-17,249.385,249.028,243.252,244.461,250.747,245.888,44.21,44.43,43.81,45.05,47.34,43.51,681.3,62.1,2.04,6,12,1945,1,2.11,28.4,83.3,22.5
080C26A804262862D1,AGM80_D1,4,2026-01-04,237.925,239.848,237.167,237.577,238.855,235.784,45.83,45.93,45.16,45.76,44.24,44.44,725.6,48.1,1.99,4,6,2045,2,2.17,20.4,89.7,21.3
080C26A219975112D1,AGM80_D1,2,2026-01-04,258.119,253.668,255.351,255.123,254.346,255.328,45.02,44.78,43.8,44.94,44.77,45.56,737.2,56.0,2.07,6,12,1301,3,2.15,25.3,93.2,28.7
080C26A781452458D1,AGM80_D1,3,2026-01-14,243.712,242.269,239.08,241.464,237.237,239.176,45.76,44.89,44.33,45.89,46.97,43.56,729.4,43.2,2.06,7,12,1268,2,2.14,24.2,95.2,23.2
080C26A113692979D1,AGM80_D1,3,2026-01-21,246.803,239.017,237.827,241.56,243.254,244.76,44.67,45.22,43.85,42.33,47.09,42.35,743.9,59.7,2.03,4,5,2317,3,2.07,28.8,86.6,20.8
080C26A882804851D1,AGM80_D1,4,2026-01-05,235.066,235.208,237.662,238.178,232.519,240.319,44.55,43.67,43.83,44.41,45.18,44.73,726.6,49.4,2.06,8,13,1891,3,2.11,20.0,90.8,23.1
080C26A129203448D1,AGM80_D1,4,2026-01-12,234.357,234.45,247.353,239.62,238.537,239.964,45.21,44.47,45.25,44.66,45.54,47.27,694.3,64.3,2.09,2,13,2061,4,2.09,28.7,88.2,19.8
080C26A410869304D1,AGM80_D1,4,2026-01-26,243.419,239.655,244.108,243.475,238.773,242.837,43.99,45.62,44.48,45.99,44.42,43.83,702.1,56.2,2.05,5,17,2632,3,2.18,20.1,90.6,23.4
080C26A890938175D1,AGM80_D1,2,2026-01-12,244.8,246.792,246.531,244.569,245.269,245.791,45.06,45.38,44.49,46.48,44.65,45.39,732.0,50.3,2.04,4,15,2065,3,2.14,28.0,87.0,27.2
080C26A631633153D1,AGM80_D1,3,2026-01-12,252.337,248.203,250.788,246.515,244.023,236.649,44.92,46.32,42.64,44.21,44.72,45.35,701.3,76.7,2.07,5,9,1924,3,2.1,28.0,90.1,27.2
080C26A795152654D1,AGM80_D1,2,2026-01-27,231.975,236.043,237.607,244.315,237.795,243.189,46.49,44.76,45.99,43.78,45.21,43.9,716.4,65.6,2.02,6,12,1709,3,2.18,31.0,88.8,25.0
080C26A519304446D1,AGM80_D1,2,2026-01-18,233.143,235.447,237.618,239.098,236.448,232.016,45.23,44.47,46.3,44.78,45.38,46.12,712.1,46.0,1.99,3,7,2281,3,2.17,27.6,94.5,22.3
080C26A998161936D1,AGM80_D1,3,2026-01-09,240.75,243.328,243.995,240.272,243.426,239.514,46.32,46.72,46.23,45.47,44.74,43.62,709.2,31.6,2.06,7,3,1578,5,2.12,19.2,93.4,24.3
080C26A379794115D1,AGM80_D1,5,2026-01-15,230.723,234.331,226.519,224.917,231.49,231.107,44.16,45.2,44.76,44.75,44.25,46.66,713.6,67.1,2.04,4,14,1949,2,2.06,27.0,89.1,30.5
080C26B550778818D1,AGM80_D1,3,2026-02-15,236.304,233.087,232.015,233.78,234.506,237.174,46.03,43.02,44.8,44.87,44.17,46.78,704.1,71.5,2.04,5,10,1426,2,2.08,22.9,80.0,26.6
080C26B743612743D1,AGM80_D1,4,2026-02-01,248.253,248.502,252.9,251.371,253.584,248.032,43.95,45.68,43.6,46.82,44.4,44.84,704.1,46.8,2.06,3,7,1462,5,2.1,27.9,91.4,28.3
080C26B533813916D1,AGM80_D1,3,2026-02-01,229.483,227.026,231.122,228.886,226.023,228.079,45.89,43.92,45.82,45.35,45.07,44.42,742.9,51.1,2.04,1,11,1662,3,2.11,22.9,91.6,27.1
080C26B897631272D1,AGM80_D1,3,2026-02-10,236.827,242.541,236.35,229.74,236.138,236.253,45.45,43.86,44.82,44.69,46.74,44.83,725.4,66.8,2.03,3,9,2116,3,2.08,28.6,86.2,25.2
080C26B308348997D1,AGM80_D1,4,2026-02-25,235.544,240.184,243.218,241.05,239.912,239.741,44.91,44.59,44.43,44.15,44.05,45.44,718.8,48.2,2.03,4,12,1663,3,2.12,26.9,97.6,23.8
080C26B833346541D1,AGM80_D1,4,2026-02-14,238.457,237.465,241.232,240.241,238.786,238.136,44.27,42.72,44.66,43.66,47.3,44.18,731.8,48.3,2.06,6,18,1824,2,2.19,34.9,93.6,25.3
080C26B247984008D1,AGM80_D1,5,2026-02-04,244.629,242.097,245.051,244.064,240.964,243.756,43.07,45.13,45.86,45.75,47.51,44.76,716.7,46.3,2.02,4,8,2123,3,2.06,29.6,91.7,30.7
080C26B357863938D1,AGM80_D1,1,2026-02-27,241.201,242.818,241.728,244.957,241.696,247.28,44.74,44.42,44.2,46.9,44.73,46.1,712.1,55.3,2.08,7,5,1825,4,2.13,21.6,90.7,22.6
080C26B922906456D1,AGM80_D1,3,2026-02-17,243.895,249.737,242.465,246.168,250.202,248.755,45.33,44.05,44.15,46.5,45.21,45.47,740.5,49.5,2.0,6,16,2020,5,2.1,24.1,94.7,28.0
080C26B289648802D1,AGM80_D1,3,2026-02-09,235.103,234.443,230.314,230.032,232.92,230.781,46.37,44.34,43.45,45.04,43.68,45.16,714.2,57.3,2.08,5,4,1137,2,2.09,27.4,88.4,29.7
080C26B065723446D1,AGM80_D1,1,2026-02-06,246.007,241.948,238.943,241.919,249.283,249.705,46.52,43.94,44.85,46.05,45.31,45.02,744.6,55.3,2.06,3,15,2040,3,2.08,27.1,92.5,17.8
080C26B187782140D1,AGM80_D1,3,2026-02-06,231.858,237.718,233.633,234.994,235.267,230.66,44.24,43.38,44.0,43.43,47.03,46.26,725.9,59.4,2.08,4,14,1726,4,2.12,24.2,82.8,18.2
080C26B490693675D1,AGM80_D1,2,2026-02-12,243.302,242.102,243.227,239.54,244.224,242.696,45.72,45.49,44.0,44.49,46.19,44.46,730.3,61.5,2.14,5,12,1463,3,2.11,16.7,84.0,29.0
080C26C222734175D1,AGM80_D1,2,2026-03-05,244.715,240.119,247.553,243.091,244.879,244.53,46.86,45.13,43.89,45.37,44.31,46.82,720.9,66.7,2.04,4,11,1334,3,2.11,25.0,82.1,23.4
080C26C562859436D1,AGM80_D1,5,2026-03-06,232.374,236.251,230.421,239.006,227.952,234.012,45.96,45.81,45.62,45.07,46.63,44.51,705.1,64.6,2.01,6,12,1878,2,2.13,22.8,92.5,31.1
080C26C747750066D1,AGM80_D1,4,2026-03-08,241.828,237.593,241.177,237.002,242.092,243.247,43.7,44.47,44.52,44.66,46.84,43.38,710.5,61.5,2.07,7,9,1312,3,2.16,25.9,90.2,20.2
080C26C216984828D1,AGM80_D1,1,2026-03-20,249.575,247.144,254.733,251.103,256.77,248.643,45.12,45.92,45.75,44.68,46.09,44.72,722.1,47.5,2.06,3,3,1986,4,2.1,20.8,86.8,27.4
080C26C417438032D1,AGM80_D1,2,2026-03-21,243.893,241.937,240.616,240.519,242.703,245.885,45.65,43.97,45.73,43.7,45.91,44.47,705.4,56.9,2.05,5,9,1912,4,2.09,22.6,100.0,26.7
080C26C954205218D1,AGM80_D1,3,2026-03-09,241.918,247.222,244.074,239.578,237.405,241.212,46.16,46.27,44.56,45.28,45.68,44.34,720.8,69.7,2.09,6,4,1575,3,2.09,25.0,83.9,18.6
080C26C452463257D1,AGM80_D1,1,2026-03-15,238.063,237.088,238.595,235.155,240.048,236.984,45.18,45.24,44.43,45.87,44.84,45.14,724.0,47.3,2.05,7,5,1243,3,2.09,24.5,90.2,27.2
080C26C721790186D1,AGM80_D1,3,2026-03-22,238.528,235.812,246.275,234.967,241.3,244.316,43.43,42.79,44.15,44.77,44.88,44.16,739.3,68.1,2.08,4,3,1746,2,2.17,23.6,86.1,23.9
080C26C159107819D1,AGM80_D1,3,2026-03-03,238.881,242.094,239.366,241.535,236.413,240.29,46.53,45.01,45.63,43.92,46.64,44.07,726.2,42.3,2.04,5,6,1537,3,2.1,27.8,99.1,23.9
080C26C377995952D1,AGM80_D1,3,2026-03-01,248.751,247.742,247.704,247.67,248.281,248.564,42.83,47.05,44.11,46.07,46.17,46.51,704.9,36.6,2.04,7,10,1357,4,2.11,28.3,86.1,24.2
080C26C647230161D1,AGM80_D1,3,2026-03-11,238.063,239.172,240.068,234.707,232.114,236.555,44.77,45.24,44.68,45.43,44.9,43.88,729.8,44.0,2.0,7,5,1835,2,2.07,31.2,88.8,32.4
080C26C960632287D1,AGM80_D1,3,2026-03-08,239.733,243.493,238.795,236.317,240.54,235.929,44.57,45.29,44.76,44.94,45.04,45.62,729.3,68.6,2.04,7,14,1527,5,2.07,22.9,86.1,24.0
080C26C523559722D1,AGM80_D1,5,2026-03-26,244.467,240.473,248.91,243.522,243.652,244.657,44.44,46.14,43.67,45.8,44.95,46.13,733.1,61.6,2.02,7,11,1487,3,2.12,22.1,84.6,22.4
080C26D119814140D1,AGM80_D1,3,2026-04-03,242.409,248.456,242.388,240.268,241.303,242.252,48.51,43.99,45.13,45.23,45.58,45.86,720.9,67.6,2.07,2,7,2019,1,2.08,21.1,85.8,20.4
080C26D032316514D1,AGM80_D1,4,2026-04-19,229.74,231.762,230.324,233.849,231.466,236.441,44.79,44.87,46.72,45.87,45.86,45.86,727.0,55.9,2.02,7,10,1556,3,2.08,20.9,91.5,21.9
080C26D851876344D1,AGM80_D1,4,2026-04-20,237.409,236.71,235.12,236.577,236.048,236.58,44.84,47.74,44.45,44.15,44.29,44.88,733.4,34.0,2.04,4,20,1917,4,2.14,26.4,96.1,27.8
080C26D922511616D1,AGM80_D1,2,2026-04-22,237.478,247.835,235.098,246.779,244.808,249.022,43.59,45.72,46.88,45.52,44.73,45.02,717.2,63.9,2.07,5,5,1872,2,2.08,22.7,91.8,16.1
080C26D874905480D1,AGM80_D1,2,2026-04-15,230.894,234.882,229.899,230.127,234.862,231.354,47.32,44.97,44.93,45.67,45.03,45.73,736.5,56.3,2.05,4,10,1941,3,2.05,27.5,86.3,23.0
080C26D542478326D1,AGM80_D1,4,2026-04-17,235.727,235.294,235.324,236.529,231.426,235.189,44.76,42.98,42.81,43.92,45.35,45.01,723.6,39.3,2.08,5,7,2290,5,2.06,26.8,94.4,27.0
080C26D777290056D1,AGM80_D1,1,2026-04-22,243.263,242.81,244.164,252.967,239.152,235.844,45.42,46.27,45.96,45.39,44.8,45.41,734.3,84.4,2.03,5,17,1863,3,2.06,21.3,83.1,28.0
080C26D938419974D1,AGM80_D1,2,2026-04-22,240.946,243.031,237.348,240.129,243.064,241.61,46.22,45.58,44.37,45.27,45.2,45.77,723.8,42.1,2.02,5,15,1325,3,2.09,24.3,95.5,27.8
080C26D228113668D1,AGM80_D1,2,2026-04-19,247.545,250.191,250.201,250.524,252.096,252.074,45.63,45.47,45.48,45.03,45.09,44.07,727.6,50.9,2.04,9,9,1996,4,2.12,29.1,91.4,26.8
080C26D238677423D1,AGM80_D1,4,2026-04-01,245.115,244.627,242.975,245.443,243.328,243.578,44.12,46.46,44.47,43.18,46.1,42.25,739.5,45.5,1.99,6,9,1733,4,2.08,30.7,92.9,29.0
080C26D079335641D1,AGM80_D1,5,2026-04-14,244.551,246.76,245.519,246.122,246.87,245.517,45.64,44.45,44.68,44.33,45.45,45.79,760.3,69.8,2.08,2,15,2199,3,2.08,26.5,89.8,27.4
080C26D452195334D1,AGM80_D1,2,2026-04-17,246.053,241.744,245.36,241.979,248.092,246.107,43.13,43.69,44.51,44.5,44.05,44.27,736.4,52.6,2.05,5,11,1695,3,2.1,30.1,88.5,20.2
080C26D818773914D1,AGM80_D1,2,2026-04-22,241.491,241.714,241.403,241.833,241.383,240.587,45.78,43.91,45.71,44.26,43.98,46.76,715.9,48.8,2.02,8,8,1589,5,2.09,26.8,90.2,26.9
080C26E908006402D1,AGM80_D1,2,2026-05-23,238.083,235.722,237.064,237.715,232.665,233.93,44.62,45.21,45.84,44.83,43.5,43.55,700.9,52.1,2.06,6,14,1915,3,2.12,27.3,89.5,23.6
080C26E706939305D1,AGM80_D1,3,2026-05-20,240.016,241.52,237.628,244.224,241.119,236.086,45.01,44.33,43.72,45.65,45.47,44.07,709.6,53.3,2.04,3,4,2028,4,2.1,22.0,87.2,19.1
080C26E257309202D1,AGM80_D1,2,2026-05-16,231.255,228.186,233.119,233.286,235.862,234.614,45.73,44.99,45.13,44.93,45.17,44.41,711.9,61.0,2.09,5,12,1455,4,2.09,26.2,96.0,20.2
080C26E869861911D1,AGM80_D1,3,2026-05-23,234.972,232.858,225.698,236.464,231.556,233.57,44.91,45.29,44.67,46.2,45.59,45.58,715.1,68.5,2.14,4,11,2164,2,2.08,27.5,88.1,28.3
080C26E435594287D1,AGM80_D1,4,2026-05-18,248.752,246.61,242.73,247.141,245.781,254.558,43.55,43.33,45.01,45.11,46.35,44.06,736.3,60.5,2.04,3,14,1028,2,2.1,28.3,95.6,25.4
080C26E378848084D1,AGM80_D1,2,2026-05-02,241.495,240.102,242.268,234.796,227.487,237.914,46.49,46.03,45.41,43.57,45.19,46.01,698.4,51.0,2.05,3,7,1787,3,2.14,28.7,90.5,21.4
080C26E236914158D1,AGM80_D1,4,2026-05-24,233.205,233.937,237.466,236.949,237.17,234.697,46.75,45.66,43.7,46.98,45.99,46.01,712.5,49.8,2.05,5,7,1352,3,2.1,29.7,92.6,22.8
080C26E047664795D1,AGM80_D1,1,2026-05-11,235.627,232.933,236.325,235.983,234.241,235.547,44.19,43.48,45.8,45.68,46.02,42.53,713.7,67.7,2.06,5,2,2295,4,2.12,23.1,85.1,24.0
080C26E827048500D1,AGM80_D1,3,2026-05-05,240.751,241.199,233.266,238.809,238.732,246.832,44.16,44.45,44.49,45.31,45.01,46.56,696.4,57.8,2.02,5,8,1823,4,2.11,26.0,90.2,28.7
080C26E423459630D1,AGM80_D1,3,2026-05-17,245.819,230.267,230.518,237.989,238.989,235.525,46.13,45.82,46.68,45.63,43.57,46.89,724.6,65.0,2.05,7,10,1746,3,2.12,29.3,86.2,25.4
080C26E065368147D1,AGM80_D1,2,2026-05-18,238.579,236.629,241.706,238.602,234.542,239.555,43.75,43.68,45.75,44.56,45.5,45.52,716.5,68.8,2.05,2,7,2127,2,2.13,21.9,85.1,22.1
080C26E445851825D1,AGM80_D1,2,2026-05-23,244.736,244.432,240.708,241.223,247.046,240.598,43.63,43.94,45.47,45.21,45.93,44.88,753.3,43.9,2.01,4,12,1753,2,2.07,26.4,93.8,28.6
080C26E956460618D1,AGM80_D1,3,2026-05-05,256.928,249.921,259.659,259.819,259.009,253.285,43.68,45.56,45.16,46.19,43.48,44.34,700.9,66.9,2.0,9,13,1888,4,2.09,30.1,86.1,23.5
080C26F163353304D1,AGM80_D1,2,2026-06-06,252.836,252.988,252.493,251.821,245.616,251.614,44.83,45.25,44.89,45.68,45.74,42.85,725.7,48.8,2.08,6,15,2280,4,2.15,26.5,95.3,24.7
080C26F287734833D1,AGM80_D1,4,2026-06-23,231.926,239.053,236.766,237.842,238.198,240.42,44.24,44.39,44.15,42.88,47.11,46.63,713.0,60.6,2.04,4,8,2019,3,2.11,25.8,85.1,27.1
080C26F150905468D1,AGM80_D1,2,2026-06-10,238.907,245.16,241.533,241.596,243.294,250.823,44.33,45.14,43.86,45.59,44.69,43.4,739.8,61.3,2.03,5,14,2069,3,2.1,21.2,96.1,22.8
080C26F992118579D1,AGM80_D1,3,2026-06-25,236.145,248.159,227.934,249.475,243.045,235.391,45.1,47.04,45.17,44.23,45.67,45.7,708.9,61.4,2.06,6,12,1954,2,2.11,26.9,90.3,30.4
080C26F577358648D1,AGM80_D1,2,2026-06-05,243.656,241.714,239.387,241.418,245.1,242.667,43.15,46.16,45.1,43.87,44.96,45.22,699.5,55.7,2.05,8,14,2218,3,2.15,26.2,85.3,24.4
080C26F971379176D1,AGM80_D1,2,2026-06-11,237.591,236.251,243.684,238.669,240.421,240.722,46.55,45.03,46.01,45.85,45.93,44.73,712.2,65.1,2.11,7,5,1358,4,2.06,23.5,85.4,19.1
080C26F169896358D1,AGM80_D1,3,2026-06-05,235.715,233.566,230.733,232.732,236.109,240.605,44.31,45.81,44.53,45.38,44.88,46.32,719.0,70.1,2.05,3,11,1768,5,2.11,19.2,88.7,24.1
080C26F892325215D1,AGM80_D1,2,2026-06-11,247.481,246.399,245.244,245.906,243.436,244.61,44.53,44.07,45.34,44.64,43.92,44.84,709.7,44.0,2.05,3,12,1933,4,2.04,24.3,91.6,26.0
080C26F134954626D1,AGM80_D1,3,2026-06-24,237.377,245.723,241.939,245.201,238.338,246.138,45.65,44.94,45.79,46.19,44.6,45.33,736.4,69.4,2.09,4,4,1893,4,2.1,28.2,82.2,24.3
080C26F340078544D1,AGM80_D1,1,2026-06-10,240.128,239.638,236.847,238.822,237.448,239.327,44.26,45.33,46.46,45.78,45.48,44.78,728.7,53.7,2.07,5,7,1225,2,2.07,26.8,90.7,25.6
080C26F644285786D1,AGM80_D1,4,2026-06-03,244.783,243.534,242.113,244.072,249.124,244.456,44.27,46.81,44.03,46.18,44.47,45.77,724.2,43.8,2.02,2,12,1740,5,2.14,22.0,87.6,26.0
080C26F702952883D1,AGM80_D1,2,2026-06-02,224.398,223.738,217.864,222.389,223.48,223.624,44.63,46.22,45.81,45.33,44.52,44.18,706.1,71.3,2.02,4,19,1700,2,2.07,22.5,92.8,27.7
080C26F573862175D1,AGM80_D1,4,2026-06-09,235.054,234.452,236.757,235.86,241.002,235.281,45.8,46.38,47.0,45.46,45.66,43.27,704.2,59.0,2.07,7,7,2199,4,2.1,24.3,90.2,21.0
080C26G564213366D1,AGM80_D1,4,2026-07-15,236.402,232.412,238.071,237.892,239.914,241.632,44.86,46.55,45.27,46.83,44.24,44.78,696.0,65.0,2.03,6,16,1825,5,2.12,27.7,88.8,22.0
080C26G843151456D1,AGM80_D1,5,2026-07-07,246.911,249.981,254.644,245.353,245.297,243.087,42.99,43.37,46.74,45.13,45.02,43.56,721.6,52.5,2.05,6,10,2266,2,2.04,24.1,93.8,26.6
080C26G736378118D1,AGM80_D1,2,2026-07-18,251.464,249.764,252.779,248.478,247.792,249.346,43.69,43.54,45.81,45.28,45.3,46.7,716.9,55.1,2.03,5,9,2036,2,2.09,22.2,83.5,20.5
080C26G116409539D1,AGM80_D1,3,2026-07-05,246.528,251.193,249.733,255.783,243.392,252.081,45.98,43.59,45.46,43.98,44.13,45.87,727.7,59.4,1.96,7,8,1928,3,2.05,24.3,86.7,25.7
080C26G839090123D1,AGM80_D1,3,2026-07-18,247.786,245.641,242.837,245.09,244.828,245.559,46.51,44.08,45.7,45.0,44.0,45.99,700.5,55.6,2.09,6,14,2541,3,2.11,23.1,86.0,30.7
080C26G291981493D1,AGM80_D1,3,2026-07-24,241.546,239.594,238.137,246.383,243.051,237.528,45.67,43.75,45.78,42.99,46.24,44.22,729.5,60.9,2.01,8,13,1883,3,2.15,25.5,90.2,19.6
080C26G515886849D1,AGM80_D1,3,2026-07-17,237.54,236.602,243.66,241.324,238.785,241.242,44.89,44.88,44.89,45.36,46.38,43.4,733.5,53.0,2.05,5,10,1644,4,2.14,17.3,94.1,19.1
080C26G752730865D1,AGM80_D1,4,2026-07-26,227.399,231.021,233.533,229.203,225.269,229.597,43.89,44.11,45.62,47.52,43.74,46.5,720.5,66.4,2.05,2,14,1795,2,2.03,24.4,88.5,22.2
080C26G770526256D1,AGM80_D1,3,2026-07-16,242.566,238.525,240.925,246.682,245.497,244.229,45.98,45.91,45.21,46.13,46.33,46.31,729.4,53.3,2.01,2,9,1480,3,2.17,24.6,89.5,22.1
080C26G555058539D1,AGM80_D1,3,2026-07-22,240.043,235.04,242.88,239.882,240.638,243.103,43.9,46.92,43.44,44.08,45.37,44.32,746.1,55.4,2.01,2,11,1675,3,2.13,29.0,98.1,23.6
080C26G074366947D1,AGM80_D1,3,2026-07-24,236.195,234.383,233.954,237.893,236.297,237.165,43.62,46.16,44.68,44.91,45.16,46.16,710.5,61.8,2.08,6,8,1783,3,2.07,23.5,92.9,23.6
080C26G212402082D1,AGM80_D1,5,2026-07-15,227.721,229.884,233.473,231.927,228.347,241.266,45.85,45.05,43.87,44.28,45.64,45.25,724.0,79.0,2.06,4,13,2014,4,2.05,20.2,86.5,26.8
080C26G524567900D1,AGM80_D1,5,2026-07-15,242.133,246.881,247.789,243.486,248.538,249.487,45.1,44.07,43.81,45.74,47.25,46.71,708.0,52.8,2.07,8,11,1601,2,2.02,25.6,94.0,32.7
080C26H697868096D1,AGM80_D1,3,2026-08-27,240.473,239.139,237.581,240.381,237.671,237.973,45.15,47.07,44.27,44.56,45.0,44.52,709.3,44.9,2.07,3,7,1485,3,2.12,17.0,88.0,22.7
080C26H149732266D1,AGM80_D1,3,2026-08-09,237.948,244.689,248.538,242.095,240.021,241.645,44.13,45.05,46.65,45.3,45.64,45.93,713.4,60.9,2.11,7,16,1795,3,2.13,27.2,93.0,26.1
080C26H258434562D1,AGM80_D1,4,2026-08-25,241.469,242.044,243.259,248.837,242.202,238.843,44.51,44.56,45.75,44.14,44.21,45.45,740.7,52.4,2.05,6,12,1071,2,2.09,25.9,91.3,26.5
080C26H493958904D1,AGM80_D1,3,2026-08-23,237.2,234.571,237.333,241.758,246.074,236.815,45.35,44.59,45.55,43.62,45.76,45.89,733.1,80.2,2.09,5,18,1840,3,2.1,26.5,90.8,28.0
080C26H364620597D1,AGM80_D1,3,2026-08-16,233.275,239.83,235.018,243.107,240.081,238.123,44.38,44.5,45.62,44.08,43.27,45.49,730.4,67.3,2.02,6,15,1148,3,2.09,23.4,81.1,33.1
080C26H579051606D1,AGM80_D1,2,2026-08-12,238.269,240.084,241.226,236.812,235.39,240.155,43.86,44.12,45.28,44.42,44.37,46.92,713.0,67.9,2.03,5,18,1761,2,2.06,21.8,85.2,27.0
080C26H128943896D1,AGM80_D1,4,2026-08-14,244.363,242.282,242.389,242.437,244.508,241.337,44.27,44.01,43.63,44.75,46.35,44.08,726.3,55.8,2.08,4,10,1766,4,2.1,24.6,100.0,22.8
080C26H042843900D1,AGM80_D1,5,2026-08-16,242.821,240.345,244.824,244.819,245.845,245.921,45.9,44.59,47.49,44.45,44.29,43.94,718.7,69.6,2.09,1,11,1405,2,2.13,24.8,84.4,25.5
080C26H174386498D1,AGM80_D1,4,2026-08-06,231.099,238.925,233.855,237.903,234.177,236.433,44.07,46.62,45.13,47.32,44.82,45.2,723.4,43.7,2.07,5,11,1801,2,2.11,23.3,92.7,26.1
080C26H165770465D1,AGM80_D1,1,2026-08-06,244.371,234.33,238.612,242.918,240.34,245.355,44.44,44.97,46.82,44.97,45.16,45.97,731.4,62.2,2.07,4,1,1577,3,2.13,30.2,83.2,19.7
080C26H358132104D1,AGM80_D1,3,2026-08-13,233.389,233.887,233.25,232.556,233.33,233.737,45.75,44.64,46.11,45.68,45.29,45.38,731.5,45.1,2.02,3,12,1839,5,2.11,23.8,88.6,29.4
080C26H173237445D1,AGM80_D1,3,2026-08-27,236.529,233.44,234.963,235.255,234.099,232.773,45.17,43.97,46.54,45.51,45.99,44.51,693.2,40.4,2.04,5,18,1919,1,2.09,21.3,88.5,19.0
080C26H686174841D1,AGM80_D1,3,2026-08-06,240.184,239.046,240.058,239.818,237.928,239.757,45.8,44.8,44.75,44.44,46.74,44.97,688.1,63.9,2.05,3,13,2350,2,2.03,26.2,84.0,29.4
080C26I680607292D1,AGM80_D1,3,2026-09-17,239.98,248.106,247.418,245.635,244.725,245.364,43.72,45.28,44.8,44.63,44.81,45.85,730.1,64.3,2.07,5,7,1669,3,2.07,22.3,94.2,26.4
080C26I776304072D1,AGM80_D1,3,2026-09-16,246.872,250.905,242.697,242.605,247.711,240.196,45.69,45.63,43.98,44.08,44.17,45.88,726.5,45.9,2.08,7,11,1789,5,2.16,26.5,100.0,26.1
080C26I319606169D1,AGM80_D1,4,2026-09-04,244.395,242.782,243.723,240.783,244.796,232.511,45.19,44.25,45.88,45.7,45.21,46.77,738.7,52.5,2.07,4,15,1955,4,2.07,20.5,89.5,25.0
080C26I706496041D1,AGM80_D1,1,2026-09-10,246.574,238.631,239.211,243.368,240.179,235.504,45.22,42.88,46.01,46.71,45.33,42.44,711.9,68.4,2.03,3,16,1998,4,2.06,25.1,83.0,25.1
080C26I395364016D1,AGM80_D1,3,2026-09-09,243.345,243.549,245.064,242.006,241.92,246.844,44.84,44.75,45.61,46.81,45.17,44.84,713.1,52.8,2.05,2,11,1745,2,2.09,25.6,97.9,21.7
080C26I804071526D1,AGM80_D1,4,2026-09-19,234.431,230.254,237.284,232.188,238.082,234.145,45.89,43.68,45.95,46.05,46.1,46.1,704.0,49.4,2.06,8,11,1785,2,2.18,22.7,87.2,25.9
080C26I994855954D1,AGM80_D1,3,2026-09-10,237.435,234.592,238.492,236.705,236.483,237.169,46.34,45.32,45.69,45.86,47.64,44.85,740.0,71.7,2.06,3,10,1425,4,2.09,24.8,84.5,26.5
080C26I111330485D1,AGM80_D1,4,2026-09-22,230.314,232.356,231.774,228.505,226.536,229.777,44.39,44.07,44.87,44.95,45.3,42.49,719.0,55.8,2.03,6,6,2001,3,2.11,25.0,89.7,27.7
080C26I480684166D1,AGM80_D1,5,2026-09-24,239.888,241.335,244.829,241.812,241.032,243.119,45.04,45.01,44.28,44.51,45.03,46.12,733.1,43.7,2.05,7,10,1845,4,2.1,21.3,89.2,22.1
080C26I276928837D1,AGM80_D1,3,2026-09-21,236.38,238.761,242.379,243.227,242.525,236.581,46.18,45.73,44.53,44.12,43.14,44.83,733.5,57.2,2.02,6,13,1678,2,2.13,20.8,93.2,18.3
080C26I817285986D1,AGM80_D1,2,2026-09-12,242.658,241.055,240.042,243.006,241.209,244.587,44.89,43.94,46.76,44.16,45.62,45.44,716.4,71.3,2.04,7,5,1585,2,2.15,23.5,83.5,24.8
080C26I760749565D1,AGM80_D1,3,2026-09-02,241.457,245.5,244.207,244.126,244.283,242.184,44.59,44.47,43.56,44.75,45.48,45.08,713.5,49.2,2.06,6,17,1918,3,2.1,19.2,90.6,28.8
080C26I953205754D1,AGM80_D1,2,2026-09-16,243.704,245.573,244.276,245.515,245.464,243.669,45.15,43.95,43.77,43.94,46.59,46.01,700.0,56.3,2.06,5,10,1824,3,2.13,28.8,84.7,22.1
080C26J774517251D1,AGM80_D1,3,2026-10-15,231.22,234.536,242.433,239.459,232.058,240.673,44.14,45.48,43.98,45.01,45.83,46.04,734.2,62.2,2.04,8,6,1764,1,2.12,19.6,84.0,28.0
080C26J544218685D1,AGM80_D1,3,2026-10-03,237.881,240.782,238.12,235.873,235.962,232.96,45.66,44.47,46.75,46.03,44.12,44.2,714.7,55.2,2.04,2,13,1925,2,2.12,19.2,80.0,28.2
080C26J935109349D1,AGM80_D1,2,2026-10-20,242.84,245.006,246.186,240.045,239.213,242.159,45.35,45.16,45.86,45.93,46.48,46.84,740.9,45.2,2.06,10,11,2002,4,2.12,25.4,95.1,24.5
080C26J685675981D1,AGM80_D1,2,2026-10-15,250.728,245.787,243.539,249.447,244.147,242.219,44.28,44.18,45.37,46.33,44.69,45.05,703.3,54.6,2.01,6,10,1909,4,2.12,26.1,91.8,22.7
080C26J109733699D1,AGM80_D1,4,2026-10-23,261.648,250.242,252.198,257.714,258.771,257.951,42.78,45.79,45.47,44.64,43.27,43.72,732.6,59.7,2.06,6,10,2484,3,2.13,25.8,89.3,21.2
080C26J329786667D1,AGM80_D1,3,2026-10-20,236.688,233.327,231.457,234.025,238.371,236.413,44.46,42.9,45.08,44.03,44.83,44.41,716.2,63.3,2.1,5,11,1630,2,2.1,25.7,83.5,27.0
080C26J095049165D1,AGM80_D1,1,2026-10-10,229.452,228.124,229.409,234.358,230.881,238.342,44.6,43.23,43.48,46.25,44.03,44.02,722.6,52.0,2.08,4,13,2208,5,2.09,22.9,88.5,22.6
080C26J716769992D1,AGM80_D1,3,2026-10-14,235.6,232.673,236.348,234.069,235.043,235.04,42.84,47.93,45.63,45.32,44.58,46.97,711.5,45.7,2.03,3,3,1675,3,2.12,21.6,94.4,24.6
080C26J042471083D1,AGM80_D1,4,2026-10-27,241.467,237.203,238.23,240.34,239.957,242.947,47.19,46.92,46.22,43.86,45.65,45.82,724.1,48.5,1.99,7,12,1717,1,2.15,21.5,96.1,24.9
080C26J866153893D1,AGM80_D1,4,2026-10-05,235.26,242.429,242.1,240.884,236.195,239.349,45.64,45.59,45.58,44.05,45.55,44.08,730.9,56.4,2.03,5,4,1227,3,2.09,29.0,94.3,25.0
080C26J132610797D1,AGM80_D1,4,2026-10-10,236.665,243.832,237.791,243.291,238.398,241.737,43.7,43.26,45.99,45.12,44.29,45.97,728.8,54.2,2.07,6,3,1423,2,2.09,26.4,88.8,22.8
080C26J672556631D1,AGM80_D1,3,2026-10-10,238.34,232.521,233.938,234.738,234.051,237.567,46.39,45.92,46.05,45.66,44.95,45.26,733.9,63.6,2.04,8,12,1728,2,2.05,23.4,84.5,21.4
080C26J899284282D1,AGM80_D1,1,2026-10-25,239.761,238.531,235.973,243.365,244.894,241.132,44.04,46.4,43.25,46.33,44.67,44.58,728.8,72.6,2.04,8,8,2033,2,2.12,23.6,81.9,31.0
080C26K796505379D1,AGM80_D1,3,2026-11-02,237.297,240.413,242.9,241.11,238.024,241.806,45.29,45.67,46.91,44.16,44.66,46.78,733.6,57.6,2.04,5,10,1439,4,2.1,23.8,93.3,25.3
080C26K603001115D1,AGM80_D1,3,2026-11-27,235.048,236.777,235.893,234.853,235.768,235.659,44.02,45.65,42.91,44.21,44.66,45.7,703.0,39.0,2.08,5,10,2191,5,2.13,24.7,90.2,22.4
080C26K710464889D1,AGM80_D1,1,2026-11-21,241.72,233.462,230.828,234.28,242.893,251.909,43.88,43.86,45.37,46.5,44.52,45.3,720.5,65.5,2.08,4,7,1362,1,2.09,22.9,88.4,24.6
080C26K210162839D1,AGM80_D1,4,2026-11-10,242.278,239.133,237.74,242.31,242.858,237.61,45.61,43.36,43.77,44.52,45.18,44.72,735.8,57.0,2.0,6,16,1425,2,2.07,30.6,85.4,26.3
080C26K727956919D1,AGM80_D1,3,2026-11-20,228.609,229.827,232.095,228.969,226.013,227.392,44.69,44.64,45.17,46.43,45.52,45.29,732.3,64.3,2.06,3,9,1941,2,2.12,27.1,86.2,21.5
080C26K061944388D1,AGM80_D1,3,2026-11-22,240.528,236.99,237.443,238.609,237.688,238.598,44.83,44.64,45.05,44.41,44.2,43.9,699.0,55.5,2.02,8,9,1289,3,2.16,26.1,82.3,23.5
080C26K909274994D1,AGM80_D1,3,2026-11-20,238.084,237.031,237.315,236.684,237.905,236.534,44.94,44.97,45.3,44.85,44.23,46.65,706.6,45.1,2.09,8,7,905,3,2.16,25.6,87.2,25.1
080C26K909318686D1,AGM80_D1,3,2026-11-20,240.033,237.526,238.751,237.001,237.508,239.051,42.68,46.72,45.89,46.41,43.79,46.02,699.2,36.5,2.07,7,11,1567,2,2.07,26.2,88.2,25.8
080C26K001382727D1,AGM80_D1,3,2026-11-13,240.699,236.613,244.462,244.575,240.176,238.047,45.39,44.75,45.52,45.6,44.54,45.38,751.7,51.6,2.1,6,5,1967,4,2.09,20.5,92.1,22.2
080C26K598972991D1,AGM80_D1,3,2026-11-25,240.54,241.838,246.322,242.98,247.313,242.774,44.6,45.18,44.88,45.21,45.27,43.82,705.7,55.3,2.07,6,5,1812,4,2.08,27.2,86.2,24.6
080C26K042734439D1,AGM80_D1,4,2026-11-06,242.881,243.849,237.918,244.522,234.226,235.53,45.58,45.22,44.12,45.3,44.6,45.06,712.0,71.0,2.0,9,3,1603,3,2.08,25.6,86.2,27.4
080C26K041715280D1,AGM80_D1,3,2026-11-15,260.624,256.143,255.204,253.509,249.64,250.519,45.63,43.75,44.84,45.7,43.82,46.11,726.3,58.0,2.08,6,3,2321,2,2.1,31.1,91.1,24.8
080C26K340392889D1,AGM80_D1,4,2026-11-27,239.557,243.144,234.02,239.497,237.288,240.092,45.96,45.05,46.28,44.47,45.36,44.27,725.8,47.4,2.03,7,6,1760,4,2.11,27.1,89.6,24.0
080C26L608354962D1,AGM80_D1,4,2026-12-09,240.59,238.778,240.277,246.325,239.779,239.691,44.82,45.47,45.9,44.74,45.39,46.7,722.2,45.6,2.07,4,10,1554,2,2.05,26.2,88.9,20.9
080C26L964167080D1,AGM80_D1,4,2026-12-04,235.876,241.845,236.011,239.377,242.688,241.943,44.95,44.89,45.2,45.31,45.32,43.61,700.3,52.1,2.08,4,12,1658,3,2.11,19.9,88.6,23.9
080C26L403248194D1,AGM80_D1,4,2026-12-06,240.803,232.926,239.766,246.837,246.442,241.048,45.97,44.16,46.12,44.92,44.33,44.38,717.0,73.7,2.02,8,12,1479,5,2.16,30.5,80.6,21.2
080C26L474677366D1,AGM80_D1,4,2026-12-22,245.146,242.744,244.948,253.704,240.639,252.638,44.79,45.26,44.78,44.77,45.21,46.26,745.6,66.4,2.03,5,14,1861,5,2.08,25.0,91.3,19.6
080C26L586881772D1,AGM80_D1,1,2026-12-10,242.176,247.077,233.283,240.684,238.974,232.609,44.78,46.59,45.69,46.05,46.44,43.68,722.2,64.9,2.09,6,5,1553,2,2.09,30.5,89.4,25.3
080C26L224834227D1,AGM80_D1,4,2026-12-22,235.142,235.735,236.557,240.029,243.929,235.146,44.83,45.35,45.74,44.24,45.8,43.18,725.6,61.1,2.03,5,13,2328,2,2.12,22.4,83.7,22.9
080C26L691543956D1,AGM80_D1,3,2026-12-20,239.916,234.409,237.457,242.421,244.728,235.932,44.79,45.48,44.59,44.53,45.35,45.06,727.0,56.1,2.01,9,18,2134,4,2.04,30.1,88.7,26.6
080C26L834735872D1,AGM80_D1,3,2026-12-25,231.989,238.512,230.255,229.242,228.35,236.5,44.37,44.36,44.71,44.78,43.48,45.67,729.8,70.8,2.01,6,3,1766,3,2.06,25.7,82.4,27.0
080C26L542238210D1,AGM80_D1,5,2026-12-24,230.011,237.889,232.762,245.138,231.084,242.416,44.2,43.86,46.22,46.09,45.01,45.67,711.1,74.3,2.06,7,9,1941,4,2.1,27.1,91.2,23.5
080C26L869958948D1,AGM80_D1,2,2026-12-10,236.295,242.438,238.029,234.787,235.497,235.856,45.42,45.37,43.99,44.0,44.43,44.74,737.9,51.8,2.07,3,8,1703,2,2.07,21.7,91.1,23.3
080C26L221657460D1,AGM80_D1,5,2026-12-11,238.353,244.834,232.948,241.616,240.097,235.985,46.27,45.49,45.14,45.78,43.02,46.23,741.7,57.9,2.09,6,8,1561,4,2.16,27.9,88.1,27.0
080C26L576245203D1,AGM80_D1,4,2026-12-24,234.376,233.278,231.913,234.796,234.254,236.755,43.74,46.15,43.85,44.36,44.73,44.84,699.9,53.1,2.07,3,15,2028,3,2.12,30.1,91.0,26.9
080C26L987935539D1,AGM80_D1,2,2026-12-11,244.734,240.799,236.602,240.438,240.622,239.87,46.77,45.06,43.34,45.25,42.99,45.23,750.0,56.7,2.01,4,11,1421,3,2.07,24.0,90.5,22.8
080C26A330278191H1,AGM80_H1,3,2026-01-15,239.528,237.495,237.647,240.26,244.426,243.76,44.46,43.88,43.66,45.24,44.4,44.52,712.0,55.9,2.07,9,2,1571,2,2.09,22.6,90.7,30.1
080C26A796789068H1,AGM80_H1,5,2026-01-08,244.228,245.628,240.877,241.326,240.631,244.528,43.95,43.83,43.61,43.88,44.39,43.91,723.0,40.5,2.05,5,13,1961,4,2.08,29.9,93.3,23.9
080C26A369975632H1,AGM80_H1,3,2026-01-26,240.088,242.352,238.929,236.556,240.442,235.57,43.51,47.42,45.18,45.34,45.57,45.93,708.0,65.2,2.08,6,8,1725,3,2.1,26.8,88.0,22.9
080C26A031570934H1,AGM80_H1,3,2026-01-05,234.76,232.899,237.132,236.242,233.831,233.937,44.5,45.42,44.84,45.18,44.75,44.7,734.8,55.6,2.05,7,11,2016,4,2.06,28.9,90.3,23.6
080C26A639304556H1,AGM80_H1,2,2026-01-26,241.097,252.26,238.762,240.579,243.592,239.832,45.28,45.45,43.22,44.96,46.0,43.32,706.8,51.4,2.09,4,5,1689,3,2.13,23.7,87.4,26.4
080C26A458464554H1,AGM80_H1,3,2026-01-17,241.057,242.754,241.727,245.415,242.257,240.398,44.81,45.78,45.91,44.63,44.68,45.13,726.6,48.9,2.02,8,20,2436,3,2.07,24.5,93.5,26.4
080C26A733017130H1,AGM80_H1,3,2026-01-24,237.798,244.339,239.577,242.391,237.864,238.312,45.9,45.87,45.32,44.14,43.9,46.08,711.1,55.3,2.02,5,12,1817,2,2.13,27.7,84.0,22.6
080C26A397544844H1,AGM80_H1,1,2026-01-01,242.058,243.435,242.345,241.03,241.158,242.82,42.51,45.67,45.03,45.96,43.57,46.57,720.2,55.8,2.03,5,12,2093,2,2.17,19.7,83.7,25.9
080C26A925677404H1,AGM80_H1,5,2026-01-18,240.139,239.621,237.858,243.932,240.945,242.955,45.6,45.74,47.44,45.49,44.18,45.21,723.4,73.6,2.04,5,16,1550,4,2.12,24.9,83.5,24.0
080C26A016920112H1,AGM80_H1,2,2026-01-05,244.485,246.83,247.853,248.621,247.376,247.935,45.85,45.94,45.32,46.31,45.54,43.03,718.1,47.6,2.06,6,10,1545,3,2.08,19.8,91.2,24.9
080C26A534162023H1,AGM80_H1,3,2026-01-07,244.517,242.664,242.084,237.371,244.51,234.601,46.2,46.29,44.81,45.0,45.5,42.93,698.9,65.3,2.03,5,16,1765,4,2.14,27.0,80.5,27.5
080C26A951663735H1,AGM80_H1,4,2026-01-22,238.818,237.551,243.025,237.221,238.272,238.39,44.01,43.22,46.05,45.34,45.03,45.06,726.5,52.6,2.01,2,16,1567,3,2.12,19.1,87.7,23.4
080C26A725702533H1,AGM80_H1,1,2026-01-21,240.859,236.729,235.754,234.687,235.425,238.269,46.59,44.31,44.68,44.56,45.78,43.67,699.7,57.6,2.1,4,11,1824,3,2.09,24.3,88.0,29.9
080C26B553256767H1,AGM80_H1,3,2026-02-01,244.489,244.257,244.953,246.808,238.405,247.388,43.84,43.15,44.45,45.3,44.84,43.79,716.6,51.7,2.07,5,11,1561,3,2.06,24.9,96.6,18.2
080C26B474309810H1,AGM80_H1,2,2026-02-24,241.81,235.298,235.257,235.247,238.967,241.014,44.72,44.95,45.85,44.69,46.96,45.34,717.9,49.4,2.08,8,16,1923,2,2.06,22.5,83.4,23.4
080C26B117427552H1,AGM80_H1,3,2026-02-27,233.18,236.531,241.114,239.327,240.166,236.533,44.29,44.09,45.5,44.24,46.22,44.26,723.3,44.8,2.07,6,5,1330,5,2.04,28.3,94.1,24.7
080C26B836834857H1,AGM80_H1,4,2026-02-25,246.396,243.53,245.954,245.86,242.535,240.965,44.67,43.96,46.15,44.73,45.64,44.08,708.3,61.0,2.02,6,4,1191,4,2.16,26.8,90.3,24.3
080C26B552354019H1,AGM80_H1,5,2026-02-21,237.651,239.147,238.108,236.589,233.97,235.959,45.76,44.04,45.23,45.95,44.1,43.89,710.2,54.6,1.96,6,15,1364,3,2.09,25.9,86.1,22.3
080C26B817938998H1,AGM80_H1,4,2026-02-01,234.806,236.323,236.472,233.274,236.411,236.873,45.03,45.98,43.72,43.5,44.65,44.64,715.0,61.2,2.07,5,18,1733,4,2.12,28.4,80.5,24.9
080C26B000005478H1,AGM80_H1,4,2026-02-10,244.69,242.313,244.061,245.651,244.553,245.774,44.11,45.29,43.5,45.29,45.07,45.24,709.1,28.9,2.02,7,19,1254,2,2.11,17.0,97.9,25.7
080C26B582074545H1,AGM80_H1,1,2026-02-24,230.726,240.99,237.396,234.851,231.471,229.851,45.13,45.3,44.51,45.93,44.42,45.3,742.9,64.6,2.02,4,10,2025,3,2.07,26.8,85.3,24.0
080C26B371108204H1,AGM80_H1,1,2026-02-01,241.169,236.766,237.978,235.837,240.206,239.679,45.35,43.74,46.11,46.37,44.78,44.25,708.1,56.2,2.06,6,6,1780,3,2.15,25.1,80.6,22.1
080C26B412743654H1,AGM80_H1,2,2026-02-27,227.205,229.536,229.792,235.981,231.132,232.288,43.95,45.74,46.14,44.78,45.14,44.05,735.4,67.9,2.04,5,7,1771,4,2.11,28.8,88.0,25.9
080C26B006531274H1,AGM80_H1,1,2026-02-14,241.108,244.367,241.255,240.702,241.211,244.967,46.32,44.31,45.33,45.12,44.65,44.92,739.4,47.2,2.05,5,17,1696,1,2.08,26.9,94.1,28.0
080C26B070017785H1,AGM80_H1,3,2026-02-12,238.833,243.259,241.744,243.517,240.771,241.577,46.04,45.02,43.17,45.46,45.22,44.86,720.4,53.5,2.02,3,15,2514,3,2.12,21.2,82.9,29.0
080C26B871379693H1,AGM80_H1,5,2026-02-24,237.25,240.548,240.803,238.276,237.497,236.185,44.16,45.83,43.25,46.42,45.98,44.49,669.3,57.5,2.0,7,9,1639,3,2.07,28.9,86.2,18.3
080C26C274628490H1,AGM80_H1,5,2026-03-20,242.928,240.776,242.944,245.501,240.985,239.158,43.7,44.38,43.89,45.24,45.67,43.91,748.2,62.5,2.06,2,10,1498,2,2.12,22.2,97.7,26.1
080C26C200506807H1,AGM80_H1,1,2026-03-25,236.354,237.968,239.543,237.023,243.127,237.279,47.65,44.5,44.56,45.22,46.25,44.89,710.0,59.7,2.08,4,9,1136,2,2.04,30.3,92.3,30.8
080C26C308858674H1,AGM80_H1,5,2026-03-15,242.94,236.269,239.105,243.072,240.441,239.016,44.43,43.77,43.41,44.58,44.14,45.01,703.1,63.3,2.09,5,7,1565,3,2.15,25.0,84.7,24.5
080C26C218129062H1,AGM80_H1,4,2026-03-27,230.337,240.991,232.961,235.436,233.054,231.252,46.3,46.36,45.01,46.09,45.71,44.63,721.1,46.3,2.07,8,8,1936,3,2.1,24.2,95.1,26.4
080C26C261499772H1,AGM80_H1,3,2026-03-14,241.745,244.81,245.448,242.516,242.392,238.543,44.43,45.73,46.77,43.29,44.58,46.87,716.7,56.8,2.08,2,4,1612,4,2.01,25.5,87.1,23.5
080C26C547525264H1,AGM80_H1,2,2026-03-20,230.858,235.009,235.969,234.01,229.66,234.512,44.28,46.14,45.22,45.71,44.99,46.09,713.6,69.3,2.09,5,12,1692,5,2.1,22.9,80.0,24.2
080C26C084554129H1,AGM80_H1,5,2026-03-12,240.961,242.9,237.882,247.055,247.781,241.433,44.51,45.12,45.38,45.04,45.49,44.88,708.3,55.1,2.01,7,4,2203,2,2.12,26.7,93.1,25.0
080C26C287058454H1,AGM80_H1,3,2026-03-08,231.522,232.306,233.403,231.167,232.202,233.273,47.25,44.47,46.95,45.44,44.14,45.5,709.1,49.8,2.08,3,14,1897,4,2.12,24.5,84.6,24.4
080C26C226600040H1,AGM80_H1,2,2026-03-20,240.763,248.448,251.686,250.718,242.254,247.9,44.73,44.95,42.0,45.25,46.47,45.8,727.3,82.9,2.01,2,7,1697,3,2.14,27.6,84.3,22.6
080C26C457997136H1,AGM80_H1,3,2026-03-03,227.466,242.315,238.902,226.805,248.728,230.078,46.05,44.36,45.23,44.99,47.12,45.47,703.8,63.6,2.08,7,15,2027,3,2.11,22.7,87.2,23.4
080C26C391991935H1,AGM80_H1,4,2026-03-21,244.936,242.958,240.741,241.567,245.299,244.406,43.98,45.9,43.41,44.96,42.97,44.0,730.4,46.6,2.08,2,16,2367,2,2.09,25.4,100.0,20.1
080C26C102669750H1,AGM80_H1,2,2026-03-15,230.229,233.235,231.255,230.38,240.093,246.736,43.45,44.26,44.1,45.68,44.38,44.37,723.8,71.8,2.03,9,8,1525,3,2.12,25.5,88.6,22.0
080C26C198635320H1,AGM80_H1,4,2026-03-07,235.657,236.029,232.435,231.565,233.41,231.489,44.42,44.83,46.21,46.04,44.73,43.64,716.7,51.1,2.02,7,6,2132,4,2.09,27.7,88.7,18.7
080C26D939022992H1,AGM80_H1,3,2026-04-25,227.053,226.228,231.366,226.119,228.354,231.483,45.49,45.91,43.4,45.18,45.71,44.2,706.7,64.1,2.06,4,20,2177,3,2.11,20.8,84.9,20.7
080C26D246285224H1,AGM80_H1,4,2026-04-18,240.658,238.496,242.578,237.377,238.102,235.431,44.85,43.78,44.77,44.66,45.1,43.45,747.8,77.9,2.06,7,6,1967,2,2.08,28.3,80.0,24.8
080C26D555663887H1,AGM80_H1,2,2026-04-17,243.633,243.696,241.771,237.986,244.245,243.107,43.74,46.64,44.0,44.35,46.19,45.16,718.1,60.7,2.05,5,9,1810,4,2.1,28.0,84.2,23.1
080C26D589029031H1,AGM80_H1,3,2026-04-10,239.525,236.805,251.608,243.72,244.555,237.656,46.5,45.02,43.67,43.92,44.92,44.42,753.2,66.9,2.02,2,8,1592,2,2.05,24.1,88.9,25.6
080C26D764964036H1,AGM80_H1,2,2026-04-27,237.978,232.589,237.641,233.938,232.87,237.305,46.22,47.04,45.19,44.24,45.52,44.72,709.1,46.8,2.08,7,8,2041,2,2.12,20.3,93.8,28.3
080C26D471309560H1,AGM80_H1,3,2026-04-23,239.279,237.725,236.931,239.718,237.538,237.785,45.0,46.21,45.61,45.01,46.04,45.97,703.7,56.5,2.08,4,14,1753,2,2.05,20.4,92.3,21.8
080C26D040506867H1,AGM80_H1,2,2026-04-02,239.531,235.195,240.047,234.718,235.313,238.37,45.43,45.78,44.69,42.47,46.19,45.77,731.6,55.9,1.97,3,4,1728,3,2.16,22.0,95.8,29.6
080C26D091720445H1,AGM80_H1,3,2026-04-25,237.983,239.4,233.888,238.572,236.111,237.469,45.28,44.61,45.21,44.04,44.96,43.31,697.2,67.9,2.03,7,1,1698,2,2.17,26.5,80.8,25.0
080C26D759355604H1,AGM80_H1,2,2026-04-27,243.391,242.916,247.745,241.989,243.747,239.339,45.11,46.34,44.89,43.88,43.8,45.06,707.6,50.5,2.1,4,11,2013,3,2.08,31.0,94.4,28.8
080C26D226189992H1,AGM80_H1,4,2026-04-04,236.44,224.082,232.946,224.311,240.939,232.194,44.27,44.33,44.78,43.92,42.92,45.01,728.5,75.1,2.04,5,4,1469,2,2.09,24.2,80.0,24.4
080C26D812172424H1,AGM80_H1,3,2026-04-05,240.361,243.392,241.785,239.699,245.795,243.629,46.17,44.1,42.61,45.06,42.55,45.22,692.0,46.7,2.06,5,11,1390,4,2.08,26.3,98.6,28.4
080C26D794889853H1,AGM80_H1,2,2026-04-16,239.723,235.234,235.023,240.949,234.932,242.683,46.26,46.56,43.89,45.81,44.05,44.97,716.8,54.7,2.06,6,11,1830,4,2.11,27.6,82.7,23.0
080C26D122730719H1,AGM80_H1,3,2026-04-17,244.241,233.747,233.119,243.795,243.734,245.67,44.83,45.75,45.55,44.98,44.8,44.11,719.9,72.9,2.05,2,6,1490,2,2.16,27.6,91.5,23.6
080C26E769761500H1,AGM80_H1,4,2026-05-18,246.049,246.834,247.099,247.555,244.729,243.805,44.33,45.36,45.16,43.78,45.75,46.49,721.0,58.0,2.02,8,10,1458,2,2.11,22.4,91.1,26.6
080C26E716580979H1,AGM80_H1,5,2026-05-27,237.68,237.618,229.175,235.822,238.809,244.767,44.52,46.68,46.11,45.25,44.11,45.65,728.0,69.8,2.03,4,12,1287,4,2.09,24.3,86.5,19.8
080C26E722296759H1,AGM80_H1,2,2026-05-02,249.49,245.127,241.116,247.365,244.735,244.53,44.84,45.13,44.49,43.97,46.02,44.19,722.4,44.9,2.04,6,11,1851,2,2.12,30.9,94.7,22.7
080C26E460385548H1,AGM80_H1,4,2026-05-23,229.695,238.863,238.055,233.624,236.344,236.451,46.78,45.63,45.4,45.94,44.96,43.68,724.7,52.8,2.02,5,8,2044,2,2.09,30.6,87.0,20.7
080C26E978857122H1,AGM80_H1,4,2026-05-05,232.531,228.957,233.382,235.922,233.591,235.866,44.76,44.99,45.11,44.66,44.58,44.74,680.6,56.9,2.11,7,14,2036,3,2.08,28.9,90.2,23.6
080C26E685061444H1,AGM80_H1,3,2026-05-18,226.743,231.339,225.649,228.816,224.024,228.164,45.22,45.41,45.06,45.85,46.98,43.71,710.6,56.9,2.07,6,13,1919,3,2.07,19.8,94.1,21.6
080C26E259154629H1,AGM80_H1,3,2026-05-14,238.704,237.338,239.103,238.834,237.799,238.642,44.44,46.68,45.13,44.93,47.11,43.42,739.5,58.4,2.05,6,11,1624,3,2.13,25.7,84.2,25.3
080C26E803589633H1,AGM80_H1,4,2026-05-20,238.29,243.623,242.415,236.614,242.095,243.069,44.15,44.66,45.22,45.34,45.79,45.18,721.5,58.7,2.09,3,11,1492,3,2.07,22.8,88.8,23.3
080C26E240038737H1,AGM80_H1,3,2026-05-14,240.405,242.274,237.412,229.241,236.055,236.16,47.47,45.62,44.54,45.34,44.9,45.9,745.5,56.9,2.08,6,12,1809,2,2.1,27.1,93.4,20.2
080C26E424471772H1,AGM80_H1,1,2026-05-09,235.703,233.011,232.722,237.595,234.849,236.179,46.2,44.61,46.22,44.71,45.42,45.2,713.4,59.3,2.01,7,10,1690,1,2.11,23.5,82.8,29.1
080C26E174021734H1,AGM80_H1,5,2026-05-22,238.58,241.708,235.715,236.762,236.605,238.961,44.82,45.94,43.93,44.9,43.79,45.99,726.2,60.4,2.09,3,10,1165,4,2.1,26.8,85.8,24.8
080C26E730793891H1,AGM80_H1,5,2026-05-01,247.885,240.651,239.996,243.379,241.778,243.505,44.18,46.48,44.38,45.4,45.3,45.42,690.4,45.1,2.01,6,16,1627,3,2.12,24.2,97.1,23.8
080C26E930375001H1,AGM80_H1,2,2026-05-27,243.564,240.395,236.729,234.228,247.89,230.759,44.71,44.8,43.87,45.98,45.54,44.0,729.2,57.6,2.03,3,10,1772,3,2.07,24.2,86.7,27.6
080C26F659594360H1,AGM80_H1,3,2026-06-18,235.38,237.644,237.929,236.692,238.76,234.97,46.2,42.72,45.05,46.0,45.09,45.37,724.3,56.4,2.06,6,4,1341,3,2.09,23.9,80.6,26.2
080C26F382497513H1,AGM80_H1,2,2026-06-25,232.399,231.271,228.487,229.408,232.503,229.924,43.85,45.42,45.47,42.91,45.58,43.39,736.3,55.9,2.06,5,8,1698,2,2.08,20.6,83.8,26.0
080C26F246552200H1,AGM80_H1,4,2026-06-07,242.079,240.473,243.097,238.887,236.93,239.18,44.04,43.47,45.14,44.45,44.53,45.53,734.8,62.1,2.04,1,16,1849,3,2.06,19.3,87.8,21.6
080C26F090103137H1,AGM80_H1,3,2026-06-14,245.027,241.523,240.261,249.606,247.408,244.547,45.65,45.95,44.82,44.42,45.63,44.91,716.0,66.5,2.07,9,15,1456,2,2.12,23.2,94.1,24.5
080C26F779447058H1,AGM80_H1,4,2026-06-23,241.928,241.81,244.453,242.16,245.483,246.701,46.66,44.65,44.0,44.32,46.08,46.08,712.2,58.9,2.07,7,10,2282,2,2.09,25.2,92.0,20.9
080C26F329584932H1,AGM80_H1,4,2026-06-25,229.247,231.82,236.216,230.638,228.886,233.419,45.59,44.62,46.69,46.34,45.43,44.19,732.6,59.6,2.05,7,12,1919,2,2.09,26.7,88.9,23.2
080C26F017162419H1,AGM80_H1,2,2026-06-13,238.406,239.526,239.472,238.032,238.694,239.028,44.68,46.47,45.56,44.84,45.14,45.99,719.3,58.8,2.05,4,9,1208,1,2.12,27.0,80.0,26.2
080C26F543795710H1,AGM80_H1,2,2026-06-15,246.766,249.045,246.257,246.869,248.696,251.764,45.38,44.09,45.72,44.78,45.19,44.57,709.3,40.4,1.98,5,11,1910,2,2.03,25.7,86.9,25.7
080C26F110572091H1,AGM80_H1,2,2026-06-17,239.838,240.738,239.297,240.101,239.032,242.376,44.89,46.51,45.52,44.59,45.82,44.86,721.2,49.0,2.09,4,10,1753,3,2.11,25.6,94.4,24.2
080C26F968600676H1,AGM80_H1,4,2026-06-15,241.978,241.808,247.446,246.68,249.222,247.235,43.08,43.37,44.88,44.52,45.12,45.68,722.7,49.7,2.04,4,8,1768,3,2.09,23.7,95.1,21.9
080C26F516333942H1,AGM80_H1,3,2026-06-09,240.239,241.703,239.92,241.501,240.764,240.406,43.68,46.63,45.24,45.56,45.63,46.42,703.3,48.6,2.05,7,9,1363,3,2.04,24.1,91.8,23.8
080C26F889894197H1,AGM80_H1,4,2026-06-04,243.912,243.91,245.797,248.1,238.778,243.265,46.64,45.53,45.06,43.73,44.88,46.46,733.9,66.9,2.05,7,16,1189,3,2.09,20.3,84.1,29.3
080C26F524390212H1,AGM80_H1,3,2026-06-07,243.559,240.409,246.298,239.159,234.389,236.127,45.36,44.52,45.6,45.54,46.28,45.24,745.1,52.9,2.03,3,16,2204,2,2.07,23.9,90.0,25.2
080C26G633009531H1,AGM80_H1,2,2026-07-25,240.904,236.173,242.137,239.913,251.061,242.78,44.94,42.44,44.89,45.51,42.58,44.34,712.6,76.0,2.08,5,11,1343,1,2.09,29.0,90.1,27.6
080C26G645615726H1,AGM80_H1,3,2026-07-22,247.774,235.237,233.542,239.28,233.662,234.445,46.36,45.49,45.37,45.24,45.98,44.37,697.0,48.4,2.07,6,12,1581,3,2.14,25.2,98.0,30.4
080C26G462139850H1,AGM80_H1,4,2026-07-20,247.257,247.956,250.878,249.105,247.86,244.427,44.28,44.26,44.61,45.59,45.84,45.03,729.4,59.7,2.05,6,13,2083,5,2.11,27.3,91.6,25.1
080C26G950411262H1,AGM80_H1,4,2026-07-20,239.045,231.127,239.569,235.999,236.886,243.132,45.26,45.49,46.18,44.17,44.89,44.54,737.2,69.9,2.08,5,9,1678,5,2.05,30.1,84.5,28.2
080C26G651224624H1,AGM80_H1,3,2026-07-23,237.881,239.322,242.146,239.577,238.547,239.976,44.11,44.68,44.95,47.08,44.76,43.65,750.2,57.3,2.03,5,20,1413,4,2.12,23.5,84.9,27.4
080C26G015942111H1,AGM80_H1,4,2026-07-08,240.555,237.569,236.165,239.481,240.602,234.133,43.99,45.37,46.47,46.32,46.66,44.3,707.5,75.1,2.01,2,11,2235,2,2.1,20.3,90.6,24.0
080C26G611453306H1,AGM80_H1,3,2026-07-27,243.382,236.464,240.217,235.152,234.422,242.47,44.64,44.41,45.78,44.7,46.17,47.38,717.2,57.8,2.03,5,9,1873,4,2.1,22.5,92.2,26.0
080C26G480271891H1,AGM80_H1,3,2026-07-18,250.264,250.019,250.599,254.813,252.928,251.643,45.34,45.26,45.47,45.66,45.01,43.98,725.0,44.8,2.04,5,13,1524,2,2.11,27.6,87.1,23.7
080C26G284710335H1,AGM80_H1,5,2026-07-16,238.839,238.188,242.441,245.404,239.857,239.759,44.13,45.6,46.8,43.31,46.17,45.11,729.6,50.6,2.02,4,8,2211,2,2.08,21.3,80.0,27.7
080C26G577239636H1,AGM80_H1,3,2026-07-26,239.449,239.06,243.771,244.051,242.797,238.397,46.73,45.2,44.24,44.76,46.78,46.43,709.2,30.6,2.03,2,10,1666,3,2.07,30.9,99.8,29.2
080C26G849236459H1,AGM80_H1,5,2026-07-21,232.283,238.266,238.135,237.954,236.104,240.816,45.41,44.31,44.69,43.35,45.61,43.05,720.0,36.4,2.05,9,11,1548,3,2.1,28.1,99.2,23.2
080C26G042911746H1,AGM80_H1,5,2026-07-22,239.941,236.73,243.041,239.759,239.156,243.691,45.95,46.05,45.28,46.94,45.68,45.02,717.1,56.0,2.04,2,7,1576,4,2.09,26.1,86.1,25.6
080C26G302268601H1,AGM80_H1,2,2026-07-02,249.82,248.95,245.477,248.641,244.609,256.616,46.96,45.2,44.61,45.43,46.35,45.1,693.2,57.6,2.07,5,10,2089,3,2.06,25.8,81.4,23.9
080C26H535380845H1,AGM80_H1,3,2026-08-02,233.432,232.321,234.166,228.064,230.809,230.205,46.57,44.84,44.76,45.87,43.9,45.43,705.6,50.9,2.09,6,16,2279,3,2.12,24.4,86.4,24.3
080C26H935427608H1,AGM80_H1,4,2026-08-04,238.863,241.74,240.61,238.766,241.48,245.532,43.71,44.95,42.94,44.37,45.23,46.74,726.8,45.8,2.11,7,12,1860,3,2.15,27.5,94.4,23.7
080C26H937959809H1,AGM80_H1,3,2026-08-12,236.438,238.6,234.79,234.076,234.345,234.284,45.12,44.43,43.79,46.08,45.52,44.47,711.8,51.9,2.03,3,10,1594,4,2.12,27.1,84.9,24.1
080C26H036748240H1,AGM80_H1,3,2026-08-02,235.318,230.891,233.711,226.46,227.886,233.767,45.47,44.19,45.74,44.34,46.68,45.16,699.6,51.8,2.07,7,6,2135,2,2.09,23.6,91.7,22.4
080C26H712743047H1,AGM80_H1,2,2026-08-10,241.974,237.432,241.946,236.093,240.686,240.917,44.79,44.94,44.04,46.02,44.35,44.29,724.4,56.3,2.06,4,10,2445,2,2.13,22.2,95.2,22.2
080C26H274119194H1,AGM80_H1,1,2026-08-10,241.116,243.169,252.891,241.095,245.647,241.901,45.91,45.85,45.63,44.13,46.04,43.15,733.2,46.1,2.08,5,8,1354,4,2.14,21.9,86.3,24.3
080C26H996649243H1,AGM80_H1,3,2026-08-12,229.149,234.2,227.372,236.515,230.44,232.929,44.11,45.04,46.15,44.55,45.23,45.04,720.0,51.6,2.01,10,10,1664,2,2.1,23.6,91.6,28.9
080C26H208658227H1,AGM80_H1,3,2026-08-25,236.105,238.923,235.865,239.556,238.294,239.33,44.55,43.45,43.49,45.4,44.27,43.92,703.1,46.8,2.08,5,10,2204,3,2.12,24.1,95.5,23.7
080C26H838610929H1,AGM80_H1,4,2026-08-07,247.073,246.096,249.294,242.854,247.347,246.776,44.47,43.8,45.68,44.8,45.66,46.2,708.8,40.2,2.09,2,11,1503,3,2.13,26.6,93.6,24.3
080C26H241842951H1,AGM80_H1,3,2026-08-04,252.34,245.68,247.864,243.464,251.612,248.203,43.1,43.5,45.8,46.16,43.9,45.25,744.2,70.0,2.06,6,10,2023,5,2.06,19.8,89.0,21.3
080C26H481837156H1,AGM80_H1,4,2026-08-09,229.986,231.664,234.528,234.576,231.584,233.517,43.43,44.46,45.53,45.23,44.95,43.69,738.0,48.5,2.06,8,10,2177,3,2.11,22.6,92.8,27.2
080C26H490804339H1,AGM80_H1,4,2026-08-19,242.265,248.215,244.756,245.334,244.488,242.156,45.64,44.08,44.47,45.03,45.59,44.9,737.1,45.5,2.02,5,9,1569,5,2.11,26.2,93.2,27.5
080C26H011644973H1,AGM80_H1,3,2026-08-04,242.486,241.02,239.918,237.164,233.629,240.056,45.97,44.88,45.32,44.65,44.07,47.1,720.7,66.0,2.08,5,8,1619,3,2.09,28.8,85.6,22.6
080C26I096075693H1,AGM80_H1,4,2026-09-11,239.545,238.022,239.714,238.838,232.855,234.071,44.83,44.39,44.93,46.02,45.9,43.68,732.5,57.0,2.05,6,12,1957,4,2.12,24.4,87.5,22.8
080C26I991981262H1,AGM80_H1,3,2026-09-21,223.754,232.413,233.275,234.182,232.29,230.458,44.84,46.8,44.27,44.81,46.01,43.61,708.4,57.8,2.03,2,7,1542,4,2.13,28.8,89.4,26.2
080C26I553244735H1,AGM80_H1,3,2026-09-26,235.594,239.103,239.03,236.511,239.353,237.903,46.72,46.1,43.02,45.07,45.48,45.38,729.2,48.6,2.05,8,12,1381,3,2.1,29.5,90.1,26.6
080C26I817753933H1,AGM80_H1,4,2026-09-10,237.739,239.218,242.18,235.124,236.821,241.797,44.87,44.85,46.41,44.91,45.47,44.98,689.9,52.9,2.08,3,6,1397,3,2.13,22.9,91.4,29.4
080C26I090228494H1,AGM80_H1,1,2026-09-23,226.112,226.085,233.395,235.379,225.532,233.068,47.18,46.08,44.96,45.48,44.61,43.6,716.1,58.4,2.05,6,15,1637,4,2.07,27.6,96.8,22.8
080C26I543154306H1,AGM80_H1,3,2026-09-04,230.123,234.794,238.722,237.115,232.316,238.801,45.98,44.57,43.41,45.33,45.47,46.0,707.4,52.7,2.08,7,13,1948,4,2.14,24.6,87.1,25.1
080C26I957538071H1,AGM80_H1,5,2026-09-19,232.399,238.762,235.785,241.139,236.097,237.767,45.48,44.62,45.71,44.43,44.8,44.14,744.6,54.7,2.06,3,14,1578,3,2.06,26.5,91.3,21.5
080C26I758476492H1,AGM80_H1,1,2026-09-22,255.665,253.025,254.94,254.808,254.944,248.226,46.02,47.63,44.73,44.34,43.66,42.59,706.9,68.8,2.05,6,16,1365,2,2.15,23.4,84.1,27.9
080C26I297327090H1,AGM80_H1,3,2026-09-18,252.304,243.606,243.798,243.06,242.543,244.468,44.42,46.34,46.23,44.69,45.97,44.63,740.4,61.5,2.09,4,6,1437,2,2.12,21.4,89.5,23.8
080C26I506811119H1,AGM80_H1,2,2026-09-19,235.868,244.914,237.911,247.239,241.409,245.8,45.87,45.68,46.47,46.06,44.19,45.87,697.1,33.4,2.06,5,13,1600,2,2.1,21.8,93.6,29.0
080C26I587571256H1,AGM80_H1,2,2026-09-25,241.389,237.784,245.444,242.202,232.635,236.966,45.67,45.16,45.76,45.92,46.19,45.79,715.3,58.0,2.01,3,7,2235,3,2.07,32.7,96.2,27.1
080C26I288944981H1,AGM80_H1,3,2026-09-24,237.707,246.015,234.668,239.746,239.076,232.094,44.27,44.63,45.09,45.62,46.2,46.72,734.6,65.2,2.03,2,12,2300,1,2.07,26.0,84.6,25.0
080C26I158212343H1,AGM80_H1,4,2026-09-10,235.834,239.427,236.975,237.509,235.924,236.306,44.74,44.12,44.63,44.58,44.92,44.45,745.2,41.3,2.06,5,17,1440,3,2.1,22.5,93.5,31.3
080C26J481869273H1,AGM80_H1,4,2026-10-08,240.13,233.715,232.084,235.688,234.853,236.048,44.95,44.34,45.7,43.55,47.07,45.99,725.2,64.8,2.07,6,9,1073,4,2.13,21.1,84.6,24.5
080C26J114204698H1,AGM80_H1,3,2026-10-25,234.855,232.14,235.254,233.681,233.877,233.784,45.61,45.17,44.04,45.48,45.84,45.12,705.7,38.0,2.03,6,10,2080,5,2.12,29.0,94.8,22.9
080C26J257490067H1,AGM80_H1,3,2026-10-08,232.887,239.195,239.865,238.839,236.947,242.985,44.93,44.85,45.35,44.71,45.43,43.97,725.3,62.5,2.05,4,14,1919,1,2.1,25.2,89.4,18.7
080C26J202308740H1,AGM80_H1,5,2026-10-03,228.006,238.46,228.848,251.369,238.383,229.404,46.41,45.9,43.82,45.65,45.71,44.03,721.2,46.2,2.04,5,7,1718,4,2.09,26.1,95.9,20.3
080C26J474041858H1,AGM80_H1,3,2026-10-22,244.906,243.432,245.765,242.184,242.281,245.196,43.33,46.03,44.14,46.73,45.79,45.16,727.9,62.2,2.07,7,15,2075,2,2.08,25.5,84.2,28.7
080C26J111295656H1,AGM80_H1,4,2026-10-19,242.582,241.729,242.86,239.724,242.119,240.887,45.41,45.32,46.68,45.92,46.23,45.12,709.8,40.4,2.07,6,7,1760,4,2.11,23.6,84.2,22.8
080C26J035525114H1,AGM80_H1,4,2026-10-14,237.114,240.642,238.33,237.476,237.005,240.053,45.81,45.66,45.34,44.75,43.55,44.12,734.0,60.3,2.01,5,14,1447,5,2.07,29.0,91.6,17.6
080C26J843988529H1,AGM80_H1,2,2026-10-21,241.294,238.421,242.437,240.936,235.127,235.908,45.25,44.47,45.29,45.49,44.6,44.75,729.3,59.5,2.08,3,12,1645,2,2.14,24.2,89.8,31.0
080C26J416754285H1,AGM80_H1,2,2026-10-26,240.766,237.727,239.095,235.874,238.299,237.853,44.45,45.55,43.77,44.7,44.05,43.06,696.2,42.6,2.05,8,10,1526,3,2.13,30.3,95.8,24.8
080C26J295869291H1,AGM80_H1,2,2026-10-03,245.278,244.168,245.651,251.642,248.793,249.656,45.05,46.69,46.8,45.08,44.08,44.85,727.9,51.6,2.06,5,8,2318,3,2.12,24.5,94.6,25.5
080C26J762552089H1,AGM80_H1,3,2026-10-14,238.656,232.059,235.43,235.159,241.672,235.993,44.74,45.48,45.79,45.72,44.74,45.14,681.2,73.5,2.03,4,11,1944,2,2.05,26.3,84.1,23.9
080C26J206190649H1,AGM80_H1,2,2026-10-18,239.27,236.812,246.32,240.671,236.731,238.083,45.01,45.47,45.11,45.69,45.67,45.01,730.3,62.6,2.01,6,14,2655,2,2.12,20.9,92.4,25.7
080C26J852082498H1,AGM80_H1,2,2026-10-25,235.838,245.874,243.379,240.082,249.246,241.739,44.36,45.79,45.26,44.41,46.89,44.97,761.5,66.5,2.08,7,14,1852,4,2.1,26.5,91.8,27.9
080C26K734590953H1,AGM80_H1,1,2026-11-15,235.18,238.406,239.701,233.936,240.127,244.561,46.14,43.44,44.83,46.55,43.15,45.01,718.6,50.8,1.99,5,15,1938,3,2.07,29.2,88.2,24.0
080C26K105587662H1,AGM80_H1,2,2026-11-10,241.442,238.73,240.426,240.488,240.898,242.383,44.5,45.12,44.73,45.51,43.79,44.73,692.8,35.4,2.08,1,13,1515,2,2.12,31.4,90.6,25.1
080C26K614190662H1,AGM80_H1,4,2026-11-01,244.775,244.281,242.933,244.723,243.321,239.759,45.93,43.89,44.55,45.47,43.87,44.07,745.7,58.7,1.99,4,11,1624,2,2.14,28.0,85.8,25.6
080C26K162694655H1,AGM80_H1,4,2026-11-05,237.969,240.165,236.232,239.761,235.082,233.347,44.32,44.99,44.16,44.21,46.91,46.2,693.0,61.6,2.08,6,8,1950,4,2.01,25.0,85.6,24.4
080C26K221173393H1,AGM80_H1,2,2026-11-20,238.182,235.509,233.863,236.284,234.255,231.569,45.29,44.83,45.53,45.1,45.03,44.77,707.5,49.6,2.07,4,11,1564,3,2.08,26.2,94.8,24.1
080C26K101877491H1,AGM80_H1,3,2026-11-15,247.632,244.133,243.353,245.219,239.726,242.089,44.25,44.42,43.8,44.91,43.3,43.21,711.7,57.3,2.03,3,15,2561,4,2.07,21.3,91.5,30.5
080C26K640994739H1,AGM80_H1,3,2026-11-18,244.805,244.905,243.91,244.065,243.082,242.759,44.15,45.45,45.73,44.11,44.61,42.62,735.7,58.8,2.01,7,14,2160,4,2.13,27.8,86.2,28.1
080C26K012812759H1,AGM80_H1,4,2026-11-26,234.219,231.482,233.147,234.52,227.993,229.583,44.43,44.18,46.62,45.9,45.25,45.42,729.8,60.0,2.03,3,4,2031,2,2.12,26.5,81.8,25.0
080C26K713506484H1,AGM80_H1,2,2026-11-22,234.939,243.454,238.913,234.091,238.16,240.829,45.5,46.14,46.39,43.36,44.94,44.98,702.8,52.5,2.01,3,12,1788,2,2.11,24.6,82.4,23.3
080C26K399162373H1,AGM80_H1,2,2026-11-05,238.434,231.098,240.011,237.153,234.119,232.695,45.82,45.51,45.92,44.78,45.16,43.92,759.9,65.4,2.05,6,12,2112,4,2.04,27.4,84.2,27.0
080C26K196669114H1,AGM80_H1,2,2026-11-03,238.115,243.42,235.911,239.122,239.215,238.377,46.09,45.19,46.9,43.52,44.7,44.53,717.3,79.7,2.06,7,14,1648,2,2.09,26.1,82.7,30.8
080C26K320923498H1,AGM80_H1,3,2026-11-17,233.505,239.343,241.834,241.938,242.985,243.524,44.82,45.6,45.17,42.7,44.52,46.06,709.2,73.7,2.04,7,12,1784,3,2.13,32.4,86.1,20.1
080C26K734117380H1,AGM80_H1,3,2026-11-19,242.734,239.424,240.15,242.191,243.885,243.156,46.44,45.7,46.14,44.67,44.57,43.58,703.8,49.7,2.03,6,9,2220,3,2.08,24.9,87.7,21.6
080C26L805144766H1,AGM80_H1,4,2026-12-20,240.834,231.002,238.222,238.755,234.062,239.246,45.19,44.51,44.02,45.66,43.38,45.15,701.0,56.7,2.09,4,14,1828,3,2.08,25.6,85.1,26.6
080C26L291161828H1,AGM80_H1,1,2026-12-18,241.794,244.111,252.755,247.809,243.347,240.307,44.39,44.63,45.56,46.31,45.28,43.59,722.3,59.3,2.0,6,6,1926,3,2.12,27.4,89.8,21.2
080C26L782987064H1,AGM80_H1,4,2026-12-23,237.653,242.904,231.04,241.616,244.277,245.269,44.82,44.08,46.28,43.12,43.5,44.09,724.8,58.0,2.07,7,6,1602,4,2.11,24.1,92.9,28.8
080C26L124730233H1,AGM80_H1,2,2026-12-24,239.274,246.798,243.774,239.212,236.843,239.362,45.2,44.46,43.41,44.53,45.65,44.72,722.7,53.0,2.01,6,17,1967,3,2.1,26.8,92.1,28.5
080C26L535443424H1,AGM80_H1,2,2026-12-27,241.383,241.157,242.424,239.186,242.61,241.2,46.03,43.49,44.71,45.73,45.19,45.56,724.2,44.1,2.07,6,11,1796,2,2.07,24.3,84.2,24.7
080C26L541708933H1,AGM80_H1,4,2026-12-15,241.327,245.381,249.691,247.742,250.864,242.714,44.56,44.22,44.77,45.55,47.11,42.62,706.6,54.7,2.1,1,4,2202,1,2.13,26.6,96.3,30.4
080C26L639299928H1,AGM80_H1,4,2026-12-09,242.362,242.345,248.403,240.335,239.769,248.123,42.56,46.07,44.69,44.25,44.9,43.43,726.2,63.6,2.03,5,15,1688,3,2.09,23.1,90.8,26.4
080C26L073625390H1,AGM80_H1,3,2026-12-22,237.07,235.558,243.017,238.804,241.203,241.972,45.87,45.88,44.85,46.61,44.68,44.65,717.1,59.5,2.05,7,7,1735,2,2.03,27.6,88.0,22.3
080C26L982292188H1,AGM80_H1,2,2026-12-21,235.846,245.036,248.946,243.687,243.878,242.47,44.93,45.01,45.39,44.63,42.91,43.0,709.2,67.8,2.06,4,14,2035,3,2.09,24.5,91.8,23.6
080C26L164387997H1,AGM80_H1,2,2026-12-11,237.912,248.984,243.642,244.068,244.825,240.804,44.63,46.28,44.9,45.62,44.71,44.98,714.4,48.0,2.08,4,10,2012,1,2.1,23.1,90.7,17.3
080C26L002239865H1,AGM80_H1,3,2026-12-21,225.031,235.871,234.674,236.449,229.081,235.853,45.78,44.43,45.21,44.33,44.03,46.4,728.4,56.9,2.02,5,4,1773,3,2.13,18.4,89.4,25.4
080C26L500033942H1,AGM80_H1,2,2026-12-27,248.411,247.78,248.868,249.268,249.176,247.906,45.87,46.16,46.3,45.7,45.73,45.0,726.8,49.3,2.06,4,14,1755,2,2.11,24.3,92.4,24.3
080C26L982870739H1,AGM80_H1,4,2026-12-03,231.718,241.007,244.15,230.966,237.88,230.231,43.82,44.69,45.31,43.76,45.04,45.39,740.9,52.2,2.03,7,12,1463,4,2.09,28.0,88.8,29.3
080C26A856127338S1,AGM80_S1,3,2026-01-09,237.616,237.057,237.179,239.176,236.595,237.402,44.41,45.1,44.82,45.22,45.19,46.83,712.9,45.5,2.03,6,5,1580,3,2.06,23.5,100.0,22.8
080C26A347331020S1,AGM80_S1,3,2026-01-13,239.138,237.808,242.769,239.531,247.75,237.865,45.91,44.92,45.36,45.16,44.55,45.84,737.1,52.7,2.04,2,14,2100,5,2.08,28.1,89.9,32.4
080C26A782885464S1,AGM80_S1,4,2026-01-02,241.446,240.845,241.299,240.117,238.439,238.18,45.62,44.75,45.9,44.68,47.16,44.81,722.3,60.2,2.03,8,11,1869,2,2.13,31.9,84.0,25.0
080C26A030257729S1,AGM80_S1,3,2026-01-04,243.725,242.525,240.1,243.783,239.92,240.287,43.69,46.89,46.12,45.06,43.8,44.75,708.5,52.0,2.1,6,3,1670,3,2.08,21.7,86.0,23.8
080C26A826723998S1,AGM80_S1,2,2026-01-26,240.443,242.296,238.855,240.716,241.014,250.401,45.77,44.84,46.07,46.21,44.78,46.13,724.8,65.0,2.07,6,3,1696,2,2.09,24.8,84.2,23.8
080C26A543769961S1,AGM80_S1,4,2026-01-24,245.078,249.196,246.164,241.175,248.298,250.03,44.06,43.57,46.81,45.56,46.31,45.73,717.0,59.8,2.0,6,7,1762,2,2.1,27.7,88.5,22.8
080C26A479805433S1,AGM80_S1,2,2026-01-18,236.321,239.239,234.081,235.266,235.509,237.038,45.42,44.36,44.77,42.93,45.24,45.64,708.6,55.9,2.04,5,8,1594,2,2.06,27.7,91.0,26.9
080C26A275542334S1,AGM80_S1,2,2026-01-12,233.162,235.164,233.288,234.33,234.745,234.313,43.61,45.13,45.44,45.18,43.67,46.02,732.2,59.2,2.01,6,6,1498,1,2.11,21.1,86.6,29.3
080C26A945790760S1,AGM80_S1,3,2026-01-13,232.919,228.548,237.218,231.776,229.742,230.109,45.97,44.57,44.73,42.64,45.39,46.67,721.4,59.7,2.05,4,19,1622,3,2.12,25.4,90.7,23.5
080C26A907841404S1,AGM80_S1,3,2026-01-03,235.129,240.829,236.962,234.558,229.859,236.692,45.76,43.87,45.42,46.88,45.14,44.63,696.8,50.5,2.04,7,11,2503,2,2.08,25.9,82.3,20.2
080C26A139353237S1,AGM80_S1,3,2026-01-17,247.201,248.37,251.214,245.459,245.953,248.235,46.55,46.08,44.07,46.64,47.43,44.51,703.0,50.1,2.05,5,10,1811,2,2.1,20.1,90.6,28.4
080C26A759855214S1,AGM80_S1,2,2026-01-14,227.315,226.068,224.561,224.772,226.117,230.922,45.34,44.67,45.32,44.87,43.51,44.07,722.9,59.8,2.04,6,14,2469,4,2.12,31.0,80.0,30.3
080C26A154220263S1,AGM80_S1,3,2026-01-16,245.583,235.211,239.312,242.377,236.145,230.367,45.57,45.3,43.58,45.66,44.76,44.4,701.7,73.6,2.06,6,7,1735,5,2.06,27.4,81.3,19.1
080C26B459522622S1,AGM80_S1,3,2026-02-24,249.529,248.786,247.657,245.966,245.521,246.832,46.56,44.03,43.61,46.71,44.65,44.71,727.0,49.5,2.06,1,9,1182,2,2.13,20.6,85.3,26.0
080C26B067209821S1,AGM80_S1,4,2026-02-19,236.167,237.816,234.69,236.128,237.194,233.333,44.52,45.33,45.36,44.13,44.8,46.42,711.1,60.4,2.04,8,11,2197,5,2.11,25.0,80.3,20.0
080C26B827518752S1,AGM80_S1,2,2026-02-15,237.385,237.938,229.153,236.494,241.432,234.169,45.49,47.04,44.42,44.17,44.23,43.56,694.9,74.2,2.07,2,17,2146,3,2.1,25.9,91.7,24.0
080C26B953499646S1,AGM80_S1,3,2026-02-15,239.929,233.014,234.594,236.532,242.726,248.744,45.6,45.99,44.87,45.68,45.53,45.85,710.5,42.6,2.1,6,8,2077,3,2.08,21.0,95.7,24.2
080C26B008879123S1,AGM80_S1,5,2026-02-13,240.136,251.662,238.655,236.879,239.795,239.662,44.42,43.77,44.18,44.27,44.79,44.86,703.9,52.4,2.03,7,8,1699,3,2.05,27.2,91.4,25.5
080C26B714231859S1,AGM80_S1,3,2026-02-19,232.721,234.622,235.097,236.429,243.098,231.519,45.68,44.23,45.62,44.49,45.03,45.87,727.4,55.0,2.04,4,18,2070,5,2.09,22.1,83.1,26.9
080C26B745982495S1,AGM80_S1,5,2026-02-22,232.951,235.118,235.616,237.848,237.493,238.235,43.59,44.02,44.48,46.7,44.71,43.29,755.1,62.0,2.07,4,9,1827,2,2.06,28.5,86.9,25.6
080C26B103470155S1,AGM80_S1,3,2026-02-21,238.949,236.99,237.195,238.467,238.689,240.108,44.75,44.12,45.77,45.73,43.21,43.76,705.8,45.6,2.01,8,11,1437,3,2.09,26.6,92.4,23.5
080C26B282038475S1,AGM80_S1,3,2026-02-11,232.913,231.905,233.104,230.974,233.335,235.491,45.31,44.81,43.96,44.35,44.92,45.95,732.0,63.6,2.05,4,9,1299,2,2.05,25.3,86.7,29.6
080C26B846521493S1,AGM80_S1,4,2026-02-25,229.245,230.447,227.415,231.472,233.732,232.489,45.17,44.77,46.93,43.03,43.34,45.95,714.9,55.5,2.1,4,4,1876,3,2.13,18.0,81.8,26.7
080C26B922567401S1,AGM80_S1,3,2026-02-04,243.369,246.467,247.512,248.873,252.439,248.83,45.43,46.05,43.95,44.36,43.56,44.75,716.0,54.7,2.04,6,15,1288,4,2.12,29.7,90.0,23.2
080C26B141627419S1,AGM80_S1,4,2026-02-22,246.011,241.225,244.552,250.518,243.156,240.013,44.76,44.54,44.93,45.43,45.67,45.61,746.3,52.0,2.11,8,8,1743,1,2.17,26.8,81.1,22.7
080C26B887254113S1,AGM80_S1,1,2026-02-10,243.792,243.314,238.557,241.067,243.715,243.743,43.99,43.59,45.53,44.29,42.86,44.08,717.6,48.7,2.07,7,13,1914,3,2.1,26.9,96.1,19.6
080C26C889436973S1,AGM80_S1,1,2026-03-03,232.581,240.626,232.585,233.539,238.208,239.098,44.53,44.02,43.27,44.55,44.21,45.26,701.5,48.7,2.03,7,10,1481,5,2.13,24.9,84.8,21.6
080C26C465523709S1,AGM80_S1,5,2026-03-06,234.586,235.294,233.824,235.611,235.372,236.646,45.28,46.3,42.7,46.58,45.11,47.12,709.4,59.4,2.04,8,8,1380,3,2.12,19.6,81.3,21.5
080C26C781051253S1,AGM80_S1,2,2026-03-04,235.02,233.865,235.202,236.089,232.558,233.605,45.32,44.29,45.3,44.1,45.89,44.88,715.2,59.5,2.02,3,15,1545,3,2.07,27.7,93.5,26.4
080C26C375968787S1,AGM80_S1,3,2026-03-11,238.566,238.251,237.064,233.913,239.511,239.511,44.72,45.85,45.5,45.01,47.45,43.91,721.2,57.9,2.07,6,7,1690,2,2.08,25.9,84.3,26.6
080C26C703627974S1,AGM80_S1,5,2026-03-08,244.949,243.653,239.188,246.334,241.426,236.859,44.58,44.85,45.65,43.18,45.34,45.59,719.9,74.5,2.06,3,11,1529,3,2.1,26.0,80.0,25.7
080C26C485775268S1,AGM80_S1,4,2026-03-13,240.621,240.187,243.449,233.779,236.849,239.96,44.91,44.34,44.53,44.44,45.03,46.64,714.2,49.1,2.0,5,10,1916,3,2.09,25.8,89.9,26.9
080C26C976657370S1,AGM80_S1,2,2026-03-21,237.847,238.749,233.886,241.801,237.312,241.458,43.35,46.74,45.18,44.6,44.41,45.03,709.4,68.9,2.07,6,6,1876,4,2.07,22.6,90.6,25.5
080C26C639680279S1,AGM80_S1,4,2026-03-13,250.989,247.721,244.08,244.531,249.733,243.916,44.1,43.51,45.22,45.0,44.83,47.06,727.2,62.9,2.07,10,5,1373,3,2.11,24.0,92.7,24.7
080C26C252771327S1,AGM80_S1,2,2026-03-18,227.455,228.36,228.121,221.074,231.297,226.737,44.98,45.35,44.47,44.86,46.92,42.81,713.3,63.9,2.04,3,1,2194,3,2.14,18.9,87.4,23.7
080C26C979874066S1,AGM80_S1,2,2026-03-15,239.464,241.501,241.41,243.883,248.309,239.383,44.79,45.04,45.3,44.54,45.53,44.27,735.5,56.6,2.04,5,4,1790,4,2.1,24.3,95.3,25.4
080C26C601568476S1,AGM80_S1,2,2026-03-04,247.249,244.411,245.664,240.863,240.875,240.872,43.72,42.03,45.15,45.8,44.1,45.46,742.5,43.7,2.06,3,8,1596,3,2.09,19.7,96.8,24.0
080C26C938138097S1,AGM80_S1,1,2026-03-25,237.009,240.772,238.279,239.068,243.621,236.661,44.63,44.92,46.53,44.76,46.13,44.7,736.3,66.5,2.06,3,8,1442,1,2.06,22.0,90.6,26.4
080C26C281275764S1,AGM80_S1,4,2026-03-06,241.33,235.477,236.969,237.17,240.639,236.889,45.81,46.62,45.36,46.62,44.46,43.8,707.1,42.1,2.07,6,5,1542,3,2.09,21.1,95.3,30.7
080C26D738222131S1,AGM80_S1,2,2026-04-20,239.416,242.639,238.086,244.917,240.578,244.247,44.43,44.52,46.04,45.06,44.71,45.24,718.4,52.7,2.05,6,13,1457,4,2.17,26.8,86.8,21.0
080C26D355228832S1,AGM80_S1,1,2026-04-04,247.469,247.796,247.546,247.765,248.666,248.416,44.0,45.43,43.44,45.15,45.33,44.64,727.6,45.9,2.08,7,12,1759,2,2.13,27.4,91.2,25.4
080C26D483547943S1,AGM80_S1,3,2026-04-01,236.005,236.794,242.425,240.117,234.082,240.798,44.83,46.22,45.1,45.47,44.39,45.83,754.2,66.9,2.04,5,17,1927,2,2.12,30.2,89.6,23.2
080C26D587019430S1,AGM80_S1,4,2026-04-19,241.289,240.736,243.495,237.536,234.989,237.227,47.74,45.33,45.21,44.38,45.79,46.68,727.5,64.8,2.08,6,7,1892,2,2.13,25.4,82.4,25.0
080C26D370399052S1,AGM80_S1,4,2026-04-04,240.698,234.199,233.379,228.502,234.112,237.083,44.35,45.46,43.6,44.96,47.17,46.35,708.2,48.5,2.06,3,2,1598,3,2.12,25.5,86.4,21.0
080C26D399630787S1,AGM80_S1,2,2026-04-23,245.675,247.705,248.056,243.269,243.367,243.811,44.04,46.82,45.15,43.48,45.89,44.17,719.2,73.3,2.06,4,5,1666,5,2.11,23.9,92.2,27.7
080C26D266694113S1,AGM80_S1,3,2026-04-02,245.989,233.964,242.326,239.851,239.795,243.244,44.54,45.64,42.19,45.29,43.81,43.47,715.7,53.8,2.05,1,8,1352,3,2.08,25.0,85.9,19.4
080C26D068190207S1,AGM80_S1,4,2026-04-19,242.699,242.625,242.538,244.159,249.318,243.623,44.99,45.69,43.87,47.36,46.25,45.22,711.2,51.6,2.04,6,10,1368,2,2.07,23.0,87.6,18.6
080C26D134727998S1,AGM80_S1,2,2026-04-21,236.304,240.128,240.642,245.738,237.12,237.283,44.03,45.33,44.16,46.48,44.55,45.15,722.2,63.1,2.04,2,9,1253,3,2.11,24.3,83.8,23.7
080C26D977584832S1,AGM80_S1,3,2026-04-14,240.791,243.413,240.281,244.245,237.334,240.779,44.39,44.42,43.82,45.98,44.31,44.7,733.0,53.9,2.06,6,14,2234,3,2.07,19.0,93.8,24.8
080C26D177509273S1,AGM80_S1,5,2026-04-20,241.8,236.206,234.779,239.89,236.43,241.168,44.24,42.53,46.33,45.14,45.81,46.03,736.0,50.5,2.03,7,12,1912,2,2.12,20.3,94.4,28.1
080C26D307609960S1,AGM80_S1,3,2026-04-19,246.414,247.673,246.717,246.88,246.071,246.237,43.56,45.29,43.5,44.49,44.41,44.28,739.9,82.9,2.09,7,11,2039,1,2.09,25.2,86.2,24.3
080C26D537834921S1,AGM80_S1,4,2026-04-07,240.775,238.636,241.154,237.492,235.675,239.789,44.27,44.76,46.11,45.65,43.98,44.91,757.5,46.4,2.06,5,7,2132,3,2.09,27.7,93.4,28.6
080C26E663333676S1,AGM80_S1,2,2026-05-16,237.683,239.018,241.919,242.172,239.97,240.093,44.13,46.26,46.18,45.13,43.47,44.73,693.3,31.9,2.05,5,14,1689,2,2.09,21.1,91.5,21.3
080C26E810548957S1,AGM80_S1,3,2026-05-14,242.431,243.875,242.758,244.735,244.446,241.385,44.77,44.84,44.52,45.73,45.27,46.62,721.1,47.5,2.1,5,14,2111,3,2.09,25.7,85.7,24.7
080C26E435152024S1,AGM80_S1,3,2026-05-05,232.276,220.98,227.261,227.742,228.207,220.162,45.61,44.02,44.75,42.88,43.62,44.9,701.0,58.1,2.1,6,5,1839,2,2.08,26.1,85.5,18.8
080C26E608300070S1,AGM80_S1,5,2026-05-19,234.886,235.147,237.425,237.924,232.013,237.413,44.5,45.39,43.96,43.56,44.36,43.39,718.6,39.0,2.04,5,6,1935,3,2.11,29.6,100.0,24.6
080C26E596982434S1,AGM80_S1,3,2026-05-08,232.928,234.155,236.639,245.621,251.259,242.986,48.35,44.45,45.59,45.89,45.48,43.58,731.6,66.5,2.03,5,12,1654,3,2.09,25.7,85.0,24.2
080C26E519000036S1,AGM80_S1,2,2026-05-05,237.34,234.412,235.986,235.484,232.317,240.16,45.64,46.72,43.44,45.03,42.92,44.82,697.1,44.5,2.04,3,12,1794,2,2.11,29.2,96.5,25.2
080C26E539656074S1,AGM80_S1,2,2026-05-20,239.179,242.202,234.865,249.834,242.126,245.733,46.15,45.1,44.42,44.29,44.41,47.25,694.6,61.4,2.04,1,9,2039,2,2.18,33.3,90.6,26.1
080C26E741377248S1,AGM80_S1,3,2026-05-07,241.565,237.518,240.607,246.244,237.633,242.517,44.91,46.12,44.29,44.8,43.62,46.2,713.8,48.6,2.05,5,10,1652,4,2.05,23.7,91.7,19.5
080C26E139129056S1,AGM80_S1,2,2026-05-19,250.71,252.338,253.428,254.98,245.41,251.736,45.53,43.19,45.93,45.74,45.31,45.33,721.2,62.9,2.09,7,11,2081,5,2.07,21.8,87.3,27.6
080C26E107019583S1,AGM80_S1,3,2026-05-04,242.493,244.309,242.128,249.352,244.869,242.803,46.52,45.39,44.75,44.41,45.21,44.62,739.9,75.1,2.08,3,13,2184,3,2.06,20.8,87.7,21.4
080C26E501192084S1,AGM80_S1,3,2026-05-18,233.673,236.115,235.588,236.13,236.115,232.646,44.22,44.71,43.48,44.97,44.05,45.07,697.2,48.6,2.07,5,9,2136,2,2.15,25.9,93.7,23.6
080C26E422266927S1,AGM80_S1,1,2026-05-21,243.68,246.89,243.565,245.093,239.229,240.162,44.19,44.67,44.93,44.99,43.98,44.18,735.8,57.6,2.01,7,9,1077,4,2.14,26.6,92.8,24.7
080C26E668424594S1,AGM80_S1,5,2026-05-18,243.233,249.463,243.396,242.549,239.254,243.631,42.81,45.48,43.44,45.63,45.3,45.28,720.1,64.7,2.02,7,11,1389,1,2.04,27.5,91.1,21.2
080C26F384854379S1,AGM80_S1,3,2026-06-04,245.951,242.201,248.209,242.833,237.303,241.748,44.86,45.91,44.61,46.05,44.84,46.45,711.1,56.2,2.04,4,11,1947,3,2.12,22.7,90.2,23.1
080C26F345163022S1,AGM80_S1,1,2026-06-23,251.917,245.764,249.785,244.8,245.465,246.501,46.36,44.03,44.86,44.82,44.37,44.82,733.0,58.3,2.09,7,3,2033,3,2.11,23.2,94.5,21.0
080C26F985518032S1,AGM80_S1,2,2026-06-04,234.27,240.653,238.496,240.794,234.916,239.998,44.16,45.55,44.43,45.73,47.75,44.04,738.8,53.6,2.03,2,11,1590,3,2.13,24.1,92.3,19.9
080C26F134567637S1,AGM80_S1,4,2026-06-02,231.773,236.318,235.385,239.785,238.081,234.29,45.25,43.94,44.16,46.67,47.55,46.28,710.0,50.7,2.05,2,9,1649,2,2.06,24.4,84.0,24.9
080C26F488777411S1,AGM80_S1,3,2026-06-24,245.563,244.874,235.113,237.749,242.061,235.026,45.55,44.65,45.31,46.08,44.69,44.44,705.3,49.1,2.06,5,7,1616,4,2.09,29.2,86.8,32.0
080C26F037686302S1,AGM80_S1,3,2026-06-17,237.919,237.416,243.194,246.86,239.688,244.016,44.38,43.6,46.84,44.05,45.62,46.92,725.2,56.5,2.02,3,15,1574,4,2.12,32.0,98.1,26.3
080C26F201832999S1,AGM80_S1,5,2026-06-07,241.398,242.922,239.787,242.802,242.176,240.32,45.62,46.26,44.46,43.72,47.08,46.24,741.8,56.6,2.02,5,10,1520,4,2.11,23.5,84.7,24.8
080C26F159736104S1,AGM80_S1,4,2026-06-08,231.977,232.516,234.027,232.033,235.705,228.758,45.74,45.4,47.36,46.11,46.11,44.9,734.2,64.4,2.01,5,8,2154,2,2.09,24.7,84.9,25.9
080C26F367223195S1,AGM80_S1,2,2026-06-18,242.631,243.97,242.184,240.006,239.49,238.999,45.01,44.27,46.64,44.7,43.83,44.62,726.0,50.8,2.02,5,9,1345,3,2.12,27.8,89.3,25.0
080C26F788439257S1,AGM80_S1,5,2026-06-18,248.908,251.54,249.243,252.761,253.676,254.237,44.55,46.17,46.23,45.45,45.21,43.92,712.2,53.7,2.06,4,14,2034,4,2.1,26.0,92.9,25.8
080C26F004424405S1,AGM80_S1,3,2026-06-11,234.377,237.043,240.552,238.242,235.413,240.536,43.18,44.87,44.99,45.62,44.86,45.15,712.5,46.0,2.05,5,20,1357,1,2.06,29.1,94.2,25.0
080C26F789153353S1,AGM80_S1,3,2026-06-09,245.169,253.325,249.56,250.73,252.926,250.465,44.22,42.95,44.14,43.92,44.67,45.27,721.1,67.7,2.06,8,13,2019,3,2.14,27.6,94.4,29.8
080C26F407385451S1,AGM80_S1,2,2026-06-08,230.901,236.332,235.102,238.818,233.617,235.125,43.06,44.71,44.77,44.7,46.45,43.94,697.5,68.9,2.1,4,10,1866,3,2.12,29.1,94.1,31.1
080C26G439655232S1,AGM80_S1,2,2026-07-11,243.031,243.026,244.683,245.295,245.055,243.513,45.21,44.49,46.3,46.96,45.52,43.17,726.5,39.1,2.05,3,20,1564,3,2.09,26.4,90.8,32.6
080C26G092059595S1,AGM80_S1,1,2026-07-26,241.549,239.596,235.559,237.402,237.44,238.15,44.24,45.14,43.97,43.55,46.02,45.28,706.1,54.6,2.05,5,5,1477,3,2.11,22.5,82.9,25.1
080C26G070324948S1,AGM80_S1,3,2026-07-15,236.043,241.118,236.961,235.085,237.671,228.493,44.03,44.14,43.43,45.17,45.99,44.49,697.2,48.8,2.08,1,13,2234,2,2.14,28.1,91.0,28.2
080C26G136504665S1,AGM80_S1,2,2026-07-23,247.04,246.138,246.857,241.482,244.468,241.857,45.35,44.48,45.19,42.36,43.36,45.39,717.0,58.1,2.06,4,10,1755,3,2.06,30.0,80.0,26.5
080C26G934807537S1,AGM80_S1,3,2026-07-20,247.604,247.771,243.553,248.252,250.371,249.799,44.4,43.91,45.17,45.48,45.75,45.94,710.3,48.4,2.02,4,17,2078,4,2.06,27.3,90.1,25.1
080C26G096189180S1,AGM80_S1,1,2026-07-20,239.278,241.86,237.422,239.36,240.358,243.871,45.42,44.9,44.72,45.66,46.3,45.91,724.3,58.7,2.05,4,8,1715,3,2.08,24.3,89.0,28.1
080C26G555318829S1,AGM80_S1,2,2026-07-13,244.637,243.187,241.336,244.845,242.684,243.672,42.56,45.31,44.31,44.54,45.25,45.15,725.2,62.8,1.99,3,11,1233,2,2.14,20.7,88.7,25.1
080C26G629640468S1,AGM80_S1,1,2026-07-18,234.867,245.356,244.794,242.714,240.323,246.689,45.38,45.0,44.71,44.67,45.01,45.42,749.6,64.5,2.02,5,6,2210,2,2.1,26.1,88.4,27.3
080C26G594803977S1,AGM80_S1,3,2026-07-24,245.709,245.359,248.815,247.323,244.392,249.253,44.6,44.86,44.42,45.08,42.67,42.78,725.1,61.1,2.1,5,6,1330,4,2.07,28.5,86.7,20.2
080C26G486570334S1,AGM80_S1,3,2026-07-23,240.587,242.4,238.183,240.581,245.12,235.991,45.9,44.12,46.4,45.29,44.68,44.5,718.1,59.6,2.05,6,11,1543,2,2.08,24.0,81.2,26.4
080C26G390868781S1,AGM80_S1,4,2026-07-02,231.498,231.417,235.479,233.828,234.708,233.223,44.01,43.37,45.67,43.68,46.29,46.2,740.1,56.1,2.09,5,13,1920,2,2.13,27.8,85.2,29.4
080C26G313354221S1,AGM80_S1,4,2026-07-10,238.053,237.279,240.728,241.882,240.177,234.076,44.81,44.91,44.91,46.77,46.57,43.22,716.2,62.2,2.03,2,5,1952,3,2.1,28.2,80.3,23.8
080C26G389637368S1,AGM80_S1,2,2026-07-02,248.564,238.875,241.72,242.668,236.342,244.756,44.93,45.97,44.74,44.14,44.43,45.06,731.9,70.4,2.03,6,7,1409,3,2.1,27.8,88.2,23.5
080C26H360051953S1,AGM80_S1,4,2026-08-21,242.041,247.214,245.732,241.113,247.51,238.501,45.69,45.67,44.77,44.35,42.72,43.94,742.8,66.1,2.05,8,4,1991,3,2.1,24.5,80.1,25.5
080C26H393415680S1,AGM80_S1,1,2026-08-17,243.24,241.535,239.077,244.609,243.055,240.918,43.92,42.92,46.75,45.13,44.53,46.26,718.0,49.4,2.03,2,5,1520,5,2.07,21.1,94.4,27.7
080C26H246985099S1,AGM80_S1,3,2026-08-23,227.259,228.66,231.716,231.207,230.669,231.012,44.84,44.69,43.59,43.11,45.3,43.98,716.3,51.6,2.02,6,13,1861,1,2.09,28.5,86.4,23.0
080C26H476244452S1,AGM80_S1,2,2026-08-08,240.792,243.455,233.441,231.094,238.147,237.335,43.98,44.4,44.97,45.15,45.99,45.37,726.1,62.2,2.06,3,10,1517,2,2.08,25.9,85.7,23.5
080C26H285333008S1,AGM80_S1,3,2026-08-07,234.312,238.847,236.309,234.21,233.269,237.967,44.17,45.73,44.72,44.31,46.15,44.69,695.6,39.8,2.09,6,12,1604,3,2.14,22.6,96.3,27.9
080C26H018067003S1,AGM80_S1,2,2026-08-09,237.825,238.995,241.637,240.228,241.408,243.662,44.9,46.04,44.72,46.0,43.51,45.68,702.3,50.0,2.06,3,12,1644,2,2.04,23.2,88.0,18.7
080C26H871624232S1,AGM80_S1,3,2026-08-20,237.767,240.469,238.711,230.472,239.515,236.556,44.2,44.78,44.91,45.62,45.3,45.68,725.2,61.5,2.05,8,13,1510,2,2.1,21.1,83.6,23.8
080C26H827665983S1,AGM80_S1,5,2026-08-16,245.248,248.294,244.915,242.509,244.805,243.985,45.52,44.82,44.49,45.6,44.31,45.19,698.1,61.6,2.03,1,12,1667,3,2.06,22.5,84.5,26.9
080C26H925306720S1,AGM80_S1,2,2026-08-27,235.984,239.927,239.846,239.049,235.231,235.369,43.55,43.0,45.79,45.29,44.7,45.59,712.1,60.1,2.09,5,8,1385,3,2.14,26.1,88.4,24.2
080C26H789389591S1,AGM80_S1,2,2026-08-27,241.896,240.533,237.664,242.653,238.144,242.666,45.86,46.37,44.85,44.79,46.37,44.0,714.9,55.1,2.01,8,9,1985,3,2.14,26.7,91.5,29.1
080C26H922100717S1,AGM80_S1,5,2026-08-16,243.899,246.64,248.733,248.936,245.947,246.957,45.8,44.44,44.34,45.28,44.74,46.37,706.6,47.3,2.08,6,12,1281,3,2.1,30.7,90.4,24.2
080C26H167957527S1,AGM80_S1,3,2026-08-13,248.799,248.107,248.326,246.577,244.474,246.88,46.85,43.81,44.14,45.51,43.67,44.9,733.9,48.5,2.01,7,5,1772,3,2.11,29.2,83.7,23.7
080C26H270821335S1,AGM80_S1,3,2026-08-06,242.939,246.712,244.445,244.586,244.215,244.434,46.34,44.81,45.42,43.59,45.38,44.27,724.5,39.0,2.07,5,13,1973,4,2.1,22.3,97.6,28.3
080C26I565880983S1,AGM80_S1,2,2026-09-09,233.944,235.535,241.939,238.25,239.925,238.771,46.76,45.94,45.79,43.66,45.63,42.69,738.5,66.3,2.07,5,17,1828,1,2.07,26.1,84.5,29.2
080C26I833904587S1,AGM80_S1,5,2026-09-27,242.939,243.142,240.953,242.924,239.784,241.057,46.31,43.76,45.23,44.96,46.11,44.68,719.9,65.4,2.08,8,6,1659,4,2.05,25.7,94.4,21.7
080C26I041887537S1,AGM80_S1,4,2026-09-12,249.353,241.252,248.912,247.145,241.702,244.156,45.11,45.76,44.78,45.17,45.44,46.29,699.9,48.7,2.04,5,7,1494,3,2.13,23.9,91.4,22.1
080C26I763988962S1,AGM80_S1,2,2026-09-09,243.882,240.626,242.702,241.122,246.401,241.437,46.82,45.98,43.49,43.61,43.72,46.25,730.2,48.2,2.05,7,13,1637,2,2.08,31.5,98.5,29.1
080C26I160174595S1,AGM80_S1,1,2026-09-19,245.993,242.344,245.547,244.817,241.434,242.922,43.91,43.37,45.8,45.78,45.6,44.97,719.9,76.4,2.02,6,7,1760,2,2.15,22.7,80.0,29.3
080C26I504473715S1,AGM80_S1,4,2026-09-20,244.136,238.545,237.718,242.366,241.14,239.248,44.76,44.32,42.08,44.77,47.14,43.86,730.3,50.2,2.07,4,15,2078,2,2.09,21.4,92.1,24.3
080C26I873501873S1,AGM80_S1,4,2026-09-08,235.784,235.076,234.356,234.762,230.462,232.037,45.09,46.89,45.03,45.96,43.68,44.71,719.7,53.7,2.08,5,13,1700,3,2.06,23.3,89.5,23.9
080C26I032113098S1,AGM80_S1,1,2026-09-07,239.657,240.584,246.246,235.626,242.385,235.671,45.02,45.97,44.73,45.58,45.46,45.78,716.1,53.9,2.03,5,7,1471,3,2.06,25.6,91.7,22.6
080C26I779946851S1,AGM80_S1,4,2026-09-08,251.783,238.58,247.11,244.177,248.551,243.539,44.55,45.5,44.88,45.61,42.79,45.82,711.3,46.0,2.05,2,3,2079,3,2.1,27.0,93.7,21.3
080C26I588558467S1,AGM80_S1,3,2026-09-15,248.43,245.748,242.803,244.33,242.651,244.156,43.88,44.46,43.57,44.94,43.02,44.01,721.7,49.0,1.99,3,12,2397,3,2.05,24.0,95.0,20.3
080C26I577750535S1,AGM80_S1,3,2026-09-01,233.914,230.265,230.984,228.931,233.529,229.962,45.28,45.13,45.68,45.59,45.72,43.57,744.8,46.4,2.1,4,12,1885,3,2.13,21.9,93.5,26.4
080C26I335512262S1,AGM80_S1,1,2026-09-11,249.841,248.157,242.799,237.228,242.941,241.126,43.95,46.91,45.92,45.79,46.26,45.79,714.3,58.2,2.06,4,14,1983,2,2.14,28.3,89.6,27.2
080C26I979868493S1,AGM80_S1,3,2026-09-12,236.119,233.86,236.061,237.778,236.748,234.578,44.52,44.45,47.4,44.8,46.5,46.77,714.9,37.7,2.1,2,13,1706,4,2.09,21.7,90.4,25.1
080C26J188153810S1,AGM80_S1,2,2026-10-26,241.246,241.574,236.729,238.748,241.978,237.422,44.46,46.05,44.66,45.37,45.56,46.32,740.7,66.4,2.06,8,1,1472,1,2.09,28.2,83.7,18.9
080C26J761982622S1,AGM80_S1,2,2026-10-16,231.597,229.69,231.827,229.343,230.893,231.127,44.46,45.6,45.0,43.61,44.91,47.1,763.5,54.0,2.02,7,8,1478,3,2.15,24.4,89.9,22.8
080C26J895583109S1,AGM80_S1,5,2026-10-16,232.819,237.0,239.839,237.516,239.407,234.53,45.21,44.66,44.62,45.05,45.18,46.02,726.4,62.5,2.07,5,7,1858,2,2.16,25.5,93.4,23.8
080C26J330946785S1,AGM80_S1,3,2026-10-20,243.684,253.815,238.856,237.707,246.481,247.743,44.93,45.19,43.6,45.34,45.41,44.47,715.3,67.9,2.04,5,15,1524,2,2.08,21.6,90.3,21.2
080C26J185202354S1,AGM80_S1,3,2026-10-04,247.526,249.348,250.279,249.458,242.962,245.5,44.39,44.16,43.52,46.06,45.56,44.69,696.0,56.1,2.03,1,9,1911,2,2.14,27.5,88.9,28.1
080C26J222834926S1,AGM80_S1,1,2026-10-24,249.181,250.114,248.469,250.628,251.319,247.918,42.51,45.28,45.48,43.75,44.85,45.81,705.0,49.8,2.03,1,3,1626,4,2.13,23.6,92.4,25.3
080C26J850823328S1,AGM80_S1,3,2026-10-23,246.115,245.142,249.398,250.716,244.681,239.498,45.69,42.9,44.44,45.35,43.99,44.78,710.6,65.4,2.05,10,5,1689,3,2.14,28.4,90.9,25.7
080C26J399828049S1,AGM80_S1,4,2026-10-23,226.068,226.459,227.28,228.706,228.64,227.262,44.65,42.97,44.29,45.51,45.66,45.08,716.2,47.6,2.06,5,3,1900,2,2.07,25.3,85.0,21.3
080C26J132545576S1,AGM80_S1,3,2026-10-21,235.91,240.444,238.144,240.087,237.085,244.371,46.13,44.07,46.68,44.73,44.32,46.37,718.3,51.0,2.06,4,11,1462,4,2.1,27.5,86.9,26.8
080C26J509952857S1,AGM80_S1,2,2026-10-16,229.599,227.239,227.323,231.352,231.833,226.771,46.75,44.24,44.71,44.73,45.74,44.1,717.9,48.9,2.09,9,15,1537,4,2.12,31.2,90.6,19.8
080C26J621152827S1,AGM80_S1,3,2026-10-01,236.699,235.173,235.196,237.179,240.833,240.484,47.56,43.28,45.93,45.09,45.01,45.25,719.9,45.4,2.05,3,13,1797,2,2.08,22.3,92.2,25.6
080C26J550087687S1,AGM80_S1,3,2026-10-05,243.729,237.64,244.344,241.521,242.859,240.899,45.25,45.41,46.47,45.44,44.2,44.72,697.6,41.9,2.01,4,13,2250,4,2.1,28.1,89.0,31.4
080C26J936526469S1,AGM80_S1,3,2026-10-02,231.225,238.789,237.94,236.662,235.681,232.759,44.0,45.02,44.54,43.49,44.25,45.5,721.0,54.2,2.04,5,13,1594,3,2.09,29.0,90.8,26.6
080C26K433764025S1,AGM80_S1,3,2026-11-06,233.551,230.818,237.444,243.346,234.615,237.527,46.89,44.77,45.29,45.36,43.96,47.26,707.4,57.1,2.02,9,9,1770,2,2.1,24.1,93.2,25.6
080C26K331203856S1,AGM80_S1,3,2026-11-27,238.144,240.598,241.311,240.541,241.181,235.006,46.51,45.29,46.86,43.5,44.66,46.44,700.8,52.3,2.09,2,8,1423,1,2.06,27.3,84.8,25.2
080C26K588211462S1,AGM80_S1,4,2026-11-24,242.766,242.158,237.985,241.105,240.809,240.602,43.41,45.46,44.68,46.35,45.78,44.38,722.5,50.8,2.03,4,17,1633,4,2.08,23.1,93.3,21.4
080C26K759269272S1,AGM80_S1,2,2026-11-20,236.639,239.089,237.055,237.239,238.339,241.014,45.96,44.36,45.24,45.38,41.99,45.37,703.8,55.0,2.04,6,8,2108,4,2.14,28.5,91.8,23.4
080C26K624611406S1,AGM80_S1,2,2026-11-26,237.657,240.103,234.372,238.024,242.603,238.772,46.38,44.58,45.53,45.22,43.55,45.79,706.6,57.4,2.08,6,12,2191,3,2.14,22.8,85.8,27.6
080C26K631936422S1,AGM80_S1,4,2026-11-16,234.554,234.593,237.623,238.02,239.708,239.462,46.51,43.11,44.53,44.42,44.87,45.47,689.4,54.2,2.07,2,2,2100,4,2.14,32.3,89.1,27.1
080C26K713853244S1,AGM80_S1,5,2026-11-04,245.17,242.333,234.61,241.008,239.216,241.266,44.72,46.6,45.51,44.3,45.43,44.87,714.8,60.9,2.03,2,9,2058,3,2.13,23.3,100.0,26.9
080C26K317995189S1,AGM80_S1,1,2026-11-07,237.318,236.783,244.062,235.125,239.387,239.875,46.64,45.76,43.28,45.71,47.46,44.24,708.2,45.7,2.04,6,15,2361,4,2.09,23.4,87.6,27.0
080C26K003744639S1,AGM80_S1,4,2026-11-03,238.061,242.835,246.543,244.054,243.599,243.781,43.98,43.68,44.53,44.54,44.85,44.3,727.7,59.1,2.07,1,16,1560,1,2.09,28.7,95.8,24.2
080C26K105579850S1,AGM80_S1,5,2026-11-17,241.727,241.425,243.813,239.666,240.019,239.595,44.97,44.22,45.05,44.98,44.69,44.11,722.8,45.1,2.08,5,5,2004,3,2.08,24.4,92.6,25.2
080C26K903026776S1,AGM80_S1,4,2026-11-03,231.785,234.766,234.68,235.443,233.71,233.817,45.68,45.0,43.81,44.49,45.74,46.5,723.8,53.4,2.08,4,12,1138,4,2.1,26.7,89.2,23.3
080C26K574832270S1,AGM80_S1,2,2026-11-23,236.83,241.786,238.167,240.277,240.361,238.145,45.85,45.04,44.72,45.88,45.76,44.46,705.7,56.8,2.04,6,8,1608,3,2.12,28.0,87.0,27.4
080C26K870006912S1,AGM80_S1,4,2026-11-22,246.626,248.273,242.709,244.609,243.425,241.05,46.05,45.14,44.74,46.14,45.38,44.75,707.3,71.3,2.07,5,9,2076,3,2.06,24.2,87.9,24.2
080C26L068258891S1,AGM80_S1,3,2026-12-17,241.967,242.134,241.826,242.708,241.264,242.288,44.65,44.63,45.73,46.33,45.01,45.16,724.5,40.4,1.97,3,9,2490,2,2.12,24.0,92.2,29.9
080C26L449394047S1,AGM80_S1,3,2026-12-26,238.413,245.258,238.639,233.791,238.382,237.723,45.74,44.89,44.56,46.59,46.15,47.26,731.9,59.6,2.04,3,20,1345,4,2.09,24.3,92.8,23.3
080C26L253933781S1,AGM80_S1,5,2026-12-13,233.034,232.944,231.726,236.084,239.078,233.469,43.93,44.9,44.07,43.74,45.28,46.73,710.3,58.0,2.04,6,14,1720,2,2.1,24.8,99.8,27.4
080C26L985079660S1,AGM80_S1,3,2026-12-11,232.419,236.892,235.828,242.978,235.257,236.006,45.29,43.88,45.57,42.84,46.19,46.04,721.6,56.1,2.04,4,7,1280,1,2.08,29.4,90.6,19.5
080C26L950919816S1,AGM80_S1,4,2026-12-09,235.777,233.327,234.517,239.133,235.124,230.02,44.56,44.55,43.29,45.29,45.03,45.61,737.5,63.0,2.08,6,8,1964,2,2.09,26.9,95.0,28.0
080C26L498217826S1,AGM80_S1,2,2026-12-20,231.526,237.689,235.786,234.279,239.459,242.011,45.7,44.95,45.77,44.18,46.44,43.26,727.3,62.1,2.07,5,6,1949,4,2.07,22.7,90.7,24.5
080C26L258604860S1,AGM80_S1,4,2026-12-10,235.224,239.42,237.949,243.04,231.105,237.054,45.06,45.93,45.63,45.07,44.09,45.35,710.3,56.7,2.0,3,13,1421,4,2.09,26.0,89.4,25.0
080C26L909766350S1,AGM80_S1,2,2026-12-08,248.787,237.493,241.941,243.645,248.681,248.798,45.34,44.08,45.43,45.73,45.04,43.52,711.9,57.5,2.04,3,10,1871,6,2.09,22.3,89.3,21.8
080C26L724378005S1,AGM80_S1,3,2026-12-06,251.597,257.744,259.328,250.105,254.51,257.632,46.67,44.0,45.5,42.66,45.28,44.97,717.2,49.6,2.05,6,12,2067,3,2.08,20.5,90.9,27.6
080C26L192753952S1,AGM80_S1,2,2026-12-08,242.825,243.792,252.102,250.656,240.071,242.123,45.24,44.08,44.94,45.24,45.97,45.81,737.1,53.3,2.05,3,8,1467,3,2.07,30.2,92.4,20.4
080C26L954559062S1,AGM80_S1,3,2026-12-02,233.395,232.038,238.169,239.199,233.547,234.713,45.62,42.82,43.53,46.24,46.91,43.96,703.7,62.0,2.03,4,7,1502,5,2.1,26.7,88.3,25.1
080C26L619099270S1,AGM80_S1,1,2026-12-04,241.338,234.66,237.701,234.86,238.542,236.712,43.7,45.07,42.9,45.86,43.4,44.73,711.5,63.9,2.04,10,12,2713,3,2.07,19.4,87.5,22.9
080C26L889968351S1,AGM80_S1,4,2026-12-12,233.206,236.296,231.648,229.652,232.712,233.411,44.04,45.05,44.73,44.53,44.17,45.28,736.3,57.8,2.06,1,11,2354,4,2.15,27.8,85.6,25.9
080C26A525447441Y1,AGM80_Y1,5,2026-01-18,236.956,241.761,238.267,237.858,242.537,235.734,46.54,43.34,45.88,44.21,44.65,44.32,719.1,64.1,1.98,4,14,2363,3,2.12,22.1,84.9,27.4
080C26A878515980Y1,AGM80_Y1,2,2026-01-01,236.708,239.079,246.253,245.332,239.437,242.787,44.89,45.39,46.05,44.74,44.47,44.54,732.6,59.7,2.02,6,1,1500,3,2.07,21.8,89.9,25.2
080C26A269158240Y1,AGM80_Y1,4,2026-01-20,245.864,242.381,230.83,241.882,238.694,240.024,44.75,43.47,43.87,45.85,43.09,45.55,705.0,53.0,2.06,2,9,1747,3,2.13,28.9,90.7,26.1
080C26A044028946Y1,AGM80_Y1,3,2026-01-24,240.106,240.416,246.535,243.975,239.385,241.507,46.82,45.27,47.2,46.06,45.64,43.69,708.0,71.3,2.08,5,9,2143,3,2.11,31.4,88.9,22.8
080C26A616116518Y1,AGM80_Y1,3,2026-01-25,241.436,243.187,237.925,242.154,244.771,242.25,45.85,45.84,45.45,45.46,45.97,45.65,701.6,52.5,2.08,5,14,2263,4,2.01,22.8,91.2,22.0
080C26A226024713Y1,AGM80_Y1,3,2026-01-14,240.359,241.343,238.44,237.085,239.931,240.872,46.22,44.36,44.24,44.7,45.27,42.51,716.3,35.6,2.04,5,4,1831,4,2.1,26.2,100.0,24.8
080C26A532192642Y1,AGM80_Y1,1,2026-01-16,244.934,246.691,248.558,249.963,255.565,251.957,44.96,44.18,46.68,44.71,45.2,44.87,730.3,60.9,2.02,5,1,1999,4,2.12,21.9,87.4,25.3
080C26A231591046Y1,AGM80_Y1,2,2026-01-18,246.76,243.059,245.67,242.158,244.49,245.272,44.29,43.41,44.82,43.93,44.5,44.71,728.6,65.1,2.08,6,14,1729,4,2.08,26.4,90.9,24.8
080C26A647749085Y1,AGM80_Y1,2,2026-01-27,232.534,234.738,233.942,240.237,234.308,234.011,44.53,44.62,47.07,44.48,44.31,46.58,709.8,52.1,2.09,1,8,1874,3,2.12,28.4,80.0,24.3
080C26A444552338Y1,AGM80_Y1,3,2026-01-03,238.927,240.188,234.85,234.783,240.37,235.462,45.05,44.46,44.19,46.93,44.99,45.28,699.6,53.1,2.03,8,8,1354,3,2.14,29.5,96.3,20.3
080C26A053575867Y1,AGM80_Y1,3,2026-01-07,241.422,242.923,241.453,241.188,242.297,241.792,45.32,44.81,43.98,44.71,45.02,45.05,736.5,42.6,1.99,5,3,1203,3,2.12,27.4,88.4,20.7
080C26A683846948Y1,AGM80_Y1,3,2026-01-19,251.612,239.238,237.471,245.715,240.82,239.617,45.69,45.23,45.78,44.39,44.08,45.49,729.3,70.4,2.06,9,13,2010,2,2.14,22.9,92.6,27.4
080C26A271896136Y1,AGM80_Y1,4,2026-01-04,227.118,227.755,232.125,235.629,234.613,230.807,45.16,44.38,47.33,42.87,43.92,46.52,734.3,49.2,2.05,4,5,1964,3,2.14,24.3,94.5,24.4
080C26B634045144Y1,AGM80_Y1,2,2026-02-16,230.001,234.499,247.681,238.086,234.651,240.079,46.74,45.51,45.97,43.61,44.36,46.2,728.9,76.6,2.1,3,11,1450,4,2.11,26.7,87.4,21.3
080C26B086463854Y1,AGM80_Y1,3,2026-02-02,241.807,242.039,239.157,242.002,243.457,244.58,44.58,44.28,44.1,44.44,44.6,46.15,723.5,67.7,2.06,1,13,1633,4,2.1,21.5,85.9,28.2
080C26B743511592Y1,AGM80_Y1,3,2026-02-24,231.834,228.969,231.35,230.73,228.413,232.37,44.57,44.81,44.37,44.43,44.91,46.71,702.8,65.6,2.06,3,7,1980,4,2.03,22.1,87.8,24.6
080C26B355201047Y1,AGM80_Y1,2,2026-02-27,240.543,244.024,233.907,251.063,242.592,240.902,43.44,47.25,45.7,44.46,45.36,45.23,710.5,60.6,2.04,8,7,1753,3,2.11,26.6,91.6,27.1
080C26B742683866Y1,AGM80_Y1,4,2026-02-07,232.463,234.854,232.913,232.869,233.047,229.215,45.28,46.44,44.29,46.27,45.07,46.21,724.5,46.5,1.98,5,7,1749,2,2.1,24.4,100.0,24.6
080C26B247791689Y1,AGM80_Y1,4,2026-02-27,243.072,243.594,243.364,241.806,240.912,240.561,45.19,44.53,44.38,45.65,44.81,44.53,732.9,32.2,2.02,3,16,2197,2,2.12,26.1,92.2,27.4
080C26B550956670Y1,AGM80_Y1,3,2026-02-21,238.415,243.409,240.186,239.322,238.02,237.355,44.39,45.42,44.68,44.62,45.66,45.12,709.0,46.3,2.04,6,11,1712,3,2.12,23.3,89.8,21.6
080C26B353089829Y1,AGM80_Y1,3,2026-02-06,227.963,235.825,234.58,235.811,236.169,230.808,44.87,45.38,44.59,44.72,45.07,46.9,701.4,53.7,2.07,5,7,2238,4,2.06,26.3,88.3,23.5
080C26B523440153Y1,AGM80_Y1,2,2026-02-01,246.692,252.452,247.966,254.64,249.14,250.836,46.37,47.49,44.7,43.7,44.14,46.03,702.8,65.1,2.09,6,10,1295,2,2.07,23.5,82.0,22.8
080C26B257140068Y1,AGM80_Y1,2,2026-02-22,237.254,249.434,233.893,231.083,229.2,236.625,43.88,44.14,46.44,45.29,44.32,44.4,706.6,74.3,2.03,6,13,1636,2,2.11,21.6,89.3,29.0
080C26B814095119Y1,AGM80_Y1,2,2026-02-27,251.278,249.817,246.603,245.51,249.447,251.851,46.09,46.02,43.28,42.85,43.54,45.23,736.6,38.2,2.06,3,10,1478,3,2.08,24.6,87.9,27.1
080C26B104898475Y1,AGM80_Y1,2,2026-02-20,242.173,241.572,241.704,241.445,241.371,242.271,45.79,45.21,44.97,46.1,44.96,44.52,710.8,51.0,2.07,5,10,1877,4,2.1,24.9,88.9,21.3
080C26B504327036Y1,AGM80_Y1,2,2026-02-02,238.315,246.194,241.555,239.452,243.192,244.119,44.52,44.14,43.97,43.84,43.95,43.9,733.8,55.0,2.03,4,9,1369,4,2.13,30.2,94.0,24.0
080C26C019716048Y1,AGM80_Y1,4,2026-03-11,245.689,246.099,246.986,242.395,250.206,248.254,44.94,44.96,45.47,44.01,45.85,47.1,715.6,52.0,2.04,3,14,1869,4,2.09,27.4,90.5,26.5
080C26C118245466Y1,AGM80_Y1,3,2026-03-26,235.521,242.945,235.485,237.787,228.262,235.957,44.95,45.64,44.63,44.73,45.07,44.02,729.0,62.2,2.09,1,5,1667,3,2.13,21.5,89.0,22.0
080C26C655442292Y1,AGM80_Y1,3,2026-03-27,238.91,242.676,234.561,238.599,236.464,238.321,45.82,46.47,43.55,46.48,45.85,43.28,701.2,64.9,2.06,4,9,2038,5,2.16,23.3,93.0,23.8
080C26C171345012Y1,AGM80_Y1,2,2026-03-22,235.602,232.484,234.157,236.665,234.329,234.261,44.13,44.81,44.68,45.91,45.22,45.5,708.3,40.9,2.04,6,7,2588,2,2.12,25.7,95.1,27.3
080C26C083588307Y1,AGM80_Y1,3,2026-03-12,233.452,226.239,227.659,229.028,232.848,231.274,45.5,44.32,45.49,45.29,45.08,45.3,723.5,56.9,2.08,6,8,1524,4,2.11,20.8,93.6,23.1
080C26C330249520Y1,AGM80_Y1,4,2026-03-09,241.723,247.618,233.704,248.748,244.352,240.06,47.51,46.03,45.53,45.09,44.91,45.27,716.3,62.5,2.05,5,11,1458,4,2.16,26.3,89.0,25.5
080C26C200062488Y1,AGM80_Y1,3,2026-03-12,232.486,240.629,237.534,232.565,241.243,227.135,44.93,44.89,43.01,44.55,44.45,45.09,713.0,75.3,2.05,7,9,1677,3,2.09,26.5,85.3,22.2
080C26C473416212Y1,AGM80_Y1,2,2026-03-12,243.313,232.378,233.782,229.151,235.698,238.378,44.4,45.01,46.22,44.95,46.1,44.91,733.3,48.9,2.03,6,12,1553,3,2.1,23.2,98.7,24.7
080C26C406781508Y1,AGM80_Y1,3,2026-03-11,235.627,248.37,246.029,240.647,241.003,253.405,45.03,43.29,44.61,46.05,44.97,45.88,727.7,55.1,2.12,1,11,1871,2,2.09,24.6,80.0,25.4
080C26C971037756Y1,AGM80_Y1,5,2026-03-09,243.35,252.864,256.003,252.453,258.642,250.019,43.96,45.2,44.18,46.92,45.2,45.14,722.1,59.5,2.1,6,8,1809,2,2.08,25.7,88.9,29.4
080C26C487816095Y1,AGM80_Y1,3,2026-03-14,229.533,244.96,232.506,231.251,231.83,234.032,43.36,45.93,45.36,44.44,44.8,45.95,760.7,72.5,2.07,6,15,2105,5,2.12,23.6,87.8,26.7
080C26C220328291Y1,AGM80_Y1,4,2026-03-05,248.102,246.153,246.263,245.527,242.638,245.021,43.84,44.96,43.26,43.01,43.91,45.84,730.9,36.7,2.02,6,4,2075,3,2.07,23.4,94.8,23.1
080C26C519084914Y1,AGM80_Y1,1,2026-03-12,245.999,243.258,243.281,242.017,241.085,244.577,45.03,43.13,44.43,46.03,45.81,44.97,736.7,43.1,2.06,3,9,1908,4,2.1,25.5,89.0,26.8
080C26D511439734Y1,AGM80_Y1,2,2026-04-16,247.752,244.909,251.11,245.594,243.832,244.446,44.63,44.03,44.54,45.07,45.06,46.94,699.9,58.6,2.07,4,1,2328,2,2.1,26.3,80.1,23.2
080C26D931804976Y1,AGM80_Y1,4,2026-04-17,236.454,237.939,237.243,241.462,238.09,238.652,46.0,45.27,44.68,45.42,44.98,44.72,712.4,34.4,2.06,6,17,1799,2,2.09,28.3,90.6,21.8
080C26D136714643Y1,AGM80_Y1,1,2026-04-05,243.55,243.027,243.004,241.299,240.096,241.951,45.02,44.43,44.9,45.6,46.22,42.83,695.2,50.9,2.06,7,12,1936,2,2.1,27.7,93.5,26.5
080C26D066279743Y1,AGM80_Y1,1,2026-04-15,243.121,241.53,245.909,252.385,249.828,251.537,44.56,44.01,44.35,46.1,45.19,46.47,732.2,61.7,2.04,5,8,2203,4,2.13,23.5,82.3,22.2
080C26D127126749Y1,AGM80_Y1,2,2026-04-21,240.002,239.563,244.26,240.474,236.96,229.449,45.12,45.84,45.57,45.42,44.92,45.19,740.6,55.1,2.03,8,11,2173,4,2.11,26.6,99.0,26.1
080C26D797134198Y1,AGM80_Y1,4,2026-04-23,241.276,240.84,238.656,240.697,238.909,243.04,43.84,46.04,45.74,45.09,43.78,45.44,707.6,49.4,2.06,4,8,1530,2,2.13,28.9,92.2,21.6
080C26D214899959Y1,AGM80_Y1,2,2026-04-03,242.544,247.199,241.944,244.069,243.818,245.737,43.04,43.45,45.14,44.93,44.73,42.52,724.5,54.7,1.99,8,5,1776,4,2.1,27.2,84.9,21.8
080C26D359293881Y1,AGM80_Y1,4,2026-04-04,246.224,239.978,245.502,240.899,240.682,240.883,45.81,43.66,43.98,43.36,46.37,45.52,736.3,48.0,2.04,4,14,1499,3,2.09,22.3,86.9,23.6
080C26D275109652Y1,AGM80_Y1,3,2026-04-07,243.542,243.284,235.39,241.13,243.344,242.454,45.96,45.25,44.88,44.33,45.46,44.68,707.3,55.5,2.07,7,16,1983,2,2.1,26.3,88.1,28.1
080C26D275531939Y1,AGM80_Y1,5,2026-04-14,238.937,234.715,246.05,236.281,242.643,244.355,45.18,46.93,44.36,46.09,44.73,46.12,708.4,66.9,2.11,1,6,1702,4,2.09,24.9,89.3,23.2
080C26D907252782Y1,AGM80_Y1,3,2026-04-16,247.172,249.806,248.462,248.395,244.535,245.726,45.49,46.04,44.35,46.91,43.85,45.87,703.9,59.6,2.05,6,10,2416,4,2.08,21.4,86.2,28.7
080C26D739844607Y1,AGM80_Y1,2,2026-04-15,237.466,238.167,235.439,235.329,235.513,233.99,44.69,42.93,45.06,43.05,46.43,45.13,701.1,58.2,2.03,5,3,1761,2,2.08,22.5,97.2,28.5
080C26D435914070Y1,AGM80_Y1,1,2026-04-01,239.288,241.396,240.222,238.371,239.852,238.951,46.05,43.0,44.77,44.93,46.07,45.1,705.7,40.5,2.03,5,9,2193,4,2.06,28.2,93.7,23.3
080C26E662179560Y1,AGM80_Y1,3,2026-05-13,247.995,242.736,240.704,247.302,247.228,244.778,45.94,44.87,45.57,44.32,44.15,46.45,729.8,58.3,2.04,6,11,1647,2,2.1,19.3,94.9,24.4
080C26E258951455Y1,AGM80_Y1,2,2026-05-21,241.884,237.374,237.178,241.088,238.744,240.889,44.8,45.2,47.23,45.33,46.34,46.3,708.4,69.7,2.01,5,3,2193,3,2.09,22.2,80.0,26.0
080C26E936170779Y1,AGM80_Y1,3,2026-05-10,239.118,238.396,236.392,237.765,237.352,235.838,44.44,45.19,45.29,43.74,43.79,46.25,716.0,33.6,2.05,4,8,2077,3,2.13,23.9,87.8,20.3
080C26E855097460Y1,AGM80_Y1,2,2026-05-10,230.273,234.403,230.315,229.377,235.586,238.229,45.5,44.31,43.98,45.19,45.3,44.5,747.8,52.4,1.99,4,12,2204,4,2.14,26.7,91.1,26.3
080C26E537906211Y1,AGM80_Y1,2,2026-05-26,235.718,238.327,236.12,235.435,234.912,236.802,44.63,45.13,43.33,45.87,45.66,43.94,732.1,53.5,2.08,3,14,1819,1,2.11,19.9,92.5,22.9
080C26E111456189Y1,AGM80_Y1,1,2026-05-12,235.221,230.908,227.963,224.395,233.135,229.309,44.68,45.74,45.38,45.28,45.14,45.42,732.9,57.0,2.02,5,12,1727,2,2.11,25.9,90.0,24.5
080C26E065076928Y1,AGM80_Y1,2,2026-05-10,242.002,237.543,240.14,240.076,238.337,241.765,46.8,44.67,44.94,44.36,46.02,45.66,729.8,56.3,2.01,1,20,1222,3,2.1,28.4,95.3,19.1
080C26E687200264Y1,AGM80_Y1,4,2026-05-16,238.252,243.238,234.746,238.529,236.587,240.935,45.01,45.49,44.87,44.1,46.06,46.66,737.3,64.8,2.05,5,5,1913,1,2.09,26.2,91.3,22.9
080C26E318059167Y1,AGM80_Y1,3,2026-05-21,238.092,236.754,242.88,240.16,241.782,240.022,43.98,44.28,44.75,44.93,44.09,43.61,692.2,53.0,2.03,8,14,950,4,2.08,21.9,85.4,24.9
080C26E921850505Y1,AGM80_Y1,2,2026-05-20,245.132,245.123,243.674,243.011,242.221,246.881,45.48,44.36,43.98,47.16,43.7,45.67,698.3,52.3,2.03,5,9,2059,3,2.03,26.1,87.0,26.4
080C26E023251890Y1,AGM80_Y1,3,2026-05-09,236.888,242.062,233.099,239.343,237.134,232.009,44.24,44.28,44.58,45.38,44.93,46.21,740.5,63.8,2.03,7,15,2258,2,2.09,27.8,93.6,21.2
080C26E746869883Y1,AGM80_Y1,4,2026-05-14,240.368,242.57,242.571,241.537,239.146,241.028,44.46,43.45,43.58,45.96,45.77,45.89,718.6,56.5,2.11,4,12,1975,2,2.11,22.7,96.6,22.6
080C26E666716184Y1,AGM80_Y1,4,2026-05-21,247.468,236.101,242.826,241.639,238.188,238.53,45.68,44.59,46.26,45.69,45.92,45.83,714.8,63.7,2.06,6,15,1637,4,2.12,24.5,84.3,25.2
080C26F494050722Y1,AGM80_Y1,2,2026-06-19,231.302,238.957,235.037,238.493,234.965,239.472,45.84,45.67,44.94,44.59,45.16,45.14,697.6,50.8,2.06,3,15,1425,4,2.09,24.9,95.2,27.0
080C26F291202873Y1,AGM80_Y1,2,2026-06-02,243.463,243.213,240.142,240.12,241.078,240.526,45.02,42.62,44.37,41.64,44.66,46.04,711.3,42.6,2.04,3,13,2270,3,2.06,23.2,87.1,19.6
080C26F630370724Y1,AGM80_Y1,2,2026-06-10,244.124,245.955,247.707,248.215,239.676,240.626,45.72,45.28,46.28,44.28,45.26,45.51,728.4,48.6,2.09,7,7,1885,2,2.1,25.6,96.9,24.2
080C26F185124429Y1,AGM80_Y1,3,2026-06-22,244.477,243.687,231.835,241.944,240.312,245.206,45.85,43.99,44.46,45.58,44.16,44.55,700.4,60.6,2.04,6,13,2094,1,2.13,22.9,94.1,28.4
080C26F896460201Y1,AGM80_Y1,2,2026-06-23,243.512,234.548,236.105,236.999,241.195,238.803,44.48,45.91,45.33,45.51,45.22,43.22,731.3,62.1,2.05,4,1,1903,4,2.07,21.9,95.0,29.1
080C26F983238521Y1,AGM80_Y1,4,2026-06-20,234.778,234.391,238.057,239.942,235.469,241.775,45.67,45.86,43.7,44.74,42.81,44.91,716.3,70.5,2.06,3,8,1455,3,2.05,23.4,80.0,23.6
080C26F264265289Y1,AGM80_Y1,3,2026-06-04,239.538,237.121,237.823,239.425,241.778,238.891,45.8,43.52,46.48,44.52,45.53,44.26,706.5,46.7,2.08,6,11,1623,5,2.11,27.1,87.6,30.2
080C26F309625549Y1,AGM80_Y1,3,2026-06-23,248.663,250.158,245.703,242.848,248.692,246.06,45.25,46.04,45.3,44.63,44.57,45.5,719.7,71.4,2.0,5,9,1599,3,2.06,26.6,96.7,21.4
080C26F564955092Y1,AGM80_Y1,4,2026-06-20,239.25,243.554,237.655,236.848,245.54,242.991,45.38,43.8,44.94,45.77,45.8,45.9,742.2,70.6,2.08,6,9,1941,2,2.12,28.1,88.3,23.5
080C26F109948227Y1,AGM80_Y1,3,2026-06-21,239.362,235.825,232.017,235.365,231.293,240.97,45.47,45.99,44.96,42.61,45.2,44.53,709.2,68.9,2.04,6,10,1611,4,2.11,26.7,80.0,27.6
080C26F374459568Y1,AGM80_Y1,2,2026-06-16,234.265,245.594,242.309,234.192,232.714,238.678,45.4,46.47,44.55,45.64,45.34,43.88,740.6,56.5,2.06,9,10,1865,2,2.14,24.0,91.3,22.4
080C26F418094370Y1,AGM80_Y1,3,2026-06-05,251.644,249.18,243.661,239.471,245.114,238.372,44.36,45.1,45.15,45.55,43.38,46.06,726.9,63.6,2.03,10,10,1854,2,2.09,26.2,90.2,24.9
080C26F330126458Y1,AGM80_Y1,3,2026-06-13,242.603,246.506,245.943,230.386,242.874,237.521,45.64,44.97,45.0,43.91,45.72,44.62,720.9,76.9,2.03,8,11,2048,3,2.1,25.6,86.8,23.6
080C26G051700935Y1,AGM80_Y1,3,2026-07-13,229.097,234.781,221.836,231.927,235.712,223.478,46.33,44.28,44.06,44.99,45.62,45.52,704.3,70.8,2.02,3,14,2173,4,2.07,25.0,88.8,23.1
080C26G143957126Y1,AGM80_Y1,1,2026-07-11,226.369,232.439,232.962,225.817,227.474,228.627,44.23,44.65,44.66,45.69,45.49,45.21,702.7,55.5,2.07,4,7,2048,3,2.08,25.5,93.1,31.4
080C26G895450413Y1,AGM80_Y1,2,2026-07-22,236.878,237.726,228.257,239.196,238.821,243.036,41.96,44.67,44.68,44.61,45.31,46.13,742.1,55.2,2.09,6,3,1817,2,2.12,26.1,91.8,25.1
080C26G579143950Y1,AGM80_Y1,3,2026-07-22,239.21,241.924,243.865,246.251,244.167,239.5,45.96,46.9,44.74,45.35,43.6,43.77,730.8,65.1,2.07,7,12,1633,3,2.12,29.8,90.8,23.1
080C26G225511410Y1,AGM80_Y1,3,2026-07-05,225.833,234.658,230.787,240.795,234.279,230.224,45.35,47.54,45.2,45.42,45.66,45.66,731.6,49.0,2.05,2,19,1364,4,2.09,30.1,92.5,22.4
080C26G561618275Y1,AGM80_Y1,1,2026-07-14,231.914,228.108,231.13,236.305,227.996,224.876,46.75,45.51,44.19,43.82,44.02,46.66,721.3,54.1,2.1,7,2,1856,3,2.1,23.8,88.7,22.9
080C26G866348455Y1,AGM80_Y1,5,2026-07-16,227.791,231.129,232.987,234.888,234.974,233.603,45.82,45.98,44.35,44.85,45.79,46.3,705.5,59.1,2.04,2,9,2025,3,2.09,18.5,91.7,25.2
080C26G835665804Y1,AGM80_Y1,1,2026-07-21,232.301,238.171,240.14,230.25,237.262,234.592,45.65,44.83,46.76,45.8,46.27,44.77,729.8,64.0,2.09,5,10,2126,4,2.09,28.5,82.2,23.0
080C26G153940947Y1,AGM80_Y1,1,2026-07-07,239.658,239.463,236.176,232.95,232.573,238.684,43.95,45.78,47.32,44.36,46.28,43.46,706.4,58.8,2.02,6,12,2525,2,2.07,24.0,91.8,29.2
080C26G612121572Y1,AGM80_Y1,1,2026-07-13,244.335,243.779,243.997,242.514,244.708,243.349,44.3,44.37,45.75,45.11,45.9,45.16,716.2,29.7,2.05,3,6,2212,5,2.16,27.1,96.7,27.4
080C26G222873324Y1,AGM80_Y1,1,2026-07-06,238.757,239.065,237.652,237.847,239.844,237.555,45.97,44.62,45.69,46.83,45.46,45.98,714.3,47.5,2.06,5,9,1688,2,2.11,24.7,82.2,26.5
080C26G381620383Y1,AGM80_Y1,2,2026-07-01,237.757,236.94,237.902,243.172,241.153,238.751,43.72,45.9,45.99,44.77,44.13,45.5,724.2,73.5,2.02,2,16,1465,5,2.09,26.5,80.6,26.7
080C26G580927133Y1,AGM80_Y1,4,2026-07-06,246.757,250.761,250.376,250.121,248.059,250.23,43.64,45.38,43.72,46.03,45.6,43.59,700.7,48.7,2.05,5,7,1775,3,2.11,27.2,87.4,28.4
080C26H190149784Y1,AGM80_Y1,4,2026-08-21,242.174,232.656,237.25,237.559,242.71,245.884,44.53,45.48,44.56,45.58,45.21,44.22,720.3,66.4,2.02,5,15,1885,1,2.11,22.8,93.4,28.0
080C26H139319716Y1,AGM80_Y1,3,2026-08-06,238.015,239.471,236.769,234.363,236.381,239.663,45.57,43.46,44.21,45.48,44.42,45.28,763.9,65.8,2.01,3,12,2105,5,2.12,23.6,82.6,24.7
080C26H267831645Y1,AGM80_Y1,4,2026-08-06,246.965,246.565,246.781,245.012,240.938,242.066,44.44,44.49,45.94,47.11,44.29,46.07,707.2,51.7,2.02,8,13,2074,2,2.08,20.2,93.4,26.3
080C26H671672352Y1,AGM80_Y1,5,2026-08-09,232.081,230.435,232.927,231.461,236.503,231.729,44.13,43.9,45.09,43.22,44.29,43.72,721.2,49.2,2.05,3,3,1830,2,2.09,20.4,91.9,21.0
080C26H260859579Y1,AGM80_Y1,3,2026-08-19,237.289,235.985,238.782,237.489,233.383,234.854,43.87,45.09,46.08,43.58,44.84,43.94,740.6,64.2,2.05,7,5,1734,2,2.1,29.1,85.1,24.5
080C26H709475129Y1,AGM80_Y1,2,2026-08-24,242.463,237.554,239.782,236.594,241.229,246.223,44.85,42.85,46.52,44.88,44.41,45.46,723.9,55.5,2.02,5,16,1931,3,2.09,26.6,89.3,21.1
080C26H971615759Y1,AGM80_Y1,3,2026-08-22,241.297,248.086,243.034,243.559,242.887,240.344,46.09,45.79,44.93,44.61,46.16,45.53,705.2,41.8,2.03,4,15,1958,4,2.12,25.4,98.6,25.3
080C26H404334584Y1,AGM80_Y1,3,2026-08-19,240.771,239.749,244.139,243.229,239.168,239.127,44.89,45.0,44.24,44.3,45.62,45.26,728.5,62.6,2.12,3,10,1422,2,2.08,21.4,89.1,23.5
080C26H757764632Y1,AGM80_Y1,2,2026-08-10,239.686,241.036,244.337,246.894,242.334,243.107,46.36,45.02,44.35,46.25,46.31,44.37,727.9,63.0,2.03,5,16,1760,3,2.08,20.0,94.6,20.1
080C26H352109037Y1,AGM80_Y1,3,2026-08-20,242.348,249.726,246.278,245.331,244.508,241.169,46.1,45.49,45.9,45.05,45.28,44.71,725.9,45.2,2.01,6,6,2253,3,2.03,27.2,98.1,25.6
080C26H837383745Y1,AGM80_Y1,4,2026-08-01,249.393,244.93,244.664,245.376,249.872,244.333,43.89,45.33,45.57,46.02,45.9,42.78,714.5,66.8,2.0,6,11,1770,3,2.13,24.4,84.2,24.2
080C26H637143590Y1,AGM80_Y1,2,2026-08-22,248.391,253.091,248.163,247.491,249.198,248.035,45.0,45.86,46.47,45.26,44.65,45.72,729.6,48.6,2.05,3,15,1483,3,2.01,28.7,93.4,20.4
080C26H623989911Y1,AGM80_Y1,2,2026-08-25,229.882,224.258,231.421,228.659,237.532,225.985,44.46,44.83,43.41,43.17,44.3,43.69,703.3,66.5,2.07,6,15,1918,2,2.11,25.2,88.5,26.3
080C26I382712250Y1,AGM80_Y1,3,2026-09-11,249.198,249.673,249.274,247.559,249.162,249.45,43.09,45.2,46.26,46.75,44.35,44.71,727.1,52.9,2.06,3,3,1518,2,2.11,25.1,87.1,28.1
080C26I621994035Y1,AGM80_Y1,4,2026-09-13,242.686,241.764,243.778,239.283,238.149,238.695,45.94,45.88,46.04,44.59,45.61,46.32,700.6,54.1,2.11,6,15,1462,4,2.04,23.2,93.3,19.9
080C26I848176617Y1,AGM80_Y1,5,2026-09-05,247.835,249.517,247.18,246.594,245.752,244.632,44.82,45.2,44.07,43.97,44.02,45.59,697.3,43.0,2.1,6,10,1333,3,2.1,23.6,91.7,27.6
080C26I418940310Y1,AGM80_Y1,4,2026-09-27,231.192,229.698,227.83,237.072,232.104,240.707,45.64,44.76,45.73,43.44,42.97,45.26,734.6,49.0,2.05,7,12,1770,2,2.05,30.1,85.3,27.7
080C26I050068154Y1,AGM80_Y1,3,2026-09-10,247.168,245.525,245.585,245.724,248.135,250.27,45.55,45.46,46.07,44.08,44.42,44.11,722.6,54.1,2.06,2,17,1548,2,2.14,25.7,100.0,20.5
080C26I670965777Y1,AGM80_Y1,5,2026-09-03,244.167,243.112,237.858,242.834,242.588,238.162,45.11,46.35,44.67,45.0,45.27,47.92,702.7,50.4,2.06,3,15,1766,5,2.1,26.2,92.5,20.6
080C26I776656021Y1,AGM80_Y1,3,2026-09-01,238.351,237.781,240.167,239.442,238.751,243.22,45.5,45.63,47.37,44.16,45.16,45.67,724.0,54.5,2.08,5,7,1838,1,2.08,27.9,89.3,27.7
080C26I906165235Y1,AGM80_Y1,5,2026-09-24,232.423,232.944,234.265,230.65,238.185,236.204,44.21,45.55,44.76,43.01,45.3,46.59,741.2,52.8,2.06,1,10,1671,3,2.14,17.5,84.8,24.7
080C26I063610678Y1,AGM80_Y1,2,2026-09-08,247.539,250.915,249.215,247.452,250.256,242.721,45.21,45.33,45.67,44.85,45.2,47.65,687.1,70.0,2.08,5,1,1713,4,2.07,27.8,81.1,27.5
080C26I247210618Y1,AGM80_Y1,4,2026-09-07,242.829,241.64,243.461,243.84,241.501,242.062,44.96,44.15,44.99,44.48,42.65,46.06,738.0,42.1,2.07,9,11,1845,3,2.12,27.1,87.8,29.6
080C26I920376095Y1,AGM80_Y1,3,2026-09-19,244.564,245.093,243.895,246.181,243.909,242.132,45.54,44.13,44.81,45.6,43.59,43.37,737.7,68.9,2.01,6,11,868,2,2.12,26.2,86.2,29.9
080C26I680964150Y1,AGM80_Y1,3,2026-09-14,233.392,227.023,225.463,231.061,229.621,233.434,43.64,45.88,44.7,44.25,43.23,44.53,733.5,55.9,2.05,8,11,1143,4,2.13,26.1,93.4,27.3
080C26I238549104Y1,AGM80_Y1,3,2026-09-11,238.947,234.636,235.232,238.326,238.302,237.095,43.96,43.77,42.81,43.35,44.89,45.57,717.8,64.1,2.03,4,6,1590,4,2.14,27.4,86.3,30.3
080C26J327479194Y1,AGM80_Y1,3,2026-10-13,237.82,234.835,236.947,240.059,235.425,239.033,44.61,43.67,44.41,45.66,45.82,44.47,709.8,58.0,2.01,3,6,1801,2,2.08,26.1,95.2,23.0
080C26J294041708Y1,AGM80_Y1,2,2026-10-22,221.223,224.599,227.868,220.834,221.512,223.892,44.95,45.05,44.9,42.25,46.02,43.86,730.0,53.5,2.06,5,8,2124,2,2.1,24.0,94.4,26.8
080C26J907315232Y1,AGM80_Y1,2,2026-10-27,239.289,240.629,237.47,239.111,240.541,241.638,45.13,44.91,45.47,45.38,46.34,44.95,721.0,61.7,2.03,3,6,2075,3,2.02,27.6,80.0,19.7
080C26J360305461Y1,AGM80_Y1,4,2026-10-21,235.969,227.214,238.866,231.337,240.734,229.265,44.82,45.06,44.87,45.86,46.49,44.62,732.8,57.9,2.07,7,13,1192,3,2.04,26.2,94.7,23.1
080C26J165751317Y1,AGM80_Y1,5,2026-10-04,236.46,235.621,234.427,237.606,243.247,240.786,45.87,46.68,45.14,43.72,45.9,46.75,741.4,46.2,2.02,6,11,1916,3,2.16,26.2,96.8,25.2
080C26J281342235Y1,AGM80_Y1,3,2026-10-09,242.036,239.708,240.324,243.163,239.377,244.735,43.75,44.37,45.17,46.16,45.3,46.03,716.8,55.3,2.01,7,8,2294,2,2.12,24.6,91.2,27.0
080C26J110217349Y1,AGM80_Y1,2,2026-10-22,236.453,237.709,236.106,234.598,235.604,234.827,45.46,45.94,45.01,44.33,43.84,45.63,721.7,35.1,2.1,7,16,1446,5,2.14,26.6,96.4,29.6
080C26J419967132Y1,AGM80_Y1,3,2026-10-26,239.169,242.967,244.612,243.799,241.557,242.809,43.26,44.43,44.92,44.02,43.84,44.92,727.5,58.6,1.99,8,7,1421,4,2.09,24.5,87.0,27.6
080C26J148068881Y1,AGM80_Y1,4,2026-10-09,241.54,229.105,231.256,233.901,234.993,226.666,43.04,45.48,45.28,45.33,44.88,45.78,738.5,78.5,2.08,7,16,1996,3,2.07,23.9,94.0,17.9
080C26J695398037Y1,AGM80_Y1,2,2026-10-07,238.514,232.924,235.653,235.911,237.415,238.161,46.12,45.75,44.72,44.5,45.61,44.83,718.1,44.6,2.06,1,10,2162,2,2.12,25.6,95.2,21.3
080C26J098307255Y1,AGM80_Y1,3,2026-10-07,235.438,237.768,236.33,240.014,235.599,235.848,45.33,46.62,45.42,45.5,43.37,44.53,704.2,60.2,2.08,5,11,2106,3,2.12,24.4,87.2,25.6
080C26J694609573Y1,AGM80_Y1,3,2026-10-11,237.413,241.506,234.336,238.151,238.38,236.502,45.11,43.97,46.68,45.83,45.06,45.91,739.1,42.8,2.05,2,12,1837,3,2.16,30.1,97.0,25.7
080C26J625949881Y1,AGM80_Y1,3,2026-10-27,241.798,241.296,240.148,244.043,231.84,239.048,47.44,44.87,45.39,45.53,44.33,45.17,703.2,71.5,2.07,5,9,1742,2,2.13,24.3,88.3,25.0
080C26K495785063Y1,AGM80_Y1,2,2026-11-17,240.146,239.713,240.235,240.772,237.548,237.984,45.13,45.3,45.03,46.02,45.47,44.07,743.9,51.3,2.0,5,14,1809,3,2.1,28.1,92.2,25.0
080C26K229357362Y1,AGM80_Y1,2,2026-11-24,234.514,235.157,241.064,236.6,239.989,237.623,45.42,45.4,44.64,44.98,45.13,45.15,723.4,54.7,2.03,1,11,2022,3,2.08,24.3,86.1,21.2
080C26K669889311Y1,AGM80_Y1,3,2026-11-26,234.32,239.039,241.51,232.236,241.065,238.503,45.36,44.54,42.99,45.65,42.92,44.38,736.1,64.1,2.06,6,9,2057,3,2.1,26.3,85.0,24.4
080C26K627569487Y1,AGM80_Y1,3,2026-11-18,230.17,232.849,229.058,233.629,235.976,232.123,46.04,46.14,44.35,45.01,44.61,44.53,736.2,40.4,2.03,4,16,1799,3,2.09,26.5,100.0,19.8
080C26K535010040Y1,AGM80_Y1,3,2026-11-24,239.07,236.216,232.034,235.408,233.293,234.955,44.64,44.21,44.99,46.14,45.6,44.8,733.2,73.6,2.03,6,15,1335,4,2.1,25.7,86.0,25.5
080C26K565581370Y1,AGM80_Y1,1,2026-11-03,235.252,231.885,235.487,232.04,231.907,233.895,44.4,44.59,44.52,45.43,45.91,45.14,727.4,56.8,2.08,5,16,2095,4,2.14,24.4,89.1,27.3
080C26K447393606Y1,AGM80_Y1,4,2026-11-08,236.543,239.876,244.588,236.209,241.517,241.258,44.95,46.01,45.29,43.95,43.68,45.38,719.7,60.8,2.05,7,14,2060,4,2.11,22.5,80.0,27.5
080C26K742258612Y1,AGM80_Y1,4,2026-11-08,239.921,239.756,239.273,238.176,242.257,240.914,44.78,44.51,44.52,43.64,46.12,45.73,712.9,44.7,2.09,6,9,1782,3,2.11,23.1,90.9,18.5
080C26K643479207Y1,AGM80_Y1,3,2026-11-06,242.473,247.393,244.944,242.432,246.047,248.507,45.35,45.1,44.0,45.08,45.62,45.13,726.7,47.0,2.03,4,11,1697,4,2.12,29.9,91.4,21.8
080C26K425097535Y1,AGM80_Y1,4,2026-11-08,231.171,241.21,236.711,233.35,235.043,236.897,45.52,44.57,43.43,44.05,45.1,44.65,730.2,56.2,2.05,6,8,1763,2,2.09,23.4,87.4,21.1
080C26K570899473Y1,AGM80_Y1,3,2026-11-11,239.502,233.987,236.742,237.585,238.692,235.883,46.33,46.0,44.01,44.63,44.19,45.15,725.2,52.3,2.09,8,10,1616,2,2.13,29.2,84.0,19.2
080C26K341185415Y1,AGM80_Y1,2,2026-11-08,238.963,241.781,242.684,235.663,238.221,235.522,45.59,44.7,45.29,47.26,45.51,44.58,689.2,61.9,2.05,7,16,1755,2,2.1,26.1,89.6,21.2
080C26K019170686Y1,AGM80_Y1,5,2026-11-08,242.326,246.827,240.252,244.086,236.702,248.566,46.36,45.63,44.09,43.3,45.33,45.12,723.9,57.6,2.07,5,8,2095,3,2.06,26.7,91.6,23.5
080C26L524091867Y1,AGM80_Y1,2,2026-12-16,240.91,235.986,233.078,241.504,232.79,237.175,44.19,45.71,44.55,42.88,44.46,44.02,701.3,60.5,2.09,3,7,1779,4,2.11,27.8,88.4,17.6
080C26L217633697Y1,AGM80_Y1,2,2026-12-09,240.522,237.843,239.982,239.498,245.793,243.273,44.59,46.62,46.53,44.86,43.16,44.41,712.5,65.3,2.01,5,11,2084,3,2.12,24.4,93.7,31.3
080C26L394460374Y1,AGM80_Y1,3,2026-12-03,239.3,233.867,238.465,236.785,240.024,240.207,45.47,43.01,42.88,44.55,47.14,44.9,723.3,68.5,2.01,6,15,1728,3,2.15,27.4,82.2,24.9
080C26L543052855Y1,AGM80_Y1,2,2026-12-09,237.424,237.557,239.561,236.307,237.785,236.235,45.93,45.98,44.56,45.3,44.95,43.3,739.1,44.1,2.06,9,11,2096,3,2.06,25.0,91.9,25.4
080C26L576313041Y1,AGM80_Y1,3,2026-12-27,239.605,238.256,242.8,239.772,237.872,240.649,45.35,43.89,46.34,44.95,43.26,44.34,737.5,42.3,2.04,4,11,2075,3,2.09,23.4,92.1,25.7
080C26L930343074Y1,AGM80_Y1,4,2026-12-10,236.578,241.967,238.549,238.202,241.057,241.665,45.57,45.57,45.34,46.11,44.64,46.22,745.5,53.4,2.09,3,3,1716,3,2.05,22.2,87.5,25.8
080C26L973569381Y1,AGM80_Y1,4,2026-12-11,235.657,234.697,231.383,235.866,239.506,234.58,46.79,45.53,44.37,44.09,46.13,46.74,699.8,55.3,2.04,5,12,1333,3,2.13,25.0,86.4,20.5
080C26L013108749Y1,AGM80_Y1,3,2026-12-07,242.04,240.372,241.399,240.368,241.144,241.1,44.62,46.07,45.4,44.96,45.75,45.78,730.0,59.7,2.04,7,8,2213,4,2.11,25.1,81.2,22.8
080C26L555327940Y1,AGM80_Y1,2,2026-12-18,240.828,241.465,240.218,243.662,242.269,241.431,47.21,44.13,44.71,45.78,46.81,44.83,705.9,47.1,2.0,9,8,1757,1,2.1,27.9,86.7,28.9
080C26L470605968Y1,AGM80_Y1,4,2026-12-18,238.68,230.603,234.752,231.687,233.473,231.265,44.59,44.01,45.06,43.77,45.64,45.56,725.1,53.1,2.07,6,5,1761,5,2.1,23.6,95.1,23.8
080C26L116280526Y1,AGM80_Y1,4,2026-12-07,247.764,245.591,241.644,246.202,251.386,248.975,43.84,45.22,45.87,44.88,44.44,45.02,721.0,54.9,2.05,5,3,1622,1,2.12,27.2,84.5,30.5
080C26L573214994Y1,AGM80_Y1,4,2026-12-07,238.229,241.888,239.493,243.188,240.736,243.906,45.67,45.28,45.53,44.51,46.04,44.69,734.2,57.9,2.01,5,13,1692,1,2.08,29.1,88.3,21.1
080C26L074854902Y1,AGM80_Y1,5,2026-12-15,232.155,239.729,240.053,237.352,235.749,240.637,45.87,47.89,47.09,43.72,45.63,43.94,729.3,62.9,2.06,5,14,1941,3,2.08,23.0,87.7,22.5
080C26A360555307Z1,AGM80_Z1,2,2026-01-14,245.221,239.908,246.216,247.742,246.231,245.982,47.26,45.99,44.97,45.35,45.04,45.11,714.3,54.6,2.06,6,15,1644,3,2.07,23.4,98.3,23.3
080C26A436924398Z1,AGM80_Z1,3,2026-01-19,238.014,230.881,242.089,241.456,241.811,247.727,45.83,47.1,41.55,45.51,46.21,45.21,718.8,70.6,1.98,8,8,1616,4,2.07,30.4,84.5,28.0
080C26A998551633Z1,AGM80_Z1,2,2026-01-03,238.067,241.426,245.78,245.022,241.274,241.073,45.48,45.01,45.4,46.12,44.69,45.77,723.8,70.1,2.06,6,12,2304,3,2.14,21.6,87.4,29.5
080C26A913658024Z1,AGM80_Z1,3,2026-01-10,236.693,237.131,237.972,238.896,240.448,234.715,46.0,44.03,44.97,46.61,45.21,44.58,713.0,64.3,2.08,6,3,1988,3,2.11,26.7,88.7,20.9
080C26A201296500Z1,AGM80_Z1,2,2026-01-03,239.361,242.963,240.263,239.76,239.037,243.156,46.18,42.71,44.57,43.93,45.01,42.88,729.6,36.1,2.09,9,11,1532,3,2.1,25.5,92.2,23.1
080C26A989280681Z1,AGM80_Z1,4,2026-01-23,228.576,232.991,229.089,234.844,226.306,229.893,44.91,44.46,46.82,43.97,46.24,46.0,732.5,61.1,2.05,7,6,1949,2,2.12,26.2,85.0,27.4
080C26A785298797Z1,AGM80_Z1,1,2026-01-20,244.097,241.254,244.37,246.371,242.412,244.629,45.07,45.69,44.67,44.3,45.06,43.97,740.0,62.2,2.03,6,1,1825,4,2.12,22.0,98.7,22.0
080C26A029664766Z1,AGM80_Z1,3,2026-01-16,239.222,236.042,239.535,241.535,241.617,234.829,44.8,46.15,45.44,46.14,45.74,44.85,721.8,59.3,2.06,4,13,1714,3,2.05,29.2,85.1,25.4
080C26A898031427Z1,AGM80_Z1,3,2026-01-20,242.346,231.73,241.136,241.043,243.814,239.111,43.0,45.6,45.3,44.18,45.53,46.04,732.2,66.8,2.06,6,9,1978,3,2.11,25.2,85.1,22.1
080C26A393934258Z1,AGM80_Z1,2,2026-01-01,228.178,228.38,233.265,236.743,227.184,226.186,43.0,43.37,46.21,48.19,43.27,44.88,735.6,54.8,2.07,4,4,1820,2,2.1,29.4,100.0,24.1
080C26A819387131Z1,AGM80_Z1,4,2026-01-16,243.138,241.863,238.631,231.852,240.568,236.341,44.63,45.61,44.31,44.46,43.92,45.5,722.4,65.2,2.05,9,13,1569,4,2.15,28.9,85.9,24.7
080C26A727113714Z1,AGM80_Z1,5,2026-01-04,240.978,242.284,242.555,242.964,243.292,243.294,43.97,44.79,45.41,44.48,45.82,46.78,738.6,48.6,2.07,4,10,1771,3,2.09,23.8,88.8,27.5
080C26A448759858Z1,AGM80_Z1,3,2026-01-04,241.587,241.867,241.97,243.006,240.022,241.314,43.93,45.73,44.96,44.94,44.72,44.22,730.6,57.3,2.03,3,9,1716,2,2.09,29.5,85.5,20.9
080C26B300273564Z1,AGM80_Z1,3,2026-02-10,248.13,245.086,243.671,245.003,244.594,246.268,45.35,44.6,45.18,43.96,44.93,44.43,729.0,59.2,2.05,8,8,2193,3,2.04,26.3,93.8,25.3
080C26B145298330Z1,AGM80_Z1,1,2026-02-22,256.068,247.455,249.738,248.234,257.16,248.052,44.66,45.3,44.04,45.51,43.89,44.62,676.0,49.5,2.01,3,9,1583,3,2.09,27.1,87.8,27.1
080C26B866031948Z1,AGM80_Z1,2,2026-02-20,244.072,239.595,239.545,238.628,244.786,245.13,45.33,44.49,44.32,43.77,44.14,45.31,709.6,56.7,2.04,7,5,1526,3,2.05,22.3,84.6,23.4
080C26B770039453Z1,AGM80_Z1,3,2026-02-03,244.423,244.871,242.908,244.496,244.012,239.719,44.65,45.09,44.63,44.47,46.02,45.07,725.8,48.7,2.02,7,7,1927,3,2.07,22.1,95.9,22.4
080C26B725321325Z1,AGM80_Z1,5,2026-02-21,239.772,242.149,244.124,242.671,242.434,241.858,46.39,45.76,46.97,44.11,43.86,44.6,732.0,62.1,2.04,2,4,2172,2,2.11,22.1,92.0,26.2
080C26B006429150Z1,AGM80_Z1,4,2026-02-22,233.09,232.332,232.926,230.633,234.069,233.067,46.09,45.23,45.2,45.65,44.76,46.36,712.6,56.9,2.07,3,15,2087,3,2.09,24.4,82.3,21.3
080C26B398874736Z1,AGM80_Z1,2,2026-02-11,235.882,237.416,231.637,236.108,238.356,231.364,44.8,44.62,45.0,45.02,45.79,45.95,712.8,49.8,2.0,4,13,1874,4,2.08,22.1,84.4,20.9
080C26B777927534Z1,AGM80_Z1,2,2026-02-08,233.873,236.757,230.69,234.258,232.434,231.443,45.74,45.0,44.65,45.37,44.19,46.24,728.1,56.4,2.05,6,14,1999,3,2.09,31.1,86.1,26.3
080C26B471302439Z1,AGM80_Z1,3,2026-02-04,235.934,240.919,243.276,243.113,238.665,239.257,44.87,44.27,45.45,44.2,47.05,45.03,702.8,56.9,2.04,6,14,2257,2,2.14,29.8,83.3,24.2
080C26B276299208Z1,AGM80_Z1,2,2026-02-17,242.824,243.734,239.872,237.059,237.318,239.933,43.64,43.69,44.33,46.3,45.11,46.34,744.1,49.7,2.07,5,7,1680,4,2.12,21.4,91.9,31.5
080C26B045606299Z1,AGM80_Z1,3,2026-02-14,234.404,241.383,237.708,239.087,237.025,237.749,45.52,45.09,43.64,46.03,43.17,46.92,728.5,47.2,2.02,2,7,1809,3,2.12,25.1,89.5,25.4
080C26B897178269Z1,AGM80_Z1,2,2026-02-03,238.995,246.158,242.63,242.258,242.756,237.525,45.58,45.42,45.73,44.44,44.11,44.91,729.4,59.8,2.08,5,15,1300,4,2.09,23.7,90.7,23.3
080C26B228929036Z1,AGM80_Z1,5,2026-02-17,243.837,244.49,244.191,246.089,243.036,242.188,44.21,43.5,45.55,44.57,46.02,44.33,736.0,29.4,2.06,3,13,1485,3,2.09,25.4,100.0,24.3
080C26C090435315Z1,AGM80_Z1,5,2026-03-24,238.107,241.08,239.303,240.84,238.135,232.199,45.21,44.94,45.83,44.61,45.37,46.45,703.6,59.5,2.04,6,15,2041,1,2.13,26.9,84.9,27.4
080C26C994127938Z1,AGM80_Z1,2,2026-03-05,245.113,239.843,240.249,245.421,242.764,236.839,44.65,45.1,43.76,44.81,44.07,45.11,718.3,53.4,2.06,1,6,1741,3,2.11,25.4,94.3,21.3
080C26C069071668Z1,AGM80_Z1,1,2026-03-08,231.101,230.327,227.149,238.633,232.155,231.899,44.95,44.78,44.45,46.47,45.42,45.4,718.8,74.5,2.07,10,10,2347,3,2.12,19.8,85.1,26.3
080C26C643106767Z1,AGM80_Z1,2,2026-03-02,233.776,236.705,228.626,235.062,237.604,234.574,44.92,46.07,45.24,45.9,43.92,44.69,714.8,56.1,2.05,6,10,1603,2,2.13,26.7,93.1,23.2
080C26C032451275Z1,AGM80_Z1,2,2026-03-26,244.63,244.679,248.333,239.808,245.839,233.866,45.67,46.08,46.87,47.4,45.02,45.67,725.4,68.6,2.1,4,2,1743,3,2.09,28.3,85.1,24.5
080C26C189958244Z1,AGM80_Z1,4,2026-03-09,240.669,240.032,239.916,239.077,237.802,238.724,45.5,45.17,42.85,46.18,43.78,44.98,693.3,60.6,2.01,6,12,1907,3,2.09,25.7,83.5,25.0
080C26C182629190Z1,AGM80_Z1,1,2026-03-14,245.285,236.721,234.221,242.702,245.683,240.306,44.78,44.83,44.68,44.72,45.05,44.81,719.0,50.5,2.02,7,10,2115,3,2.07,24.7,92.3,31.5
080C26C135346837Z1,AGM80_Z1,2,2026-03-15,239.742,242.067,236.876,239.531,237.557,240.813,44.05,45.8,45.34,46.15,44.16,43.25,716.5,46.5,2.07,7,18,1743,1,2.11,30.1,93.1,19.9
080C26C341602303Z1,AGM80_Z1,3,2026-03-17,241.49,240.863,239.645,241.148,242.973,242.531,45.31,45.04,45.83,45.64,43.19,44.89,708.6,58.7,2.08,7,15,1809,3,2.08,25.2,83.5,31.7
080C26C718482541Z1,AGM80_Z1,3,2026-03-12,245.346,244.329,244.949,245.758,246.121,244.604,45.9,43.47,46.61,45.51,44.66,45.77,708.1,39.6,2.05,3,9,1828,3,2.12,22.3,92.6,29.4
080C26C791358338Z1,AGM80_Z1,4,2026-03-25,233.106,238.165,235.052,242.455,236.282,239.008,46.01,44.67,45.51,44.11,44.85,45.51,730.1,59.1,2.07,5,7,2022,2,2.04,25.8,86.8,27.7
080C26C262852648Z1,AGM80_Z1,2,2026-03-07,234.569,239.101,233.228,238.914,239.855,247.332,45.75,44.29,45.23,44.65,46.41,45.36,701.9,60.9,2.05,1,6,1776,3,2.09,25.5,85.1,29.9
080C26C714193255Z1,AGM80_Z1,1,2026-03-12,234.957,240.496,237.908,238.02,239.026,237.251,44.33,44.99,45.12,46.13,44.91,45.52,710.4,46.2,2.11,6,12,1567,2,2.05,26.4,98.5,28.4
080C26D705253396Z1,AGM80_Z1,3,2026-04-22,231.914,245.781,238.234,233.651,239.129,238.104,43.99,44.94,44.17,45.69,43.95,44.74,703.4,68.9,2.04,6,12,1362,3,2.08,26.5,82.5,29.6
080C26D561627638Z1,AGM80_Z1,4,2026-04-23,239.054,238.972,239.709,236.687,242.696,238.082,42.75,45.18,44.92,43.81,46.96,46.04,753.7,51.5,2.12,7,12,2127,3,2.06,27.1,81.2,24.3
080C26D880476732Z1,AGM80_Z1,3,2026-04-08,236.28,233.694,234.7,234.218,237.266,234.649,44.41,45.55,45.1,46.28,44.57,45.08,734.8,57.9,2.01,6,12,1964,4,2.11,33.6,80.0,27.4
080C26D656560497Z1,AGM80_Z1,4,2026-04-01,237.561,243.072,242.5,244.72,240.373,242.931,44.76,45.01,44.92,45.53,43.72,44.83,708.9,48.4,2.03,4,11,1773,4,2.1,25.6,86.7,25.2
080C26D616876315Z1,AGM80_Z1,4,2026-04-15,240.98,244.721,245.307,244.629,242.121,244.085,44.97,45.02,42.71,46.1,44.01,44.56,714.1,53.9,2.08,6,15,2264,5,2.11,29.1,80.2,24.1
080C26D257425687Z1,AGM80_Z1,2,2026-04-17,240.801,238.255,239.481,239.026,241.363,247.272,46.39,43.58,43.22,44.55,44.87,43.69,739.8,58.1,2.05,4,7,2584,1,2.07,26.6,96.6,28.6
080C26D531217465Z1,AGM80_Z1,4,2026-04-01,254.582,254.951,254.326,251.303,249.946,253.461,45.61,44.77,45.05,45.84,45.76,45.73,757.4,69.2,2.04,7,13,1566,4,2.14,22.4,84.8,25.7
080C26D428114948Z1,AGM80_Z1,3,2026-04-05,240.817,238.667,231.687,237.725,238.629,241.0,45.38,42.73,45.43,46.33,45.5,46.77,711.5,54.9,2.06,7,11,2260,2,2.09,26.7,94.5,27.5
080C26D117034511Z1,AGM80_Z1,4,2026-04-15,235.877,238.816,238.489,238.286,237.201,239.304,43.19,45.65,44.86,45.04,44.46,44.25,704.8,42.6,2.06,7,18,1736,3,2.11,28.0,92.7,23.2
080C26D737574900Z1,AGM80_Z1,2,2026-04-24,235.546,238.511,237.73,239.769,239.322,239.738,44.55,43.46,45.24,46.77,46.25,45.62,730.8,67.2,2.08,6,13,1816,3,2.09,26.3,86.3,24.5
080C26D437817650Z1,AGM80_Z1,3,2026-04-21,238.607,246.532,239.254,244.809,241.8,238.464,45.33,44.67,44.29,45.7,45.52,46.09,719.3,58.9,2.04,5,12,1734,3,2.11,30.1,95.9,19.8
080C26D523368824Z1,AGM80_Z1,3,2026-04-01,239.922,246.074,242.883,242.091,241.624,241.138,44.74,45.19,43.66,44.48,45.14,45.73,729.9,61.0,2.06,4,10,1642,2,2.08,23.7,89.3,20.2
080C26D559911512Z1,AGM80_Z1,3,2026-04-23,247.396,245.607,246.738,247.626,243.932,247.854,46.17,44.91,45.27,46.25,43.66,45.42,705.5,47.4,2.04,6,4,2038,4,2.06,24.7,89.6,26.8
080C26E048926813Z1,AGM80_Z1,4,2026-05-20,241.822,243.016,239.319,239.87,238.651,237.379,46.53,45.53,46.02,44.96,44.21,46.04,744.0,57.5,2.04,6,16,1551,3,2.12,26.1,90.4,30.5
080C26E307730527Z1,AGM80_Z1,3,2026-05-24,240.88,244.528,233.604,235.889,243.576,245.967,45.72,44.04,45.62,44.7,42.63,45.87,708.0,59.6,2.04,4,7,1369,3,2.11,27.9,93.6,21.9
080C26E693354786Z1,AGM80_Z1,5,2026-05-25,238.633,239.095,234.899,239.685,237.968,235.833,44.13,43.17,45.34,43.6,45.37,43.25,713.1,61.5,2.09,7,8,2439,4,2.13,25.4,84.4,23.8
080C26E674603080Z1,AGM80_Z1,1,2026-05-07,240.211,242.73,239.953,236.655,234.342,231.664,43.25,47.03,45.59,42.83,43.5,44.83,695.1,66.0,2.08,6,13,1382,4,2.1,26.5,86.0,25.0
080C26E165867265Z1,AGM80_Z1,4,2026-05-02,240.755,241.676,242.106,240.233,243.239,241.395,44.8,44.27,43.32,45.71,43.95,43.88,699.9,46.9,2.05,2,12,1733,2,2.01,22.6,80.0,26.5
080C26E242283275Z1,AGM80_Z1,2,2026-05-19,242.835,237.133,237.852,242.762,242.111,236.426,44.37,44.89,43.69,44.51,45.29,47.93,726.5,56.1,2.05,5,10,1518,4,2.12,24.0,88.1,21.8
080C26E705946329Z1,AGM80_Z1,3,2026-05-01,236.328,236.89,233.861,238.358,240.395,241.37,44.08,44.33,45.2,45.48,44.48,44.53,707.7,59.0,2.09,3,3,1434,4,2.12,28.3,88.3,25.8
080C26E586694495Z1,AGM80_Z1,1,2026-05-03,234.853,242.447,239.329,233.429,236.439,237.093,44.87,44.97,44.62,44.6,44.89,45.02,723.8,57.4,1.97,3,12,2420,4,2.13,26.3,91.6,24.9
080C26E487299220Z1,AGM80_Z1,2,2026-05-06,236.43,237.061,240.869,237.12,236.786,238.715,44.27,46.13,45.42,43.99,45.35,45.03,730.0,40.4,2.1,8,10,1932,4,2.11,30.0,81.1,25.7
080C26E344969666Z1,AGM80_Z1,3,2026-05-14,240.694,235.979,233.006,237.962,240.127,238.59,46.16,45.98,44.03,43.79,44.83,42.97,726.9,69.0,2.06,8,10,1462,4,2.09,27.6,92.6,18.6
080C26E752412049Z1,AGM80_Z1,2,2026-05-26,242.363,239.747,250.369,243.993,240.85,240.918,43.74,45.41,44.02,44.63,46.55,45.86,720.6,72.1,2.08,4,10,1624,2,2.12,23.8,82.3,30.0
080C26E009347764Z1,AGM80_Z1,3,2026-05-23,246.994,250.651,246.072,246.591,243.064,247.71,45.13,45.48,45.3,44.96,46.61,44.82,718.6,42.0,2.06,6,7,1374,4,2.08,17.8,100.0,25.9
080C26E207865642Z1,AGM80_Z1,1,2026-05-05,240.449,239.89,238.99,238.408,235.731,237.695,44.4,46.44,44.93,43.97,45.58,45.06,719.8,35.9,2.03,5,10,2055,3,2.12,27.7,92.4,25.9
080C26F293638520Z1,AGM80_Z1,3,2026-06-08,243.402,241.79,237.818,244.75,240.724,242.988,45.65,44.05,44.81,44.15,43.44,44.12,715.0,61.1,2.05,5,8,2253,2,2.1,23.6,94.4,24.6
080C26F918321667Z1,AGM80_Z1,4,2026-06-01,243.68,243.48,246.266,241.184,231.849,242.269,45.35,43.84,44.57,45.19,45.15,45.8,734.0,73.2,2.04,4,13,1781,4,2.11,29.1,85.3,30.3
080C26F893000660Z1,AGM80_Z1,4,2026-06-22,236.497,228.51,229.877,236.039,234.662,222.559,47.37,45.64,44.38,46.86,44.01,45.6,703.4,58.2,2.09,1,10,1390,2,2.1,26.0,97.7,24.0
080C26F092272251Z1,AGM80_Z1,2,2026-06-04,243.411,246.437,239.244,242.247,239.898,249.541,43.77,46.71,44.25,44.46,45.89,44.05,720.8,61.2,2.08,1,14,1986,5,2.09,22.4,90.0,26.5
080C26F226755737Z1,AGM80_Z1,4,2026-06-23,244.092,246.055,239.602,241.933,240.403,239.723,45.86,45.67,44.34,46.05,45.84,45.69,737.3,63.5,2.07,3,9,1729,2,2.11,18.9,95.1,24.4
080C26F191660638Z1,AGM80_Z1,1,2026-06-14,242.626,244.302,244.984,243.131,243.838,245.967,44.22,43.07,45.41,46.27,44.01,45.39,737.0,53.4,2.0,3,8,2051,3,2.1,22.8,85.3,20.3
080C26F547710036Z1,AGM80_Z1,4,2026-06-08,245.488,242.486,245.649,242.087,241.824,245.237,47.19,46.17,44.53,44.66,43.9,45.48,738.7,54.6,2.04,7,8,1654,3,2.12,30.2,80.0,24.0
080C26F211538694Z1,AGM80_Z1,4,2026-06-12,238.493,239.488,241.311,243.506,240.932,238.514,45.02,44.51,46.75,44.86,45.7,45.23,719.2,60.2,2.04,8,10,1800,2,2.14,23.9,87.3,22.1
080C26F770449612Z1,AGM80_Z1,4,2026-06-24,252.108,251.185,249.903,253.585,250.954,254.619,45.97,45.54,43.06,44.81,43.5,46.83,713.7,67.4,2.04,6,11,1752,3,2.13,24.0,86.3,29.2
080C26F633858625Z1,AGM80_Z1,3,2026-06-19,238.604,239.064,237.945,238.331,239.674,238.603,44.32,44.87,45.65,45.28,43.88,43.48,695.8,31.6,2.07,3,7,1074,2,2.07,25.1,87.8,28.9
080C26F932453405Z1,AGM80_Z1,1,2026-06-25,231.367,240.041,242.619,238.253,240.602,238.305,44.37,45.28,44.92,43.75,43.8,45.57,743.3,57.2,2.07,5,15,1794,3,2.08,22.9,94.5,26.2
080C26F908768063Z1,AGM80_Z1,4,2026-06-14,247.399,236.239,235.744,239.836,243.641,240.732,45.84,44.04,44.47,45.88,45.76,45.68,742.2,64.0,2.02,6,8,1240,4,2.04,32.7,90.5,25.4
080C26F462735338Z1,AGM80_Z1,3,2026-06-12,237.475,236.412,238.408,238.15,240.833,239.793,46.22,44.16,45.67,46.85,45.95,43.16,713.5,52.6,2.08,7,9,1835,2,2.06,26.9,89.8,19.7
080C26G846432263Z1,AGM80_Z1,2,2026-07-09,230.267,236.441,237.783,233.309,237.091,233.732,44.1,43.86,45.31,42.9,44.79,45.79,715.1,53.5,2.04,3,4,2605,3,2.11,25.7,89.0,23.4
080C26G124318589Z1,AGM80_Z1,5,2026-07-04,232.941,243.875,240.222,235.984,244.939,234.593,43.05,44.26,44.54,47.53,45.46,44.3,707.4,72.3,2.09,2,10,1482,3,2.16,23.4,85.5,25.9
080C26G112167309Z1,AGM80_Z1,2,2026-07-25,254.107,254.404,255.763,258.953,262.919,261.929,44.7,45.48,45.58,44.31,44.47,44.52,732.3,65.7,2.08,3,14,1724,2,2.04,22.7,86.4,27.6
080C26G870196733Z1,AGM80_Z1,4,2026-07-21,233.987,234.967,234.65,235.002,238.003,234.809,44.98,45.23,44.56,45.59,46.46,42.85,700.1,71.1,2.1,5,13,1460,3,2.11,23.4,89.5,21.2
080C26G811577024Z1,AGM80_Z1,3,2026-07-12,243.139,235.885,237.751,236.605,238.897,239.346,45.18,42.99,45.73,44.08,45.67,45.88,731.0,70.1,2.04,7,6,1401,3,2.11,24.8,86.2,27.7
080C26G894864259Z1,AGM80_Z1,3,2026-07-16,235.821,240.211,238.228,236.888,239.205,236.755,45.14,46.26,43.53,45.37,44.05,45.51,702.1,47.6,2.06,4,8,1666,3,2.09,24.0,91.2,29.8
080C26G794593192Z1,AGM80_Z1,2,2026-07-07,247.979,248.469,246.895,241.203,245.989,255.146,45.63,46.08,45.5,44.33,44.6,45.97,721.2,62.2,2.02,7,9,1521,5,2.06,20.7,94.1,27.2
080C26G683435886Z1,AGM80_Z1,3,2026-07-19,231.465,241.485,225.348,233.16,235.064,228.04,44.2,45.41,44.96,45.09,43.88,43.4,730.1,77.9,2.08,6,16,1693,4,2.09,29.1,84.2,21.0
080C26G641093092Z1,AGM80_Z1,1,2026-07-16,260.638,256.435,256.433,252.881,253.343,256.639,44.3,44.91,44.86,47.76,45.91,45.04,726.0,55.5,2.06,5,10,2373,2,2.14,21.0,88.9,22.5
080C26G657762164Z1,AGM80_Z1,2,2026-07-23,243.667,244.856,244.947,241.46,244.268,241.65,43.75,45.34,46.0,45.92,45.93,45.29,715.0,51.6,2.1,4,6,1708,4,2.07,25.0,87.9,25.5
080C26G039276582Z1,AGM80_Z1,2,2026-07-13,241.765,242.022,246.87,239.568,241.188,238.218,45.11,45.64,46.59,46.52,44.27,44.37,727.0,61.3,1.98,5,5,1656,1,2.07,23.5,92.7,23.3
080C26G967938464Z1,AGM80_Z1,2,2026-07-08,239.388,240.829,226.036,240.185,235.46,245.194,44.81,44.51,42.8,44.77,44.9,43.86,719.3,59.2,2.1,8,7,1697,1,2.1,21.8,87.0,25.4
080C26G115357674Z1,AGM80_Z1,3,2026-07-22,243.181,229.604,234.905,230.791,234.895,230.423,45.09,44.61,46.44,45.2,46.8,45.55,727.6,61.9,2.06,3,8,2499,2,2.09,20.7,94.4,27.4
080C26H417765103Z1,AGM80_Z1,4,2026-08-04,243.074,239.456,241.431,244.388,243.252,243.494,45.98,45.35,45.41,44.59,43.93,46.42,747.3,49.8,2.05,3,12,1657,3,2.08,27.3,89.6,27.5
080C26H401253202Z1,AGM80_Z1,3,2026-08-10,237.502,233.253,236.597,236.2,237.715,240.411,46.07,44.58,44.44,46.13,45.82,46.75,718.5,55.8,2.01,4,17,2182,5,2.11,26.5,84.9,25.9
080C26H487660577Z1,AGM80_Z1,2,2026-08-11,231.25,235.66,231.4,235.814,233.393,234.783,44.42,45.62,45.64,44.8,44.18,44.7,718.1,54.7,2.08,3,13,2221,2,2.15,23.2,88.8,22.8
080C26H580788749Z1,AGM80_Z1,4,2026-08-05,232.959,243.531,245.665,237.683,245.064,244.417,46.31,44.68,46.51,45.15,44.93,45.74,703.3,69.5,2.02,2,10,2088,4,2.07,27.7,91.4,21.7
080C26H684402783Z1,AGM80_Z1,4,2026-08-02,241.29,241.993,244.468,245.225,240.21,242.797,44.82,46.3,45.74,44.26,43.83,43.31,706.9,49.2,2.03,4,6,1326,3,2.11,30.6,89.1,23.7
080C26H321732861Z1,AGM80_Z1,1,2026-08-24,234.829,236.286,236.029,234.936,237.432,236.502,45.37,46.06,44.76,48.05,46.44,45.23,728.4,49.2,2.11,4,5,1346,4,2.05,21.9,92.8,26.2
080C26H953999136Z1,AGM80_Z1,2,2026-08-25,242.691,246.559,239.741,230.831,236.556,241.889,44.28,45.55,43.24,43.78,45.03,44.79,739.5,62.1,2.06,6,9,1628,3,2.1,17.9,93.5,21.5
080C26H749815792Z1,AGM80_Z1,4,2026-08-22,231.619,236.784,230.116,236.727,228.91,229.543,44.85,43.22,43.08,43.93,42.78,43.75,727.6,66.8,2.03,5,10,1432,2,2.16,25.3,90.3,26.4
080C26H626312627Z1,AGM80_Z1,4,2026-08-12,235.855,236.656,231.499,233.201,245.665,242.413,44.33,45.31,45.27,44.2,45.88,45.76,731.3,49.9,2.09,4,20,1649,2,2.07,28.0,84.0,19.5
080C26H583267942Z1,AGM80_Z1,4,2026-08-15,243.293,245.681,246.936,244.05,244.362,243.992,45.51,44.57,45.83,45.16,45.28,46.36,722.5,35.7,2.02,4,11,1499,4,2.1,20.9,97.9,28.6
080C26H405030693Z1,AGM80_Z1,3,2026-08-04,244.817,245.417,245.512,245.773,245.815,245.162,46.77,45.4,45.74,46.16,46.91,45.59,717.6,50.6,2.06,4,18,1430,2,2.07,26.2,85.9,28.1
080C26H857281798Z1,AGM80_Z1,4,2026-08-13,231.27,225.625,238.77,230.807,238.355,231.335,45.7,47.13,44.29,44.55,44.71,45.36,702.2,51.8,2.05,4,15,2381,4,2.11,28.4,92.3,21.6
080C26H997231754Z1,AGM80_Z1,2,2026-08-09,245.881,243.667,250.86,244.01,239.68,246.947,45.06,44.98,45.94,45.11,44.72,44.99,695.7,52.9,2.04,6,12,1669,4,2.06,24.7,85.8,29.4
080C26I147650162Z1,AGM80_Z1,3,2026-09-23,232.893,245.129,239.042,228.401,230.363,235.842,44.28,44.59,45.03,44.54,45.97,45.09,693.2,66.8,2.07,6,10,1361,1,2.06,25.6,87.9,27.6
080C26I786239733Z1,AGM80_Z1,4,2026-09-11,233.747,237.346,243.779,233.244,238.059,236.229,46.13,44.4,44.61,43.65,44.36,44.68,742.0,60.0,2.08,8,10,2056,3,2.15,22.8,93.0,29.2
080C26I561560961Z1,AGM80_Z1,3,2026-09-03,245.164,244.23,239.874,245.851,249.628,244.499,44.76,43.17,45.6,44.59,47.25,43.2,692.5,45.3,2.02,6,14,1449,3,2.06,26.0,90.1,29.6
080C26I601532034Z1,AGM80_Z1,3,2026-09-27,239.917,243.347,245.058,241.754,239.794,240.765,44.59,42.32,43.5,45.78,45.2,44.91,729.4,63.3,2.04,6,7,1937,2,2.07,25.0,88.1,25.1
080C26I030477630Z1,AGM80_Z1,3,2026-09-02,244.809,244.572,240.003,249.592,244.587,238.748,45.53,46.05,42.43,44.57,46.21,44.08,709.6,72.3,2.02,7,10,1924,2,2.1,28.2,89.4,20.8
080C26I207818352Z1,AGM80_Z1,2,2026-09-05,241.561,233.214,239.959,235.066,232.758,236.65,45.05,45.98,45.52,44.61,44.4,43.64,720.4,56.7,2.06,3,1,1795,4,2.08,25.6,88.3,25.3
080C26I749431759Z1,AGM80_Z1,3,2026-09-17,235.675,237.665,235.189,236.162,238.368,230.154,44.72,44.0,45.63,45.8,47.08,44.77,708.3,57.8,2.06,8,11,1473,4,2.09,27.0,91.7,22.1
080C26I071985167Z1,AGM80_Z1,3,2026-09-09,246.089,237.59,241.709,243.466,234.616,240.79,44.66,43.53,45.92,45.54,43.52,44.15,716.4,59.4,2.06,7,4,1418,4,2.11,30.7,91.8,25.1
080C26I810083247Z1,AGM80_Z1,3,2026-09-11,240.591,238.048,246.423,238.378,251.968,246.671,45.33,46.36,44.23,45.37,45.01,43.46,736.2,69.1,2.06,2,5,1544,2,2.13,26.3,91.0,26.7
080C26I759595717Z1,AGM80_Z1,2,2026-09-05,243.501,243.126,247.919,244.169,244.052,239.973,46.37,44.71,44.44,44.52,43.86,45.13,691.4,42.4,2.01,6,12,1163,2,2.11,16.9,95.4,26.8
080C26I779123415Z1,AGM80_Z1,4,2026-09-24,243.565,242.328,242.898,245.268,243.682,243.174,46.23,43.68,46.41,44.59,45.06,45.85,714.6,46.3,2.07,8,15,1336,2,2.09,23.2,88.6,23.6
080C26I610551563Z1,AGM80_Z1,2,2026-09-03,241.278,241.922,241.083,239.889,238.942,239.581,43.89,45.44,43.99,44.98,44.66,45.45,719.4,58.3,2.07,5,6,1402,3,2.11,25.7,93.1,31.3
080C26I851181417Z1,AGM80_Z1,3,2026-09-12,243.925,239.847,243.42,236.882,241.722,238.542,46.35,45.17,44.86,43.67,44.21,43.87,743.4,55.0,1.99,7,7,1406,4,2.09,24.7,94.4,24.7
080C26J301572534Z1,AGM80_Z1,3,2026-10-05,248.843,245.576,248.777,254.641,244.199,255.322,45.39,44.56,44.6,44.67,44.91,44.35,724.1,59.2,2.06,5,12,2015,4,2.06,31.4,85.8,27.3
080C26J925134660Z1,AGM80_Z1,1,2026-10-17,229.093,223.13,232.913,224.439,225.368,229.15,44.97,44.86,45.69,45.19,45.84,45.27,724.4,39.3,2.12,3,8,1480,4,2.11,27.8,98.6,22.7
080C26J667355110Z1,AGM80_Z1,3,2026-10-06,240.208,242.63,241.854,239.488,243.792,240.161,45.12,46.22,44.69,45.42,44.17,46.31,722.4,61.7,2.05,6,7,1711,1,2.09,27.0,93.5,16.9
080C26J035606938Z1,AGM80_Z1,5,2026-10-13,242.242,237.233,240.229,245.706,238.082,239.237,46.3,47.38,46.27,46.6,44.19,43.38,723.5,59.7,2.02,7,13,1980,3,2.07,21.9,89.4,20.3
080C26J717360312Z1,AGM80_Z1,3,2026-10-12,240.217,239.748,235.198,239.749,238.412,240.694,45.56,44.25,46.21,43.86,43.17,47.06,720.6,49.7,2.06,5,7,1391,1,2.14,25.2,85.6,20.9
080C26J635618631Z1,AGM80_Z1,4,2026-10-06,235.619,242.567,240.199,246.328,241.422,241.149,43.73,45.72,46.23,44.37,45.7,44.23,716.4,63.4,2.11,3,13,1681,4,2.09,31.8,86.0,23.7
080C26J025786558Z1,AGM80_Z1,5,2026-10-07,238.821,246.193,238.948,250.529,242.156,242.783,44.21,44.85,45.59,43.95,43.73,44.57,734.2,65.2,2.05,5,2,1862,2,2.1,18.4,89.3,24.5
080C26J078093918Z1,AGM80_Z1,3,2026-10-11,245.462,246.021,242.259,244.991,243.128,244.825,44.06,45.25,47.05,43.88,46.55,44.64,715.1,38.4,2.03,4,11,2282,4,2.08,22.9,96.1,20.3
080C26J578321454Z1,AGM80_Z1,5,2026-10-21,237.32,233.377,243.669,236.225,231.418,240.15,44.34,43.18,44.65,45.92,45.03,45.76,689.2,49.2,2.02,7,12,1791,5,2.12,30.2,96.7,22.7
080C26J579589126Z1,AGM80_Z1,4,2026-10-22,245.402,244.966,242.286,244.957,245.651,246.913,44.16,44.41,44.02,45.28,46.09,45.12,715.1,38.0,2.02,3,13,1736,2,2.12,22.9,89.4,31.1
080C26J463168450Z1,AGM80_Z1,2,2026-10-07,235.866,231.774,230.914,232.999,236.079,239.796,45.2,45.95,44.74,46.77,45.11,46.54,723.8,47.3,2.02,5,16,1492,5,2.09,30.5,97.4,23.4
080C26J416461408Z1,AGM80_Z1,3,2026-10-14,247.329,245.205,243.756,247.158,245.257,248.28,46.58,44.45,43.75,45.64,45.27,43.12,728.8,66.2,2.04,5,11,2439,3,2.09,24.0,80.7,27.1
080C26J596623998Z1,AGM80_Z1,3,2026-10-09,240.336,242.538,242.871,242.672,238.94,244.194,44.9,44.46,46.65,43.61,44.7,44.25,720.7,58.4,2.07,6,8,1376,3,2.07,24.2,83.7,20.0
080C26K948519919Z1,AGM80_Z1,3,2026-11-11,242.921,240.623,240.666,238.05,240.246,242.118,42.59,45.2,44.56,45.81,44.81,44.69,728.7,61.4,2.09,7,1,1685,4,2.11,27.4,85.7,22.9
080C26K907131697Z1,AGM80_Z1,3,2026-11-20,242.488,242.313,242.669,243.955,246.996,245.251,44.17,42.69,46.19,45.17,44.3,44.97,726.7,54.0,1.99,5,14,1745,3,2.09,25.9,87.7,23.7
080C26K910939784Z1,AGM80_Z1,2,2026-11-11,240.381,249.498,249.258,240.434,243.218,244.048,45.28,43.81,43.48,43.39,43.91,44.7,724.5,57.8,2.01,5,7,1636,4,2.06,27.8,88.2,24.9
080C26K520161865Z1,AGM80_Z1,3,2026-11-06,252.204,258.076,250.682,255.345,250.671,255.818,45.04,45.34,44.58,43.95,44.93,44.3,710.8,60.7,2.05,4,18,1610,2,2.09,25.7,86.2,29.2
080C26K666992424Z1,AGM80_Z1,3,2026-11-09,231.538,229.209,229.098,232.13,236.959,229.521,45.61,45.03,44.75,45.25,45.5,45.3,720.7,54.6,2.06,3,9,1995,3,2.13,24.2,89.6,25.9
080C26K301500676Z1,AGM80_Z1,4,2026-11-04,245.009,245.04,251.995,246.041,254.208,244.301,46.07,44.58,44.57,44.65,46.42,45.29,709.0,56.3,2.0,7,17,1990,3,2.06,27.6,92.1,29.8
080C26K478819455Z1,AGM80_Z1,3,2026-11-21,238.265,243.052,240.23,245.091,243.745,248.947,44.12,44.61,45.79,45.27,43.94,44.88,737.4,81.5,2.02,9,8,2205,3,2.08,22.4,84.8,23.5
080C26K134388584Z1,AGM80_Z1,3,2026-11-05,245.105,242.046,243.365,240.682,239.754,241.975,43.74,46.24,44.08,45.48,44.48,44.89,721.9,58.8,2.0,8,13,1534,4,2.13,26.5,84.8,28.0
080C26K909248649Z1,AGM80_Z1,4,2026-11-19,236.174,239.921,238.761,236.49,239.562,236.344,44.55,45.15,44.46,44.57,45.91,45.23,695.0,56.9,2.04,5,6,2366,4,2.1,25.3,84.4,25.9
080C26K902104725Z1,AGM80_Z1,4,2026-11-03,237.577,237.496,235.641,237.325,234.887,239.124,44.64,43.62,44.02,44.36,44.24,46.29,690.8,47.1,2.08,4,8,1353,2,2.04,27.8,92.5,27.1
080C26K880842463Z1,AGM80_Z1,3,2026-11-26,243.508,237.633,237.251,238.603,237.739,235.558,44.5,44.87,44.32,43.79,44.81,45.78,706.7,57.5,2.01,3,10,1684,3,2.13,21.4,100.0,29.1
080C26K303746688Z1,AGM80_Z1,4,2026-11-10,236.129,241.529,237.933,243.329,238.317,239.014,44.5,45.42,44.37,45.81,43.54,44.21,723.5,56.7,2.02,7,7,1308,3,2.12,23.6,89.7,24.2
080C26K735603335Z1,AGM80_Z1,4,2026-11-06,250.771,256.12,252.28,250.334,252.25,256.596,44.46,44.6,46.06,44.97,45.78,44.88,698.2,49.5,2.06,8,10,1868,3,2.12,18.5,87.8,23.5
080C26L942186567Z1,AGM80_Z1,4,2026-12-21,244.423,240.135,240.7,240.213,243.87,246.078,44.09,46.07,45.77,44.24,45.34,45.13,713.1,56.1,2.05,5,5,2242,4,2.04,23.2,93.5,28.5
080C26L208766989Z1,AGM80_Z1,4,2026-12-17,234.907,238.278,242.722,242.956,244.371,244.345,44.4,44.89,45.09,43.72,47.05,46.77,720.6,66.1,2.09,4,6,1818,3,2.11,23.1,91.6,24.1
080C26L067384026Z1,AGM80_Z1,3,2026-12-04,228.047,229.597,231.465,231.173,229.984,229.049,43.63,45.86,44.33,44.13,44.47,43.7,740.7,51.0,2.05,6,6,1698,4,2.13,19.8,81.9,24.4
080C26L834916191Z1,AGM80_Z1,2,2026-12-18,240.258,238.445,239.836,237.47,240.339,243.937,45.01,44.74,44.43,44.93,45.02,45.77,718.4,63.7,2.04,6,14,1392,4,2.09,29.5,93.2,22.3
080C26L979969690Z1,AGM80_Z1,5,2026-12-02,238.904,233.332,236.384,237.312,238.345,236.568,44.14,45.14,43.23,44.61,43.4,44.1,715.1,42.0,2.08,6,3,1253,4,2.15,26.3,94.0,26.7
080C26L673572678Z1,AGM80_Z1,3,2026-12-05,238.695,240.769,242.459,237.851,241.965,241.736,45.78,44.14,44.48,45.26,44.84,47.18,724.3,70.4,2.05,3,12,1529,2,2.12,18.6,88.3,28.1
080C26L306208964Z1,AGM80_Z1,4,2026-12-14,237.439,237.649,233.597,240.011,242.327,239.556,43.9,44.97,44.36,45.75,43.6,45.01,734.0,42.0,2.04,8,9,1641,2,2.11,28.8,89.8,25.0
080C26L202878963Z1,AGM80_Z1,3,2026-12-20,241.881,229.903,239.174,237.729,233.461,236.42,44.77,44.6,44.6,43.56,44.86,43.46,714.4,72.8,2.07,7,12,1723,3,2.11,29.5,94.9,23.4
080C26L826269253Z1,AGM80_Z1,2,2026-12-21,239.192,232.055,234.463,238.655,234.555,238.919,45.21,43.76,44.99,47.14,45.35,45.12,727.2,64.2,2.03,6,10,1909,2,2.16,24.0,90.0,19.6
080C26L845071258Z1,AGM80_Z1,1,2026-12-06,229.413,234.472,236.891,230.554,231.53,225.742,42.87,44.67,47.55,44.53,45.25,44.16,725.6,57.7,2.01,6,12,1837,4,2.06,24.7,99.4,28.5
080C26L879336713Z1,AGM80_Z1,4,2026-12-18,236.439,239.447,239.442,232.853,238.677,236.707,44.91,46.96,44.16,46.5,43.92,46.51,702.5,81.8,2.07,3,16,2162,4,2.12,26.4,81.8,24.3
080C26L732500257Z1,AGM80_Z1,5,2026-12-18,249.585,239.369,243.773,240.54,245.806,241.787,46.51,45.31,44.58,45.34,43.81,44.18,721.7,60.4,2.01,6,6,2005,2,2.11,23.9,84.9,21.7
080C26L524535302Z1,AGM80_Z1,3,2026-12-05,244.482,244.5,246.897,246.103,244.113,243.718,44.9,45.1,45.44,44.5,46.32,44.25,706.0,51.5,2.07,2,6,1830,3,2.05,29.9,91.4,24.8
090C26A330781631H1,AGM90_H1,4,2026-01-07,268.909,263.816,265.974,270.449,268.906,270.155,43.7,44.62,46.7,45.37,44.18,43.85,831.8,69.9,2.1,3,9,1878,4,2.08,25.6,105.3,24.9
090C26A283993035H1,AGM90_H1,2,2026-01-25,283.931,282.805,283.824,271.311,273.215,283.431,46.07,46.22,45.05,44.36,45.48,45.0,801.1,81.7,2.09,2,5,2304,4,2.12,23.3,93.5,28.2
090C26A668019126H1,AGM90_H1,3,2026-01-19,277.908,280.782,286.589,282.784,282.703,281.415,44.83,44.74,46.39,44.37,44.27,45.33,788.9,72.1,2.02,4,7,2222,3,2.09,28.2,93.3,30.8
090C26A478316687H1,AGM90_H1,2,2026-01-07,266.048,269.282,269.195,265.133,267.754,270.48,45.99,45.29,46.3,43.75,45.3,44.95,790.3,74.6,2.06,4,17,1856,3,2.12,23.5,93.1,23.1
090C26A406501793H1,AGM90_H1,3,2026-01-01,272.31,266.636,270.575,265.14,261.739,273.143,44.78,45.29,45.46,43.27,44.2,44.34,802.6,57.2,2.05,6,11,2147,3,2.07,25.1,99.5,25.7
090C26A707902762H1,AGM90_H1,3,2026-01-19,276.449,269.772,269.5,264.875,264.701,269.699,46.55,46.14,44.63,45.51,43.05,44.38,798.4,55.1,2.06,3,16,1508,4,2.07,26.8,90.0,29.1
090C26A924442806H1,AGM90_H1,4,2026-01-15,266.23,265.853,263.402,267.636,266.194,272.499,47.08,44.87,45.73,46.32,44.87,44.58,819.6,59.8,2.08,6,10,1847,3,2.09,29.7,100.7,22.3
090C26A017678175H1,AGM90_H1,3,2026-01-21,270.536,272.098,269.382,265.66,264.545,271.184,44.52,45.39,45.91,45.47,45.16,44.44,819.9,62.5,2.0,1,11,1892,4,2.03,23.6,99.8,22.3
090C26A876594643H1,AGM90_H1,2,2026-01-20,261.275,262.627,263.167,264.909,263.287,266.312,44.52,45.07,45.32,43.29,45.05,44.71,797.0,64.4,2.04,6,15,1798,3,2.09,24.1,100.9,28.1
090C26A440885713H1,AGM90_H1,3,2026-01-12,267.755,265.894,269.673,271.994,267.01,269.101,45.42,44.47,44.84,46.51,45.69,44.85,814.9,51.0,2.1,2,17,1545,4,2.03,25.4,101.4,24.5
090C26A023625579H1,AGM90_H1,3,2026-01-20,270.071,261.425,264.598,263.312,263.982,259.394,45.43,44.61,45.39,45.83,45.02,46.07,814.2,74.1,2.05,5,7,1830,3,2.15,23.0,98.9,21.6
090C26A892602386H1,AGM90_H1,3,2026-01-04,265.978,280.702,274.132,274.253,266.62,271.078,42.87,44.13,43.52,46.05,44.72,44.01,807.6,53.4,1.98,4,7,1711,3,2.12,24.4,103.5,26.3
090C26A731988585H1,AGM90_H1,4,2026-01-20,264.767,264.566,260.489,264.259,266.551,266.74,44.73,44.23,45.73,42.75,43.84,45.74,825.9,56.1,2.05,7,1,1726,3,2.1,35.0,109.2,24.2
090C26B534113937H1,AGM90_H1,3,2026-02-17,277.53,271.315,269.616,274.44,269.482,271.725,46.34,44.5,44.68,45.68,46.41,46.56,804.3,43.7,1.99,6,16,1714,3,2.12,24.6,106.7,23.2
090C26B352954341H1,AGM90_H1,4,2026-02-24,269.571,270.224,268.014,269.83,272.186,272.366,45.21,45.59,44.66,45.11,45.98,44.47,811.0,61.5,2.01,6,8,1747,3,2.13,22.6,96.4,25.1
090C26B894245176H1,AGM90_H1,4,2026-02-26,277.29,278.488,275.329,274.201,267.268,274.335,45.5,45.64,45.94,44.3,44.31,44.16,803.7,61.0,1.96,4,9,1421,2,2.09,24.4,99.4,27.5
090C26B405224117H1,AGM90_H1,4,2026-02-20,269.406,274.977,270.124,273.686,270.066,273.247,46.25,43.99,44.8,45.92,46.25,44.36,786.5,50.4,2.05,5,12,1384,1,2.08,25.1,99.8,25.8
090C26B818230631H1,AGM90_H1,5,2026-02-20,280.448,283.724,284.884,278.939,281.083,287.925,45.15,45.78,44.15,45.61,45.24,44.41,816.7,64.8,2.06,2,7,2269,3,2.18,23.3,97.3,26.0
090C26B528256545H1,AGM90_H1,4,2026-02-19,270.689,277.711,274.298,272.095,279.968,273.463,45.66,44.55,45.53,45.46,44.55,45.08,776.6,48.3,2.07,9,10,1535,4,2.1,25.1,96.8,23.2
090C26B596548548H1,AGM90_H1,3,2026-02-23,268.327,269.242,268.925,270.582,268.115,269.881,45.36,45.23,45.02,46.73,43.67,46.14,782.9,55.0,2.04,7,12,2200,1,2.17,20.5,104.7,28.3
090C26B055478284H1,AGM90_H1,2,2026-02-15,263.08,268.121,265.383,266.134,266.227,270.996,44.9,46.27,45.7,44.89,43.92,44.56,810.8,67.1,2.03,5,10,1665,4,2.09,22.9,103.1,26.3
090C26B983478821H1,AGM90_H1,3,2026-02-19,277.52,274.423,275.093,266.988,272.31,262.651,45.42,45.15,44.3,45.85,43.12,45.23,822.5,74.6,2.14,6,12,1555,4,2.07,30.3,107.0,23.0
090C26B682902393H1,AGM90_H1,4,2026-02-20,272.617,270.92,265.522,270.243,269.251,269.613,44.25,45.43,44.68,44.34,45.51,44.34,813.9,49.8,2.08,5,12,1515,3,2.08,27.3,96.5,27.2
090C26B302886449H1,AGM90_H1,3,2026-02-17,273.513,269.538,269.298,275.5,269.186,271.083,46.62,45.59,45.12,44.36,45.39,46.03,826.7,54.0,2.03,8,9,2331,3,2.15,23.6,101.4,29.6
090C26B208818554H1,AGM90_H1,4,2026-02-23,277.116,274.743,269.737,269.163,274.616,275.716,44.98,45.2,44.22,44.36,44.52,44.25,817.8,87.0,2.06,3,1,2064,3,2.05,25.0,94.9,25.9
090C26B559399634H1,AGM90_H1,5,2026-02-20,255.024,268.623,260.613,257.559,261.046,268.062,43.99,43.11,44.94,46.04,44.75,44.33,797.5,74.3,2.03,5,9,1785,4,2.11,28.1,101.9,30.6
090C26C778522133H1,AGM90_H1,5,2026-03-05,270.975,267.431,270.407,271.603,264.717,259.598,46.18,43.94,44.7,45.07,45.44,44.77,795.1,63.6,2.07,6,9,1631,4,2.11,26.4,106.3,24.2
090C26C707781364H1,AGM90_H1,3,2026-03-01,269.197,267.836,260.801,272.376,264.628,276.25,44.03,45.72,46.23,44.43,45.36,44.62,773.7,67.8,2.06,4,13,2059,2,2.09,19.9,94.3,24.1
090C26C231841015H1,AGM90_H1,4,2026-03-25,267.448,269.467,267.738,269.413,266.495,267.391,44.9,43.36,43.98,45.64,44.18,44.51,804.7,59.9,2.0,4,11,2731,4,2.07,21.4,105.3,26.8
090C26C342176477H1,AGM90_H1,1,2026-03-20,267.846,266.673,265.659,271.39,268.182,265.84,45.25,44.71,48.12,44.79,45.22,44.49,812.5,75.2,2.12,7,12,2050,4,2.12,24.3,104.9,23.2
090C26C147429934H1,AGM90_H1,2,2026-03-20,265.645,264.399,264.926,266.127,265.737,264.935,46.63,43.69,45.02,44.85,45.14,44.81,824.4,47.7,2.08,4,11,1741,4,2.04,24.8,102.3,26.3
090C26C489121792H1,AGM90_H1,3,2026-03-06,267.289,263.939,264.909,268.039,268.953,266.035,45.23,44.85,42.41,44.85,46.32,44.59,787.1,57.6,2.11,6,19,1170,3,2.14,23.5,97.3,27.7
090C26C161683726H1,AGM90_H1,4,2026-03-22,272.378,277.243,271.118,277.245,274.399,268.511,46.19,45.61,45.85,46.36,43.57,45.7,777.4,69.1,1.99,8,2,1657,3,2.11,25.4,103.7,20.4
090C26C884670994H1,AGM90_H1,3,2026-03-27,268.519,265.797,279.244,270.379,271.453,269.318,43.84,45.15,43.82,44.88,43.59,43.53,813.3,58.4,2.03,4,8,1716,1,2.15,26.7,104.4,20.7
090C26C726404629H1,AGM90_H1,2,2026-03-09,262.322,265.468,265.744,263.022,260.815,262.046,45.1,45.18,44.57,43.64,44.78,45.05,823.8,59.7,2.0,3,15,2102,3,2.11,28.2,101.9,25.3
090C26C575557638H1,AGM90_H1,2,2026-03-24,256.317,259.201,260.045,258.479,259.631,255.053,46.19,43.44,43.51,46.52,46.72,44.72,806.2,61.6,2.09,4,1,1857,3,2.07,21.8,97.1,30.6
090C26C033797989H1,AGM90_H1,3,2026-03-18,264.803,264.771,260.863,257.548,260.541,265.714,46.22,45.19,44.7,43.95,44.22,45.74,811.8,65.2,2.07,3,10,1962,4,2.06,20.1,102.0,25.4
090C26C967902821H1,AGM90_H1,2,2026-03-04,268.121,269.046,264.789,267.256,268.734,270.004,44.63,47.21,45.69,46.64,45.24,44.38,804.9,57.3,2.01,4,6,1346,2,2.08,22.7,105.0,26.2
090C26C788882566H1,AGM90_H1,2,2026-03-24,272.877,270.643,269.463,271.782,270.193,271.893,45.77,43.61,45.47,45.97,42.97,42.43,778.8,61.8,2.08,6,13,1247,4,2.09,24.4,103.0,22.4
090C26D776176564H1,AGM90_H1,1,2026-04-17,267.145,268.054,267.581,267.159,268.782,267.364,43.88,44.95,45.43,42.49,44.23,45.0,815.8,44.3,2.07,3,14,1731,4,2.12,19.6,97.6,32.6
090C26D574990263H1,AGM90_H1,2,2026-04-15,265.609,265.72,266.541,268.713,268.986,269.252,44.86,44.9,44.41,44.46,46.88,45.72,810.1,74.5,2.01,3,14,1729,4,2.11,35.0,90.3,25.5
090C26D912583499H1,AGM90_H1,4,2026-04-17,279.42,282.307,278.422,277.299,280.184,279.927,45.04,43.94,45.44,45.51,44.08,45.97,806.8,57.2,2.03,7,7,1799,4,2.09,24.4,102.0,22.7
090C26D093161695H1,AGM90_H1,3,2026-04-22,275.005,273.978,274.19,270.069,270.89,273.195,45.1,45.87,46.44,43.54,44.67,44.47,801.2,47.1,2.07,3,9,1713,4,2.1,32.8,112.0,28.8
090C26D982136131H1,AGM90_H1,4,2026-04-12,263.436,264.642,260.789,262.8,264.974,262.844,44.51,45.1,43.67,42.61,45.06,45.52,800.9,60.9,2.04,3,11,2239,3,2.15,29.5,104.0,23.9
090C26D418073294H1,AGM90_H1,4,2026-04-08,270.325,257.968,267.13,259.635,267.62,263.853,43.99,44.27,45.88,46.07,47.16,43.38,815.6,65.7,2.03,5,11,1944,4,2.11,25.9,102.2,25.2
090C26D476992112H1,AGM90_H1,4,2026-04-12,270.408,273.559,272.916,273.495,272.754,273.913,44.06,46.72,45.45,43.71,44.94,46.24,798.5,51.2,2.02,4,10,1704,4,2.1,19.2,100.0,25.1
090C26D447479317H1,AGM90_H1,3,2026-04-18,278.468,277.064,271.271,270.132,273.148,281.415,44.87,44.9,46.96,45.29,44.07,45.15,821.4,63.7,2.06,5,9,1265,3,2.06,30.1,101.4,32.2
090C26D010014318H1,AGM90_H1,1,2026-04-18,271.273,266.702,266.731,272.308,266.224,268.343,45.61,45.0,46.13,45.48,45.5,43.92,792.2,60.3,2.03,4,12,1061,3,2.14,26.3,98.3,29.3
090C26D455312752H1,AGM90_H1,2,2026-04-05,269.556,274.164,271.423,272.588,273.101,272.405,44.85,43.13,44.58,44.25,46.86,45.3,822.2,66.5,2.03,6,9,1697,4,2.11,25.4,95.4,26.0
090C26D523953701H1,AGM90_H1,3,2026-04-19,262.355,262.544,266.525,263.765,269.676,264.767,42.9,44.91,44.33,45.08,45.75,45.78,812.3,59.2,2.05,5,4,1529,4,2.15,24.2,90.0,26.0
090C26D837844720H1,AGM90_H1,1,2026-04-02,275.541,270.648,268.568,276.529,271.423,272.117,46.14,45.32,46.25,43.65,45.66,44.18,812.0,78.0,2.08,8,13,1836,3,2.11,26.7,93.7,22.2
090C26D873575026H1,AGM90_H1,3,2026-04-16,270.33,267.663,275.287,273.716,268.322,272.979,46.48,45.68,44.76,43.65,43.98,44.79,836.3,56.4,2.04,4,4,1494,3,2.08,23.2,97.0,27.6
090C26E240374589H1,AGM90_H1,4,2026-05-20,266.873,256.187,263.677,264.877,259.688,264.071,45.79,44.96,44.08,44.42,45.58,43.48,810.4,54.3,2.05,4,8,1608,3,2.11,24.3,111.4,26.5
090C26E318152964H1,AGM90_H1,2,2026-05-08,267.073,266.23,265.342,265.405,269.746,262.206,44.75,44.13,45.55,43.17,44.91,45.9,814.0,61.5,2.06,6,14,2381,4,2.09,25.6,101.1,27.2
090C26E757421944H1,AGM90_H1,1,2026-05-25,268.838,263.747,258.483,265.07,263.295,266.668,43.89,45.94,45.58,44.13,45.05,45.07,805.1,57.4,2.03,1,8,1718,3,2.08,21.2,102.7,26.3
090C26E197057449H1,AGM90_H1,3,2026-05-23,276.944,274.805,277.929,275.432,273.764,272.962,45.61,43.76,46.02,45.32,43.48,45.77,812.1,62.1,2.03,5,15,1279,3,2.07,22.0,103.2,31.3
090C26E598863163H1,AGM90_H1,5,2026-05-25,265.451,267.241,266.252,267.653,266.594,264.226,44.69,43.06,44.56,44.79,45.71,44.12,821.6,38.8,2.06,5,17,2121,4,2.12,26.2,104.2,22.2
090C26E289349275H1,AGM90_H1,2,2026-05-09,268.989,267.222,267.316,269.128,264.258,266.189,44.86,45.85,45.01,45.31,44.4,45.12,790.9,45.6,2.09,6,13,1509,3,2.11,25.7,100.6,24.3
090C26E646213086H1,AGM90_H1,3,2026-05-05,271.129,267.162,270.018,266.476,272.377,269.318,44.37,45.07,45.87,44.5,44.67,45.23,800.2,61.9,2.05,4,6,1610,2,2.12,25.1,103.6,25.2
090C26E545706012H1,AGM90_H1,1,2026-05-23,271.752,271.702,270.641,269.256,263.707,268.303,44.16,43.89,44.35,46.02,45.78,45.08,818.7,59.6,2.09,5,6,1854,2,2.08,28.6,103.3,29.1
090C26E244455198H1,AGM90_H1,2,2026-05-20,266.889,268.892,268.379,261.618,269.779,270.255,45.37,44.22,45.78,45.54,45.25,44.72,837.6,56.5,2.01,7,11,1934,4,2.06,21.0,101.0,26.0
090C26E477996773H1,AGM90_H1,4,2026-05-24,267.164,272.451,267.761,270.27,265.472,269.377,46.11,46.26,45.43,44.88,44.49,43.5,813.5,57.1,2.06,6,11,1958,3,2.11,20.7,108.3,25.6
090C26E538407509H1,AGM90_H1,3,2026-05-14,265.794,265.734,266.903,267.887,262.559,268.74,44.03,44.17,44.68,45.0,44.81,44.71,805.1,60.1,2.05,9,9,2314,4,2.07,27.1,99.8,26.2
090C26E920393776H1,AGM90_H1,5,2026-05-15,262.008,266.269,264.494,274.477,269.725,266.437,45.13,45.17,45.6,45.96,45.01,45.63,817.3,56.3,2.03,5,14,1630,1,2.13,27.1,103.3,23.8
090C26E962503404H1,AGM90_H1,3,2026-05-18,265.7,263.296,265.784,265.524,268.277,267.646,42.08,45.34,44.94,46.49,45.94,44.44,801.7,62.0,2.05,3,17,1925,3,2.09,29.3,102.2,25.3
090C26F514848154H1,AGM90_H1,2,2026-06-11,265.787,271.526,265.289,270.875,275.813,274.785,44.72,42.91,45.2,43.92,45.41,46.39,816.8,59.3,2.02,5,8,1388,3,2.12,18.2,107.1,25.1
090C26F111206790H1,AGM90_H1,2,2026-06-10,271.941,269.076,271.819,275.137,272.612,275.409,44.39,45.34,46.2,44.78,43.85,45.36,807.8,66.4,2.04,8,12,1496,1,2.1,25.8,104.2,22.9
090C26F579989022H1,AGM90_H1,3,2026-06-18,273.12,274.054,271.613,275.891,274.485,274.841,46.58,45.71,44.39,44.89,44.66,43.6,774.8,59.2,2.11,10,8,1779,2,2.11,22.9,96.9,25.1
090C26F583952473H1,AGM90_H1,3,2026-06-15,278.822,277.699,281.983,276.634,280.327,283.417,44.35,43.42,44.67,45.75,44.82,46.74,794.3,64.6,2.05,3,10,1533,3,2.12,29.2,103.0,30.2
090C26F512328730H1,AGM90_H1,3,2026-06-21,265.806,259.481,259.188,260.559,258.6,259.625,45.8,44.72,46.03,44.65,45.63,46.64,845.2,55.4,2.05,5,10,1523,3,2.11,23.9,93.7,27.4
090C26F863656095H1,AGM90_H1,1,2026-06-02,267.654,262.095,262.006,262.904,266.156,267.895,44.12,43.76,46.35,44.18,45.36,44.87,782.4,68.9,2.04,7,6,2009,5,2.06,26.3,100.4,25.7
090C26F214803438H1,AGM90_H1,3,2026-06-19,277.812,282.361,275.876,274.063,269.486,274.904,45.24,44.2,45.24,44.18,45.51,45.41,815.6,68.0,2.05,2,11,1310,3,2.11,24.3,94.8,21.7
090C26F121306926H1,AGM90_H1,4,2026-06-20,271.388,267.904,265.503,265.598,267.515,264.456,43.91,42.56,46.41,45.22,44.85,46.22,813.9,34.4,2.07,5,17,2080,1,2.06,19.4,103.0,29.4
090C26F877224570H1,AGM90_H1,4,2026-06-07,264.464,270.237,266.732,261.167,270.481,273.382,45.2,44.26,43.65,45.01,44.09,46.61,798.9,55.6,2.02,6,5,2108,3,2.13,25.6,109.1,28.0
090C26F649499828H1,AGM90_H1,4,2026-06-04,267.579,262.136,261.17,268.582,263.384,260.526,45.27,45.2,45.93,46.0,45.18,47.17,816.2,76.7,2.03,6,10,1360,4,2.08,22.8,101.5,24.3
090C26F040465485H1,AGM90_H1,3,2026-06-16,271.598,273.511,270.958,273.336,274.748,270.758,45.94,43.66,45.7,44.54,45.49,44.39,794.1,42.7,2.0,4,15,1724,2,2.11,24.5,100.2,22.3
090C26F792226882H1,AGM90_H1,4,2026-06-25,287.541,286.675,284.683,271.9,284.657,276.69,44.96,44.37,45.42,47.36,45.67,44.32,830.6,67.9,2.04,7,11,1838,2,2.17,26.9,102.4,27.1
090C26F159628907H1,AGM90_H1,2,2026-06-01,268.684,273.046,274.51,265.631,280.648,275.497,43.4,46.46,44.39,45.65,45.25,44.97,831.2,79.6,2.06,4,8,1942,3,2.12,28.0,90.0,21.4
090C26G927375471H1,AGM90_H1,4,2026-07-25,269.458,270.483,275.05,271.505,266.467,266.917,45.44,44.73,44.42,47.4,44.78,46.78,823.8,63.6,2.01,6,5,1834,2,2.05,21.3,108.6,26.4
090C26G469495248H1,AGM90_H1,3,2026-07-13,269.044,268.801,265.564,267.345,268.772,270.599,45.37,45.13,43.05,44.63,44.13,45.29,795.7,62.3,2.06,2,11,2261,3,2.09,17.8,93.8,28.0
090C26G807440269H1,AGM90_H1,2,2026-07-10,266.798,268.485,265.122,265.924,266.255,267.792,43.11,46.43,44.87,44.41,43.76,46.15,794.4,52.7,2.06,2,14,1514,2,2.13,27.0,100.6,28.9
090C26G507369850H1,AGM90_H1,3,2026-07-16,268.18,263.006,260.226,263.819,258.105,259.161,47.36,46.98,42.81,46.14,45.96,46.59,792.9,68.9,2.06,3,11,1885,5,2.1,24.1,105.2,29.2
090C26G196763629H1,AGM90_H1,5,2026-07-19,268.278,274.291,269.941,261.167,267.161,264.054,44.74,46.3,45.0,43.29,46.0,45.82,802.5,71.7,2.06,6,13,1945,2,2.06,24.1,100.2,23.7
090C26G536145496H1,AGM90_H1,4,2026-07-26,270.243,263.272,265.318,260.548,260.551,263.495,46.69,46.32,44.79,44.35,44.31,44.83,842.2,66.3,2.09,8,12,1530,2,2.08,27.6,99.8,24.4
090C26G798932040H1,AGM90_H1,3,2026-07-24,262.07,265.936,264.196,258.32,256.159,265.21,45.9,46.12,44.99,44.47,44.52,43.95,775.3,86.2,2.05,1,11,1533,3,2.05,26.9,94.2,21.6
090C26G295724739H1,AGM90_H1,2,2026-07-10,273.962,273.118,269.029,269.932,269.724,270.859,45.13,45.57,45.97,44.82,45.11,45.1,805.3,65.5,2.02,6,4,1707,3,2.06,18.9,98.0,21.9
090C26G898823310H1,AGM90_H1,4,2026-07-09,266.788,271.368,268.199,269.422,265.128,265.376,42.27,45.61,47.18,45.34,44.05,45.64,813.1,70.7,1.99,5,10,2228,1,2.09,21.9,91.7,26.0
090C26G045339884H1,AGM90_H1,4,2026-07-04,276.599,273.493,274.813,272.509,270.139,273.428,46.25,44.24,45.81,45.36,45.18,44.78,812.6,71.5,2.05,5,12,1529,3,2.13,24.3,99.8,29.9
090C26G168914737H1,AGM90_H1,4,2026-07-25,277.332,273.121,273.141,267.89,268.387,270.376,44.62,45.12,42.34,44.71,44.42,47.32,812.0,78.1,2.07,3,12,1758,5,2.11,25.6,95.2,27.1
090C26G348265563H1,AGM90_H1,4,2026-07-18,274.3,268.979,269.865,271.663,276.312,267.536,42.91,45.68,45.73,45.08,45.47,45.09,818.6,68.1,2.09,5,13,1477,2,2.12,21.9,92.1,21.7
090C26G048837645H1,AGM90_H1,4,2026-07-25,280.845,278.368,279.903,285.015,277.346,282.052,45.87,45.77,45.62,45.71,45.63,45.03,800.7,55.7,2.09,2,8,1502,2,2.11,26.2,111.0,25.9
090C26H282058903H1,AGM90_H1,3,2026-08-26,273.633,272.798,271.54,274.126,266.133,271.741,45.66,45.94,47.32,45.07,46.09,44.83,831.1,68.2,2.06,2,8,2316,4,2.09,20.5,94.4,20.7
090C26H296128317H1,AGM90_H1,4,2026-08-20,265.216,267.97,265.909,265.604,267.819,265.632,45.33,46.71,44.79,45.47,44.47,46.59,807.3,54.6,2.02,9,3,1117,2,2.08,24.4,105.4,21.5
090C26H477460505H1,AGM90_H1,2,2026-08-04,278.929,278.781,273.043,277.808,274.773,273.878,43.65,43.75,44.85,44.52,45.37,45.53,794.3,51.6,2.05,2,3,1415,2,2.08,26.6,109.7,23.8
090C26H341861543H1,AGM90_H1,5,2026-08-25,266.557,273.356,275.794,268.562,271.779,267.375,45.83,44.78,45.31,44.6,45.27,44.59,838.5,77.2,2.07,4,7,1629,4,2.05,18.4,103.2,25.8
090C26H995140486H1,AGM90_H1,2,2026-08-04,256.754,258.627,262.026,263.436,263.799,257.444,44.3,45.65,45.31,45.12,45.79,44.32,805.5,60.6,2.02,5,6,1769,3,2.11,24.8,105.1,24.9
090C26H445822368H1,AGM90_H1,5,2026-08-16,269.452,263.313,267.241,267.679,262.087,272.073,44.97,44.19,46.14,45.9,45.16,44.77,823.2,73.7,2.06,5,7,1886,3,2.11,25.3,100.6,25.6
090C26H705704410H1,AGM90_H1,5,2026-08-08,272.107,268.122,273.158,271.644,263.132,274.556,44.52,46.39,45.28,44.83,44.77,44.69,821.0,78.3,2.05,1,16,2301,2,2.07,25.8,100.6,22.5
090C26H308529600H1,AGM90_H1,2,2026-08-08,255.413,258.757,266.182,258.938,265.25,254.945,45.11,43.57,45.26,44.95,45.02,44.53,826.4,77.4,2.09,6,9,1830,3,2.12,27.6,100.0,20.6
090C26H935409664H1,AGM90_H1,4,2026-08-17,266.433,274.487,276.713,274.113,276.248,275.317,44.92,43.96,44.65,44.89,45.41,45.81,823.3,72.7,2.09,6,6,1871,4,2.09,21.9,95.6,22.6
090C26H550177674H1,AGM90_H1,2,2026-08-03,264.415,267.591,267.991,264.714,267.632,267.834,43.26,45.06,43.14,46.09,44.34,45.25,832.0,57.7,2.02,7,12,1850,4,2.06,32.0,104.1,22.9
090C26H975071349H1,AGM90_H1,5,2026-08-08,264.957,272.901,269.196,262.669,267.38,267.258,45.18,43.98,44.5,44.75,43.74,44.74,810.6,60.3,2.12,7,7,1929,3,2.18,20.7,101.5,24.5
090C26H810850332H1,AGM90_H1,4,2026-08-07,264.876,265.558,264.913,266.746,266.32,262.145,45.52,46.26,44.54,45.83,43.73,45.36,805.3,60.1,2.04,10,7,1962,4,2.13,27.1,100.1,24.8
090C26H972958734H1,AGM90_H1,2,2026-08-25,275.483,269.288,266.905,267.488,272.559,268.284,44.49,43.46,46.56,45.8,43.43,44.91,787.8,79.5,2.01,5,12,1020,3,2.15,24.4,98.6,20.8
090C26I029135482H1,AGM90_H1,3,2026-09-16,270.825,270.142,275.625,273.217,272.827,277.885,47.06,45.25,44.59,44.26,45.77,43.37,826.3,56.8,2.0,6,13,1723,5,2.11,28.2,108.2,23.1
090C26I394688883H1,AGM90_H1,2,2026-09-08,266.838,264.489,276.309,279.195,266.986,265.667,44.31,46.28,43.41,43.56,45.61,44.9,800.4,83.4,2.0,4,10,1090,4,2.08,25.4,101.7,24.4
090C26I190257904H1,AGM90_H1,2,2026-09-14,261.844,260.824,262.082,262.405,263.069,259.408,45.68,44.4,46.0,45.5,46.24,45.44,817.4,61.3,2.08,7,9,1677,4,2.07,26.4,98.4,25.1
090C26I171699995H1,AGM90_H1,3,2026-09-08,273.767,269.627,273.536,270.874,264.731,263.456,44.31,45.26,47.11,47.82,46.56,44.43,816.2,95.3,2.11,7,16,1802,3,2.11,24.8,95.3,24.8
090C26I914010200H1,AGM90_H1,3,2026-09-26,259.726,260.708,263.637,258.789,256.759,260.494,45.09,45.46,45.31,45.04,44.14,44.37,793.3,55.8,2.0,3,10,1827,1,2.11,31.8,108.9,30.3
090C26I812227529H1,AGM90_H1,2,2026-09-08,263.939,263.868,258.401,259.599,260.922,258.119,45.74,45.82,46.18,44.82,45.84,45.79,808.3,70.7,2.08,10,1,1531,4,2.09,27.4,96.8,24.7
090C26I792501086H1,AGM90_H1,3,2026-09-17,271.76,276.501,270.706,276.292,269.496,272.341,45.45,45.18,44.57,44.36,45.7,44.85,794.5,56.1,2.02,7,9,1657,3,2.12,29.8,101.5,26.6
090C26I080603931H1,AGM90_H1,4,2026-09-27,272.932,270.425,265.924,273.224,269.869,265.076,45.97,45.55,45.22,44.78,44.67,46.48,780.4,60.2,2.07,2,5,1307,3,2.08,29.9,102.9,26.8
090C26I364533203H1,AGM90_H1,5,2026-09-06,274.438,270.925,270.319,271.226,270.913,274.779,44.7,44.49,45.73,42.98,47.0,43.61,796.8,56.2,2.11,5,19,1748,2,2.08,23.5,90.0,26.9
090C26I152351907H1,AGM90_H1,2,2026-09-16,273.125,279.407,272.371,277.128,276.169,270.632,43.71,46.11,45.31,46.39,44.24,45.09,820.5,68.3,2.0,3,8,1543,4,2.07,24.4,103.3,20.7
090C26I483558101H1,AGM90_H1,2,2026-09-02,265.322,264.096,268.548,270.849,265.38,268.064,44.27,46.2,44.68,45.25,43.69,46.82,839.9,60.7,2.11,6,10,1206,3,2.08,29.6,94.2,22.8
090C26I095442546H1,AGM90_H1,4,2026-09-06,281.269,276.863,278.6,281.21,275.393,281.348,47.09,44.51,43.77,46.18,45.41,44.93,816.2,65.7,2.06,5,8,1499,4,2.11,27.1,94.7,28.7
090C26I635413717H1,AGM90_H1,4,2026-09-14,272.786,269.943,271.56,269.953,269.237,272.609,44.52,45.18,45.55,43.45,44.75,45.04,796.2,63.6,2.0,3,6,1486,4,2.06,27.1,101.4,18.7
090C26J374245036H1,AGM90_H1,3,2026-10-14,274.605,270.279,271.49,276.24,272.508,278.013,44.27,45.87,45.38,43.38,44.71,45.51,833.0,66.4,2.04,7,8,1706,3,2.09,27.5,94.5,27.7
090C26J861694373H1,AGM90_H1,2,2026-10-19,265.473,267.431,268.413,268.448,268.211,269.227,45.5,45.28,45.33,44.81,48.13,45.84,820.3,57.5,2.05,6,6,2076,2,2.05,18.2,106.8,28.6
090C26J601759526H1,AGM90_H1,4,2026-10-19,274.453,272.396,275.604,274.409,275.609,275.006,43.31,45.05,45.64,43.86,45.25,45.02,824.5,36.1,2.02,4,7,1734,2,2.12,28.8,106.6,23.1
090C26J229340960H1,AGM90_H1,1,2026-10-03,269.174,265.288,266.722,269.198,269.605,272.233,46.12,44.52,45.21,43.78,45.38,44.27,821.6,69.2,2.03,6,7,2113,5,2.14,22.3,100.7,25.1
090C26J154999061H1,AGM90_H1,4,2026-10-02,273.08,275.427,271.493,272.077,267.688,273.312,43.97,45.77,43.96,43.93,47.11,44.7,800.9,48.0,2.11,1,14,1823,4,2.11,29.0,103.4,25.4
090C26J918114497H1,AGM90_H1,2,2026-10-04,273.974,268.415,265.072,269.688,269.589,269.706,42.64,47.06,48.34,45.31,44.14,45.56,817.1,79.6,2.0,5,11,1807,2,2.12,23.9,94.4,24.9
090C26J356965022H1,AGM90_H1,3,2026-10-19,260.561,262.391,265.882,263.119,265.393,262.303,44.53,46.42,45.85,45.14,44.31,45.93,793.4,60.7,2.01,5,8,1690,4,2.08,28.3,95.9,27.3
090C26J549081883H1,AGM90_H1,4,2026-10-25,268.493,265.972,268.84,274.761,272.205,273.401,45.22,45.53,44.43,45.43,45.06,45.81,812.8,64.2,2.01,6,12,2476,4,2.08,24.1,97.3,23.3
090C26J082214206H1,AGM90_H1,4,2026-10-25,264.846,260.912,275.85,269.953,266.709,253.146,45.88,42.97,45.72,44.58,44.89,45.14,815.0,66.9,2.11,3,9,1880,3,2.04,26.1,96.2,21.1
090C26J216514547H1,AGM90_H1,3,2026-10-13,251.725,256.397,255.566,248.762,254.05,255.721,44.03,44.8,46.2,44.55,44.17,45.88,807.2,53.5,2.08,6,12,1622,3,2.08,21.4,108.0,32.0
090C26J982265370H1,AGM90_H1,5,2026-10-26,278.551,287.679,286.213,276.539,281.56,281.844,44.51,43.69,46.7,43.96,45.77,44.17,825.4,70.1,2.04,4,12,2338,2,2.12,23.6,97.8,26.0
090C26J405838883H1,AGM90_H1,4,2026-10-19,278.442,279.647,275.242,283.902,270.573,275.026,43.72,43.04,44.24,46.95,44.64,46.12,796.0,69.4,2.06,5,8,1187,2,2.09,21.6,110.4,29.9
090C26J577286259H1,AGM90_H1,3,2026-10-21,277.053,273.579,273.49,274.578,278.715,273.287,45.1,45.52,44.67,43.37,43.75,44.91,811.3,56.9,2.02,7,14,1382,2,2.07,31.9,103.9,21.3
090C26K097062470H1,AGM90_H1,2,2026-11-13,273.931,268.525,271.847,267.467,260.404,267.477,44.91,46.78,46.06,44.11,46.33,44.69,795.5,71.5,2.01,3,12,1261,4,2.08,20.8,99.8,22.1
090C26K612701884H1,AGM90_H1,4,2026-11-03,275.535,274.762,275.771,278.514,269.364,273.585,44.76,45.56,44.07,43.9,45.63,44.72,819.4,60.7,2.05,7,13,1805,3,2.07,25.8,98.8,25.0
090C26K019045992H1,AGM90_H1,4,2026-11-15,274.668,274.892,275.946,275.446,277.002,274.899,45.66,44.66,44.63,44.91,46.21,44.46,806.9,44.8,2.01,6,8,1737,2,2.08,31.7,101.2,29.8
090C26K477180827H1,AGM90_H1,2,2026-11-08,269.17,269.644,271.994,270.561,268.67,268.038,45.7,46.25,45.01,45.77,44.91,42.8,836.0,59.1,2.1,5,4,1440,3,2.11,28.3,95.9,22.7
090C26K917684214H1,AGM90_H1,5,2026-11-08,267.409,267.794,264.933,264.466,269.579,263.177,45.83,43.62,45.42,46.34,47.1,44.88,812.6,60.4,2.05,6,2,1623,3,2.07,23.6,102.0,26.9
090C26K604102437H1,AGM90_H1,1,2026-11-05,272.108,266.109,275.946,275.76,271.47,269.467,43.87,43.72,45.85,45.14,43.56,45.86,791.7,52.1,2.05,1,6,1576,1,2.1,26.2,105.0,23.7
090C26K083562231H1,AGM90_H1,3,2026-11-11,270.264,271.371,271.82,266.757,272.185,272.573,46.04,45.99,45.95,44.79,44.3,44.98,811.5,58.6,2.06,3,9,1529,3,2.08,25.0,99.3,25.5
090C26K379004527H1,AGM90_H1,4,2026-11-02,259.981,260.731,261.272,260.683,262.824,262.402,45.38,44.75,45.83,47.58,43.05,44.61,808.8,59.3,2.03,1,5,1442,3,2.14,29.2,101.9,25.0
090C26K240530504H1,AGM90_H1,4,2026-11-09,262.611,273.535,273.784,265.293,270.129,270.202,44.37,44.55,45.41,43.9,46.94,43.69,822.1,66.4,2.02,4,7,1399,2,2.08,26.8,92.9,28.2
090C26K078633615H1,AGM90_H1,1,2026-11-25,273.407,273.603,273.67,265.306,273.184,272.792,46.25,43.44,43.64,44.45,45.13,45.9,819.1,64.0,2.03,5,9,1859,3,2.13,23.4,106.5,23.3
090C26K362882467H1,AGM90_H1,4,2026-11-22,263.574,270.445,266.335,267.444,270.176,267.481,43.07,43.12,44.75,47.61,42.55,46.74,802.8,69.1,2.03,5,4,1053,2,2.1,25.2,99.1,24.7
090C26K171477218H1,AGM90_H1,2,2026-11-15,268.112,265.133,259.621,266.011,264.676,266.668,43.11,44.88,46.55,44.52,44.29,44.52,814.2,63.3,2.04,5,7,2252,2,2.03,28.6,104.2,25.9
090C26K231463581H1,AGM90_H1,3,2026-11-11,263.458,261.763,263.723,260.758,262.191,266.503,45.61,44.57,45.13,43.75,45.63,45.21,798.1,48.0,2.02,4,10,1443,3,2.12,22.3,102.5,22.3
090C26L043329839H1,AGM90_H1,3,2026-12-04,265.027,264.843,261.615,261.33,261.077,266.981,44.59,44.09,45.86,46.7,45.53,44.84,790.3,52.8,2.01,6,5,2245,3,2.14,21.1,98.2,24.0
090C26L458134178H1,AGM90_H1,5,2026-12-19,262.8,266.773,266.325,262.675,262.412,262.254,45.16,42.31,44.33,45.76,44.27,45.13,802.4,70.8,2.05,1,5,2032,4,2.2,32.7,99.2,23.3
090C26L856648625H1,AGM90_H1,5,2026-12-17,271.136,271.325,274.069,272.722,272.661,272.221,47.37,46.82,44.43,45.86,45.7,45.54,817.6,73.2,2.04,6,11,2134,3,2.18,24.9,97.2,25.8
090C26L922933292H1,AGM90_H1,4,2026-12-27,266.42,273.497,268.878,273.493,262.677,267.008,44.79,42.92,44.31,45.03,45.27,46.21,827.8,68.5,2.06,1,12,1555,4,2.11,29.0,102.7,25.9
090C26L337832978H1,AGM90_H1,3,2026-12-13,267.395,266.375,266.826,262.45,266.73,269.508,44.18,45.14,43.72,45.05,44.11,44.36,816.3,68.1,2.05,7,17,1822,2,2.09,25.8,96.9,22.0
090C26L591465673H1,AGM90_H1,2,2026-12-15,266.573,272.435,267.9,271.259,262.251,263.711,44.64,44.65,46.78,45.72,45.52,44.69,823.7,96.5,2.0,6,18,1355,3,2.09,24.8,91.1,26.6
090C26L193802987H1,AGM90_H1,3,2026-12-17,263.923,263.832,260.735,272.93,270.94,269.189,45.34,44.72,45.69,42.88,45.47,45.63,798.7,64.8,2.07,7,14,1435,5,2.07,24.0,99.5,27.9
090C26L590700148H1,AGM90_H1,2,2026-12-17,267.774,269.452,270.371,267.899,266.806,270.313,45.02,45.54,43.4,45.78,45.35,45.51,807.2,61.9,2.05,7,1,1938,4,2.12,24.7,102.2,29.5
090C26L528235822H1,AGM90_H1,3,2026-12-07,265.164,264.861,266.455,261.77,265.696,268.548,45.41,45.29,44.76,44.01,44.51,44.35,794.9,64.2,2.09,6,9,1953,3,2.11,24.4,93.4,27.8
090C26L621053809H1,AGM90_H1,3,2026-12-27,269.783,272.922,267.93,265.112,266.464,270.881,45.13,44.99,43.22,45.65,43.66,44.46,812.9,54.1,2.04,4,4,1965,2,2.07,27.1,99.6,22.8
090C26L154938948H1,AGM90_H1,3,2026-12-20,262.839,264.155,262.865,268.207,262.12,255.677,44.79,42.79,45.35,45.09,45.48,46.89,846.0,69.5,2.07,4,9,1506,3,2.1,26.5,99.3,23.4
090C26L940294543H1,AGM90_H1,2,2026-12-16,276.875,276.501,275.863,278.146,274.739,275.178,44.32,45.4,43.09,46.07,44.85,44.36,822.2,70.2,2.01,6,14,1697,3,2.11,25.1,91.6,26.6
090C26L921066980H1,AGM90_H1,4,2026-12-18,270.372,267.906,265.417,269.264,267.562,265.021,45.4,46.08,43.49,44.78,44.21,44.82,800.3,74.4,2.02,7,11,1677,4,2.17,25.2,98.5,30.2
090C26A039982859K1,AGM90_K1,3,2026-01-11,259.54,259.494,260.423,257.954,261.156,262.965,45.82,43.59,44.39,46.73,44.46,43.89,820.1,47.4,2.04,4,13,1936,5,2.08,26.3,100.2,27.4
090C26A071074312K1,AGM90_K1,3,2026-01-09,259.468,254.18,259.968,264.674,259.121,262.796,44.75,44.81,45.24,45.38,43.42,45.42,805.9,47.8,2.03,7,6,2008,3,2.07,19.3,103.2,24.8
090C26A931102866K1,AGM90_K1,2,2026-01-05,263.518,267.063,277.646,281.017,275.469,276.012,45.73,44.42,44.97,45.11,45.21,46.66,805.0,72.1,2.07,2,11,1836,1,2.09,22.5,97.2,26.8
090C26A431652046K1,AGM90_K1,4,2026-01-24,275.377,278.921,274.122,270.998,268.709,272.173,45.72,45.61,46.21,44.13,45.65,44.46,805.9,60.1,2.07,5,17,1399,3,2.09,25.5,97.2,28.1
090C26A136774232K1,AGM90_K1,2,2026-01-02,269.733,275.391,277.362,277.405,273.121,278.328,45.53,44.84,45.61,46.78,42.97,44.63,812.5,65.9,2.11,5,11,1500,3,2.12,25.5,102.7,24.4
090C26A823887238K1,AGM90_K1,4,2026-01-02,273.08,274.598,270.356,270.096,272.268,272.526,44.38,43.79,45.07,44.14,44.4,44.19,825.3,49.8,2.07,5,2,1870,2,2.12,23.3,101.1,29.1
090C26A106176081K1,AGM90_K1,3,2026-01-20,270.954,271.382,267.504,268.065,277.469,270.246,44.79,44.03,47.04,42.81,44.59,45.16,811.4,56.4,2.01,7,7,1937,2,2.17,23.9,112.5,26.9
090C26A235953385K1,AGM90_K1,3,2026-01-08,265.606,267.607,269.356,265.056,268.355,267.484,46.26,44.72,44.65,45.57,45.17,45.09,829.9,62.0,2.06,5,7,1763,3,2.1,25.8,97.1,24.4
090C26A976300792K1,AGM90_K1,3,2026-01-24,266.318,264.863,263.795,265.996,266.172,265.191,44.74,44.96,44.29,45.0,45.03,44.76,807.3,53.3,2.0,5,9,1100,3,2.11,19.0,106.0,27.7
090C26A600101699K1,AGM90_K1,2,2026-01-18,267.776,261.575,257.814,263.814,260.408,262.003,43.44,43.38,45.69,44.58,44.83,45.52,829.9,53.2,2.07,3,19,1632,5,2.16,24.7,108.1,24.9
090C26A259104855K1,AGM90_K1,3,2026-01-17,271.407,269.193,269.76,279.415,278.113,276.122,45.41,44.03,46.27,44.2,44.09,45.4,821.6,76.0,2.03,8,14,1797,2,2.12,30.4,104.3,24.1
090C26A184263538K1,AGM90_K1,3,2026-01-03,254.923,259.044,256.939,259.004,258.932,254.883,43.64,44.97,46.35,45.9,44.34,45.44,800.3,63.2,2.02,3,17,1415,2,2.16,23.2,102.3,21.0
090C26A753988882K1,AGM90_K1,3,2026-01-07,270.81,270.085,268.194,269.015,269.647,269.766,44.36,44.64,44.3,44.71,44.45,45.41,814.8,65.5,2.08,3,13,1898,4,2.12,26.2,104.8,21.6
090C26B647222236K1,AGM90_K1,3,2026-02-10,272.035,276.809,270.183,273.128,272.754,265.724,44.61,43.22,43.75,44.37,44.47,43.88,795.7,59.2,2.07,5,13,1438,2,2.11,23.0,95.5,20.9
090C26B731216643K1,AGM90_K1,3,2026-02-26,279.288,275.081,272.046,276.611,275.467,271.852,46.54,44.45,44.99,42.63,43.88,45.05,820.7,67.6,2.09,4,16,1847,3,2.13,25.9,104.2,26.2
090C26B691329421K1,AGM90_K1,4,2026-02-21,272.212,279.284,268.644,276.505,276.365,278.465,44.16,44.39,43.75,45.55,45.05,42.13,828.1,58.9,2.04,8,15,1575,2,2.08,24.8,104.2,25.1
090C26B765675639K1,AGM90_K1,3,2026-02-27,278.417,279.314,282.301,275.348,273.371,271.084,44.48,45.03,45.92,45.71,45.71,44.13,793.1,53.8,2.09,7,12,2197,1,2.08,27.7,95.0,19.8
090C26B365678851K1,AGM90_K1,4,2026-02-10,261.547,262.925,265.32,260.212,259.222,263.608,45.14,45.36,44.56,43.49,43.2,45.01,808.7,53.5,2.06,5,13,2338,3,2.11,21.4,107.7,24.2
090C26B708853770K1,AGM90_K1,3,2026-02-21,267.164,272.786,269.365,274.916,270.3,273.031,44.1,44.88,43.36,43.58,45.43,46.07,818.9,48.9,2.02,5,16,2156,2,2.08,24.8,93.3,29.9
090C26B060984683K1,AGM90_K1,4,2026-02-01,266.61,279.687,278.07,272.474,277.712,269.655,47.07,45.08,45.74,45.66,44.69,45.59,841.3,67.2,2.06,6,5,1703,3,2.07,25.6,96.1,25.8
090C26B671137506K1,AGM90_K1,1,2026-02-01,268.202,266.979,261.552,262.598,266.386,266.987,44.45,46.18,45.49,46.05,44.82,45.12,851.3,77.0,2.1,5,15,1957,2,2.09,24.0,90.0,27.3
090C26B668082218K1,AGM90_K1,4,2026-02-16,269.319,263.552,267.366,267.833,268.501,270.119,45.43,45.9,44.65,45.03,45.82,45.11,790.1,57.6,2.06,5,7,1975,2,2.13,26.7,101.1,23.0
090C26B463014820K1,AGM90_K1,5,2026-02-21,267.949,263.557,259.441,259.245,262.095,260.599,44.88,44.94,45.24,45.68,45.37,45.82,821.1,62.8,2.06,4,15,1825,3,2.1,25.1,108.6,27.6
090C26B774464293K1,AGM90_K1,3,2026-02-12,259.462,260.747,261.358,261.67,268.314,262.693,44.54,45.99,45.02,43.79,45.3,46.25,790.0,61.0,2.13,4,5,1537,4,2.18,23.2,97.0,23.8
090C26B143613367K1,AGM90_K1,3,2026-02-18,275.957,277.071,278.357,276.159,277.543,275.908,44.33,44.53,47.07,43.65,44.91,44.85,812.6,66.1,2.05,7,14,1998,3,2.09,24.2,97.3,26.9
090C26B473702744K1,AGM90_K1,2,2026-02-06,267.849,271.481,265.43,272.336,271.718,269.087,44.45,46.01,46.97,44.28,45.21,43.71,823.4,64.7,2.02,7,8,1421,3,2.08,25.7,102.8,28.2
090C26C923608771K1,AGM90_K1,3,2026-03-12,291.195,280.635,280.695,287.021,273.254,290.935,45.42,43.08,47.58,46.76,44.83,44.47,820.5,71.4,2.01,5,6,1825,4,2.11,25.4,106.0,24.4
090C26C468193409K1,AGM90_K1,5,2026-03-10,268.465,270.208,274.853,278.266,272.789,275.734,45.51,44.4,47.19,45.22,46.06,46.93,825.8,69.3,2.04,4,6,1758,4,2.15,26.6,95.1,29.4
090C26C185784495K1,AGM90_K1,3,2026-03-21,273.796,270.875,273.005,270.555,273.829,279.046,44.3,45.75,44.49,44.68,46.2,44.37,843.6,76.0,2.12,4,5,2049,3,2.13,26.5,97.8,30.4
090C26C358886427K1,AGM90_K1,4,2026-03-05,268.251,263.177,264.431,266.601,272.907,273.593,44.19,44.79,46.17,44.44,45.64,47.38,779.2,59.5,2.07,8,8,1810,3,2.15,30.9,105.6,17.4
090C26C740288590K1,AGM90_K1,5,2026-03-02,272.228,273.47,275.993,268.825,273.186,270.586,44.9,46.52,45.27,45.13,45.02,45.36,820.5,67.7,2.06,7,18,2057,2,2.12,29.1,98.3,28.2
090C26C540082992K1,AGM90_K1,5,2026-03-13,267.551,268.952,270.823,271.142,268.894,272.223,44.76,43.98,44.69,43.78,45.54,45.19,811.0,70.6,2.11,2,14,2023,2,2.12,24.0,101.8,30.4
090C26C676817193K1,AGM90_K1,3,2026-03-04,269.666,265.556,266.766,271.187,270.748,270.915,44.07,44.11,46.2,47.4,44.87,45.81,800.1,48.1,1.99,5,8,2331,3,2.12,25.0,112.5,24.1
090C26C655109464K1,AGM90_K1,3,2026-03-18,272.311,266.616,276.905,274.752,263.261,266.947,45.81,44.89,44.36,45.21,45.63,45.47,803.0,68.5,2.03,3,7,1703,1,2.09,24.4,105.3,26.1
090C26C053388971K1,AGM90_K1,2,2026-03-03,275.097,275.6,274.666,274.54,275.419,278.356,45.09,44.08,45.95,45.39,43.71,44.86,798.5,63.6,2.06,7,17,1888,2,2.08,26.8,96.1,28.0
090C26C174883926K1,AGM90_K1,3,2026-03-27,273.341,275.176,268.574,269.602,273.602,279.94,45.42,45.74,44.89,46.08,46.91,46.29,829.1,58.0,2.06,7,10,1797,2,2.09,21.2,112.1,27.9
090C26C740335023K1,AGM90_K1,4,2026-03-04,273.366,276.833,276.686,272.084,274.701,277.478,47.11,43.28,43.51,45.95,44.56,44.15,811.5,56.3,2.07,6,7,1970,2,2.08,25.0,102.7,22.0
090C26C356715450K1,AGM90_K1,4,2026-03-23,268.878,271.313,270.135,270.132,271.684,270.825,45.04,45.66,44.19,44.75,45.71,46.18,822.2,78.5,2.02,6,11,1491,4,2.06,25.9,107.9,20.9
090C26C536303534K1,AGM90_K1,4,2026-03-12,270.105,272.52,270.664,265.377,277.14,259.62,45.05,47.01,46.04,44.48,44.97,46.18,795.8,52.6,2.01,3,9,1776,3,2.15,21.1,112.5,25.1
090C26D764075529K1,AGM90_K1,2,2026-04-03,274.539,275.897,276.323,274.395,273.957,275.712,46.08,44.33,44.32,45.59,44.42,45.66,807.5,66.8,2.11,7,13,1257,3,2.09,28.8,98.5,23.8
090C26D287889640K1,AGM90_K1,3,2026-04-26,271.232,271.547,268.314,264.166,273.174,271.528,45.16,44.34,45.88,45.07,44.72,44.26,801.0,64.1,2.05,2,10,1767,3,2.08,21.0,96.3,26.7
090C26D706665401K1,AGM90_K1,5,2026-04-25,262.662,263.86,258.54,265.914,263.945,267.599,44.47,44.99,45.46,46.25,45.09,45.98,826.3,72.1,2.04,6,11,2225,3,2.1,19.8,104.1,22.8
090C26D285656437K1,AGM90_K1,5,2026-04-06,270.682,262.484,272.892,270.36,275.652,264.352,45.27,43.2,43.9,44.3,45.67,43.89,806.5,66.5,2.03,4,2,1369,2,2.05,20.8,97.5,26.4
090C26D533090293K1,AGM90_K1,4,2026-04-22,261.963,264.665,262.62,254.659,257.807,256.64,47.54,44.57,45.23,44.1,45.53,44.24,800.5,80.0,2.04,5,11,1808,2,2.13,26.2,103.5,22.1
090C26D784343981K1,AGM90_K1,5,2026-04-15,263.11,262.285,262.475,260.99,261.778,261.03,46.64,45.23,45.27,44.6,45.86,44.21,817.4,57.8,2.03,5,16,1530,2,2.12,24.5,102.6,29.2
090C26D049068575K1,AGM90_K1,4,2026-04-15,282.537,278.223,275.512,279.559,275.199,277.407,44.92,47.57,46.36,43.91,46.7,43.27,796.7,60.8,2.03,5,19,1905,3,2.07,25.1,99.5,26.5
090C26D315280443K1,AGM90_K1,4,2026-04-21,268.382,269.318,272.757,265.949,266.935,263.369,44.24,44.56,44.19,45.1,43.67,43.99,785.4,53.3,2.06,7,6,1822,4,2.13,24.9,104.0,26.5
090C26D941488763K1,AGM90_K1,2,2026-04-23,267.204,270.779,275.333,274.697,272.895,272.569,44.79,44.62,45.25,46.3,48.08,45.79,802.3,59.6,2.07,9,13,1759,3,2.08,21.6,96.8,21.1
090C26D167957293K1,AGM90_K1,2,2026-04-23,257.054,253.232,253.075,253.655,259.268,253.565,45.85,44.04,45.36,44.77,45.19,42.89,827.1,59.0,2.05,4,12,1707,3,2.08,22.3,102.8,33.1
090C26D432985547K1,AGM90_K1,3,2026-04-18,263.188,266.366,268.369,262.238,272.856,269.234,45.17,45.39,45.28,46.12,46.2,46.28,787.7,68.6,2.07,5,13,1713,3,2.11,22.4,105.3,24.6
090C26D267949882K1,AGM90_K1,3,2026-04-03,260.278,263.526,264.001,261.026,264.459,267.648,43.62,44.26,43.68,45.22,47.24,45.57,821.6,68.0,2.02,3,6,1575,3,2.06,23.8,107.0,27.5
090C26D291482282K1,AGM90_K1,3,2026-04-20,268.647,264.213,268.899,269.875,270.522,274.088,44.97,44.66,44.26,44.17,43.43,45.02,817.8,66.0,2.04,5,10,1894,3,2.08,23.4,103.2,24.4
090C26E098026136K1,AGM90_K1,4,2026-05-19,264.701,259.388,265.221,266.226,263.187,258.043,46.49,44.57,43.4,45.0,44.49,45.44,792.2,60.6,2.04,5,16,2052,4,2.06,24.6,98.5,25.8
090C26E831932305K1,AGM90_K1,3,2026-05-22,260.269,275.828,274.92,266.479,269.627,269.639,46.2,46.23,46.67,44.48,45.6,45.57,802.5,80.6,2.09,5,7,1852,1,2.11,21.3,93.7,21.1
090C26E696426030K1,AGM90_K1,3,2026-05-14,264.617,275.827,274.819,278.816,279.784,276.353,43.83,45.12,44.79,45.15,44.0,43.87,808.3,68.5,2.07,5,5,1321,3,2.11,23.0,97.6,23.2
090C26E830672083K1,AGM90_K1,3,2026-05-20,265.445,269.005,266.183,266.854,265.908,265.433,46.44,43.39,45.47,46.84,43.22,45.39,785.8,78.3,2.05,7,10,2013,5,2.08,23.7,95.8,23.8
090C26E260430713K1,AGM90_K1,1,2026-05-05,264.736,270.623,261.2,269.499,261.993,269.365,44.16,45.65,44.22,45.3,44.03,46.03,792.2,54.4,2.07,2,8,1563,2,2.13,27.1,108.6,23.6
090C26E334581937K1,AGM90_K1,3,2026-05-03,277.385,268.107,282.698,278.068,278.476,273.284,45.32,45.3,43.38,46.09,43.95,46.83,811.1,72.3,2.04,5,13,1853,2,2.13,25.8,100.9,26.4
090C26E545311193K1,AGM90_K1,5,2026-05-03,277.42,269.291,277.143,273.745,277.244,275.386,45.49,43.38,42.8,44.19,45.9,45.39,791.7,51.4,2.06,6,9,2086,3,2.13,26.4,109.0,29.0
090C26E058284428K1,AGM90_K1,3,2026-05-16,270.954,271.182,273.096,269.871,268.913,276.599,45.5,45.92,44.36,45.12,44.57,45.06,802.3,53.8,2.02,5,10,1495,3,2.04,27.0,106.4,21.3
090C26E054283851K1,AGM90_K1,4,2026-05-12,268.08,267.955,269.694,269.735,270.077,263.485,45.69,46.21,45.16,45.56,46.79,46.51,825.0,73.9,2.07,8,3,2194,4,2.11,25.6,93.1,23.1
090C26E609973550K1,AGM90_K1,3,2026-05-14,259.675,267.521,267.252,263.339,257.307,263.389,45.34,46.04,44.33,46.05,45.08,46.65,813.6,80.7,2.02,3,14,1873,4,2.12,22.6,91.3,24.2
090C26E905831291K1,AGM90_K1,4,2026-05-15,277.412,275.122,272.548,271.929,277.654,274.83,46.64,46.52,44.84,43.28,44.41,44.79,839.7,69.9,2.03,2,13,1764,3,2.13,34.0,99.7,22.5
090C26E370672241K1,AGM90_K1,3,2026-05-16,279.758,273.329,273.89,272.65,279.163,271.691,45.91,45.86,46.06,46.02,45.06,44.5,833.8,58.5,2.02,9,9,1609,1,2.09,26.0,105.4,25.0
090C26E681438302K1,AGM90_K1,2,2026-05-02,279.897,282.419,281.249,282.356,280.58,278.365,43.01,45.88,46.27,44.6,44.87,44.71,802.5,75.3,2.03,6,12,1873,4,2.1,27.1,97.6,23.4
090C26F982727350K1,AGM90_K1,4,2026-06-04,282.619,274.604,282.491,282.084,282.708,280.081,46.4,45.12,45.03,46.45,45.15,45.78,820.1,75.3,2.02,3,10,1842,3,2.1,29.7,103.2,22.4
090C26F866083509K1,AGM90_K1,2,2026-06-15,269.942,270.726,269.98,259.489,265.423,262.952,44.51,43.65,44.03,44.96,45.11,45.61,793.8,81.2,2.03,6,17,1852,4,2.07,22.9,97.5,30.6
090C26F915269632K1,AGM90_K1,4,2026-06-06,261.919,258.146,262.799,262.006,260.099,260.064,45.29,46.64,44.44,43.28,45.13,44.83,807.0,62.8,2.06,4,13,1702,4,2.15,22.1,93.4,23.2
090C26F090612387K1,AGM90_K1,2,2026-06-09,268.606,267.783,268.273,265.212,267.562,268.715,44.77,44.39,47.31,44.14,44.67,44.99,825.8,59.6,2.04,2,11,1566,2,2.16,25.4,100.8,21.2
090C26F081103037K1,AGM90_K1,2,2026-06-10,273.567,270.976,270.194,274.443,276.26,267.642,43.47,45.46,42.96,44.59,45.02,45.52,815.8,62.7,2.06,8,13,1697,3,2.13,23.3,102.7,29.5
090C26F467761883K1,AGM90_K1,4,2026-06-23,274.925,275.072,272.872,268.306,271.707,272.229,46.21,46.77,44.09,43.65,43.57,43.39,805.7,74.8,2.07,4,9,1501,2,2.16,26.2,100.7,20.3
090C26F305001579K1,AGM90_K1,3,2026-06-17,282.377,271.326,267.852,268.739,268.971,275.091,45.21,44.63,43.55,45.84,43.69,46.32,848.2,79.2,2.08,4,5,1546,4,2.15,21.8,99.0,21.9
090C26F403474933K1,AGM90_K1,2,2026-06-20,274.754,272.84,279.809,279.816,272.114,274.084,45.22,43.72,45.53,46.47,44.82,44.93,833.0,50.2,1.97,6,17,1752,2,2.09,21.3,111.3,24.6
090C26F745857314K1,AGM90_K1,3,2026-06-12,269.623,264.362,271.654,268.968,269.195,269.925,44.73,42.16,43.63,45.06,46.28,44.09,792.0,61.3,2.08,7,11,1840,2,2.12,31.8,93.6,24.7
090C26F931446412K1,AGM90_K1,4,2026-06-09,271.213,267.594,272.214,274.547,267.473,264.577,45.76,44.29,44.83,45.65,43.52,44.74,812.5,57.4,2.06,5,18,1800,4,2.1,26.9,103.5,24.7
090C26F809715693K1,AGM90_K1,3,2026-06-17,260.226,264.018,265.299,266.105,265.643,261.076,45.37,43.99,46.4,45.4,46.74,44.19,801.0,46.6,2.08,3,5,1827,3,2.09,22.6,99.5,23.4
090C26F899705731K1,AGM90_K1,2,2026-06-23,270.835,269.188,264.847,268.817,268.366,270.0,43.68,45.74,44.5,46.06,45.17,45.32,813.7,59.7,2.08,1,3,2183,2,2.09,25.3,103.7,24.7
090C26F022445277K1,AGM90_K1,3,2026-06-03,266.869,267.616,271.003,268.286,269.438,269.275,45.63,45.33,44.72,43.61,44.5,45.96,820.4,56.3,2.12,5,11,2058,3,2.12,25.7,101.1,25.5
090C26G872717819K1,AGM90_K1,3,2026-07-06,269.116,274.222,277.051,271.106,275.388,277.519,45.02,44.74,46.13,45.48,42.28,44.3,797.5,68.0,2.05,4,13,1865,2,2.13,25.6,104.3,22.0
090C26G306364741K1,AGM90_K1,4,2026-07-12,270.836,270.754,269.195,269.578,272.603,269.541,46.82,43.8,44.71,45.6,44.79,44.89,811.5,54.3,2.07,8,7,1611,3,2.12,22.1,102.0,23.9
090C26G249503226K1,AGM90_K1,3,2026-07-07,273.687,276.032,276.145,280.647,281.462,278.786,44.33,44.2,45.43,43.49,44.8,45.56,799.5,77.1,2.07,2,16,1256,1,2.11,25.4,90.0,21.8
090C26G015507680K1,AGM90_K1,3,2026-07-23,268.828,272.468,267.104,266.17,269.749,276.081,45.89,45.05,44.27,44.23,46.09,45.68,795.2,92.8,2.05,4,3,2343,4,2.1,22.1,92.5,27.8
090C26G114448524K1,AGM90_K1,5,2026-07-19,267.016,268.113,266.981,267.95,266.985,267.163,44.15,45.2,47.69,44.89,46.03,46.04,816.4,66.6,2.03,6,14,1608,2,2.15,28.4,101.5,25.9
090C26G445564266K1,AGM90_K1,3,2026-07-27,262.016,264.305,264.972,262.459,264.959,260.558,43.78,44.03,45.35,46.19,43.11,43.63,823.8,59.2,2.11,4,8,1542,2,2.06,22.1,101.3,29.8
090C26G212876758K1,AGM90_K1,3,2026-07-19,273.269,271.855,273.575,273.554,269.507,273.097,45.37,46.36,43.2,44.91,44.46,45.93,797.4,56.3,2.07,4,11,1656,2,2.07,27.4,108.9,22.2
090C26G284358197K1,AGM90_K1,1,2026-07-13,270.844,284.025,275.902,270.063,274.489,275.873,45.1,44.93,44.36,44.68,44.63,45.32,797.7,76.5,2.08,4,11,2024,3,2.08,24.4,102.8,31.5
090C26G612039058K1,AGM90_K1,3,2026-07-08,268.694,264.758,271.868,266.019,266.601,267.05,45.6,45.45,43.82,44.6,43.13,44.74,799.2,66.3,2.03,5,12,1948,4,2.08,23.7,96.2,19.3
090C26G422060593K1,AGM90_K1,1,2026-07-27,266.654,271.247,276.422,274.464,269.751,270.713,44.46,45.66,45.24,45.42,42.9,45.84,807.8,42.8,2.05,8,11,2048,2,2.15,26.3,100.3,29.5
090C26G439796457K1,AGM90_K1,5,2026-07-20,264.378,267.425,262.722,265.209,265.886,264.901,44.05,44.72,46.07,43.17,45.45,44.85,820.7,61.2,2.05,7,10,2129,2,2.06,25.8,107.4,29.4
090C26G693389969K1,AGM90_K1,3,2026-07-14,265.833,273.264,273.222,274.77,268.6,271.267,45.99,43.84,43.73,45.92,45.43,44.91,837.7,70.2,2.03,5,8,1930,3,2.05,24.0,103.0,22.0
090C26G609280172K1,AGM90_K1,1,2026-07-25,271.018,264.801,269.936,269.606,272.358,269.942,45.99,45.71,46.0,42.92,44.4,45.12,797.1,74.4,2.04,4,9,1934,1,2.11,24.3,104.9,28.4
090C26H878842365K1,AGM90_K1,4,2026-08-14,265.402,266.056,266.967,267.048,268.484,267.908,44.09,46.31,45.33,43.8,45.37,46.19,789.5,58.2,2.04,3,15,1936,3,2.05,25.2,94.5,24.2
090C26H786211635K1,AGM90_K1,3,2026-08-05,270.986,272.491,270.637,270.476,273.094,266.406,44.36,45.05,43.64,45.46,44.85,46.06,795.7,67.7,2.04,4,10,1502,3,2.11,25.7,96.6,24.9
090C26H782072978K1,AGM90_K1,1,2026-08-15,271.025,267.819,271.613,274.604,270.729,271.65,46.5,44.32,44.49,46.53,42.87,44.65,790.9,63.6,2.0,3,12,1711,4,2.04,25.8,91.5,24.9
090C26H021920571K1,AGM90_K1,5,2026-08-18,277.518,277.256,281.203,278.926,275.994,276.586,45.48,44.28,43.91,46.21,43.16,44.64,804.5,57.4,2.02,7,8,1718,3,2.07,23.8,98.4,20.6
090C26H206447867K1,AGM90_K1,5,2026-08-16,259.228,256.452,257.913,259.059,259.055,263.429,44.03,44.71,44.34,44.08,44.87,45.33,815.1,75.7,2.13,3,11,1454,1,2.11,25.9,91.8,26.8
090C26H351118330K1,AGM90_K1,4,2026-08-04,283.905,291.079,287.077,282.031,283.688,278.729,45.54,44.5,46.38,44.77,44.46,46.3,817.4,73.1,2.03,3,14,1395,3,2.07,22.6,103.8,19.2
090C26H087986669K1,AGM90_K1,1,2026-08-26,277.746,269.927,279.005,271.534,275.624,269.176,44.5,45.72,43.92,43.1,44.32,45.78,827.3,67.7,2.02,7,6,1921,4,2.11,25.3,101.4,25.2
090C26H497452959K1,AGM90_K1,5,2026-08-08,269.851,268.254,273.906,272.113,275.675,274.56,45.73,46.51,44.78,45.34,43.17,45.0,797.6,63.0,2.05,6,4,1376,5,2.14,27.5,101.7,28.8
090C26H893711479K1,AGM90_K1,2,2026-08-03,273.688,272.892,279.338,274.9,275.535,273.424,45.33,45.12,44.7,41.96,45.41,43.85,789.0,63.7,2.07,8,6,1544,4,2.1,24.9,98.2,24.7
090C26H959007937K1,AGM90_K1,4,2026-08-12,265.064,261.754,270.601,270.921,272.123,271.985,45.16,45.57,44.83,45.65,43.57,46.01,806.7,64.1,2.05,3,12,2153,6,2.05,24.6,98.7,30.9
090C26H331322205K1,AGM90_K1,1,2026-08-18,276.404,281.456,273.193,269.502,267.648,269.682,43.18,45.74,44.37,44.74,45.84,45.36,805.3,63.2,2.06,4,2,1938,3,2.09,24.6,103.1,25.5
090C26H660214181K1,AGM90_K1,2,2026-08-20,272.456,275.527,275.107,274.007,276.724,273.113,44.17,45.84,46.23,44.18,43.8,43.12,813.6,64.2,2.04,5,10,1709,2,2.07,25.3,98.9,25.3
090C26H272196993K1,AGM90_K1,2,2026-08-17,261.246,263.733,266.204,265.394,269.666,270.769,45.24,44.81,44.81,44.53,45.47,44.22,787.4,44.5,2.07,6,11,1331,3,2.07,26.9,109.3,24.2
090C26I476213536K1,AGM90_K1,2,2026-09-06,271.378,270.504,271.969,272.028,272.088,272.222,45.22,45.23,42.88,44.85,45.96,43.36,825.5,62.3,2.02,6,2,2418,5,2.12,21.0,103.2,31.8
090C26I249807632K1,AGM90_K1,3,2026-09-05,269.694,273.929,270.033,266.034,267.055,267.833,43.62,44.02,43.75,45.18,45.57,43.97,782.2,61.2,2.0,5,10,1855,4,2.07,23.8,99.5,20.1
090C26I253109271K1,AGM90_K1,3,2026-09-13,270.583,269.627,271.879,266.952,268.135,275.113,45.38,44.58,45.44,46.75,42.73,45.38,828.5,72.7,2.04,4,12,1341,2,2.07,27.8,99.2,25.2
090C26I934503084K1,AGM90_K1,4,2026-09-05,270.181,273.293,271.539,268.827,270.469,270.075,44.58,43.67,44.34,46.02,45.74,47.13,807.8,69.3,2.08,7,11,1872,4,2.05,27.9,100.1,25.6
090C26I110078896K1,AGM90_K1,2,2026-09-02,271.617,277.729,276.068,272.642,273.803,268.292,45.9,44.26,44.56,44.38,46.16,43.35,817.1,75.4,2.04,3,12,2062,5,2.09,24.7,99.7,21.5
090C26I724303886K1,AGM90_K1,4,2026-09-06,272.343,267.807,266.138,270.167,268.57,272.28,45.74,44.75,44.23,44.71,43.78,42.36,813.9,59.1,2.05,3,5,2049,2,2.07,24.5,105.2,26.1
090C26I629527087K1,AGM90_K1,3,2026-09-09,265.706,274.13,266.968,266.811,274.054,269.983,46.35,45.13,45.35,46.79,44.9,44.93,810.7,60.7,2.01,4,11,1899,4,2.11,27.2,95.5,23.4
090C26I977255387K1,AGM90_K1,4,2026-09-22,271.699,276.636,270.412,275.844,276.966,270.705,43.78,45.15,46.6,44.54,45.25,44.71,799.0,66.8,2.05,5,11,1614,3,2.05,27.7,98.2,28.1
090C26I130257074K1,AGM90_K1,4,2026-09-22,273.506,270.947,265.914,272.452,270.136,270.664,45.26,43.55,43.15,43.91,45.93,44.24,823.8,68.7,2.06,5,7,1863,4,2.1,21.5,98.3,23.7
090C26I403136294K1,AGM90_K1,4,2026-09-22,266.362,268.345,265.778,265.921,267.042,266.473,44.32,45.87,45.26,45.74,44.69,46.34,802.5,59.9,2.11,3,9,1759,2,2.14,21.5,99.6,23.7
090C26I977646661K1,AGM90_K1,1,2026-09-12,271.552,277.432,270.243,264.449,271.538,273.002,43.24,43.61,46.62,45.26,45.33,45.28,818.6,78.1,2.07,5,16,2007,2,2.09,21.7,97.0,25.8
090C26I252300602K1,AGM90_K1,5,2026-09-04,269.154,266.374,278.223,259.944,271.829,268.508,46.59,44.96,43.75,43.22,43.34,43.78,829.5,53.4,2.04,4,10,1452,4,2.11,27.9,107.5,23.1
090C26I250679757K1,AGM90_K1,4,2026-09-16,283.143,279.376,279.717,279.068,277.874,275.112,46.39,42.44,46.19,44.49,44.85,45.75,806.2,45.9,2.05,3,8,2179,1,2.14,25.5,96.9,18.9
090C26J803161674K1,AGM90_K1,3,2026-10-19,260.601,261.316,261.304,260.797,261.251,261.631,44.99,45.56,45.17,45.81,46.4,44.77,786.5,51.1,1.99,4,2,2072,5,2.14,24.4,101.6,27.4
090C26J974460141K1,AGM90_K1,1,2026-10-09,262.375,266.122,266.434,266.55,262.312,265.874,44.85,44.15,45.37,44.57,44.68,45.25,794.3,74.1,2.0,4,10,2075,3,2.1,21.8,96.2,22.2
090C26J151188737K1,AGM90_K1,2,2026-10-14,270.815,273.88,275.122,275.557,272.881,273.096,45.87,44.96,45.27,44.48,44.29,45.66,808.8,77.9,2.08,1,7,1955,3,2.06,22.6,105.6,24.7
090C26J656845645K1,AGM90_K1,4,2026-10-16,268.794,272.013,270.793,270.934,267.426,268.102,45.47,46.13,44.98,43.34,44.52,46.02,805.8,53.6,2.06,5,14,1856,3,2.13,22.6,101.6,19.8
090C26J106537459K1,AGM90_K1,3,2026-10-24,268.78,264.666,265.128,262.833,267.345,265.891,45.91,44.38,44.72,44.75,44.36,44.93,817.3,52.7,2.03,2,8,2151,2,2.09,22.9,102.9,28.9
090C26J857167243K1,AGM90_K1,1,2026-10-03,269.215,266.951,271.237,267.154,266.249,266.162,45.78,43.98,45.88,44.93,44.78,45.33,826.5,43.6,2.06,8,8,1451,4,2.11,25.5,102.8,27.4
090C26J883363568K1,AGM90_K1,1,2026-10-02,262.485,262.803,273.5,267.229,267.381,267.374,43.3,45.77,45.33,45.28,45.37,44.38,799.5,55.9,2.06,4,9,1925,4,2.12,20.5,106.1,29.5
090C26J928774641K1,AGM90_K1,3,2026-10-12,279.209,274.182,274.072,279.273,280.562,278.507,45.64,44.57,43.88,44.21,46.51,44.36,814.2,69.7,2.03,6,11,1991,4,2.1,26.8,100.2,26.2
090C26J886095327K1,AGM90_K1,5,2026-10-23,273.243,274.921,272.495,277.419,272.953,283.087,44.99,42.49,44.87,45.54,46.25,44.09,809.1,83.8,2.0,4,1,1729,2,2.1,33.0,97.5,25.5
090C26J048950182K1,AGM90_K1,4,2026-10-26,266.255,267.307,265.943,262.982,264.204,268.533,44.81,45.9,45.82,43.74,45.11,46.41,808.3,75.2,2.09,7,12,2428,4,2.09,26.6,97.0,23.4
090C26J085226989K1,AGM90_K1,2,2026-10-17,267.719,271.056,265.208,269.565,269.394,274.496,45.54,46.16,46.17,45.66,45.65,44.02,824.3,69.4,2.09,4,14,1921,4,2.08,27.5,100.0,19.4
090C26J500339721K1,AGM90_K1,5,2026-10-25,256.341,259.662,258.332,259.733,258.397,258.171,44.81,44.22,44.43,44.81,44.64,43.7,778.2,64.1,2.02,7,11,1944,4,2.09,24.1,99.3,30.3
090C26J892795343K1,AGM90_K1,3,2026-10-13,259.374,255.949,257.763,262.318,262.982,259.601,44.81,43.93,44.78,44.62,43.87,43.45,800.9,65.4,2.02,6,20,1636,3,2.08,18.2,101.1,24.8
090C26K364221841K1,AGM90_K1,3,2026-11-25,258.842,271.243,263.166,274.65,273.483,262.83,45.7,45.5,44.6,44.87,45.2,43.61,829.4,80.8,1.98,6,5,2087,2,2.14,21.1,91.4,24.4
090C26K741921634K1,AGM90_K1,2,2026-11-27,282.669,286.05,282.838,284.732,288.168,284.534,45.31,44.47,46.14,46.16,45.68,46.47,787.3,55.5,2.04,2,8,1436,3,2.11,22.9,101.1,22.8
090C26K922102762K1,AGM90_K1,1,2026-11-06,266.252,267.901,265.568,264.199,267.019,264.63,44.24,45.87,43.44,44.59,45.81,45.97,809.2,70.7,2.07,6,10,1717,6,2.12,24.7,91.6,24.7
090C26K077340986K1,AGM90_K1,3,2026-11-25,265.19,273.131,266.656,272.189,267.271,266.199,45.73,44.53,43.71,45.74,47.64,46.47,831.7,79.6,2.11,1,15,2291,3,2.11,29.4,100.0,22.5
090C26K363751010K1,AGM90_K1,3,2026-11-08,265.714,265.26,264.449,269.122,264.321,267.895,43.45,43.56,44.59,44.49,43.88,44.43,809.5,50.1,2.08,4,11,1899,2,2.15,23.6,100.7,31.7
090C26K649862878K1,AGM90_K1,5,2026-11-12,274.535,274.3,277.365,273.723,270.194,271.402,45.18,45.99,44.04,46.32,46.44,48.03,816.2,73.2,2.07,5,10,1764,1,2.12,23.2,92.0,23.1
090C26K603781844K1,AGM90_K1,2,2026-11-19,271.246,264.693,266.021,262.423,271.878,267.316,45.0,45.46,44.04,44.69,44.28,44.51,806.7,59.9,1.99,2,11,1847,3,2.12,29.0,102.2,26.2
090C26K906659248K1,AGM90_K1,2,2026-11-11,281.264,282.649,277.51,278.456,275.673,274.352,44.98,45.57,44.93,44.16,44.47,44.84,800.3,60.7,2.06,1,6,1633,1,2.15,30.7,99.2,22.3
090C26K715159689K1,AGM90_K1,4,2026-11-18,280.866,276.872,279.979,279.747,281.898,274.024,42.49,45.07,45.8,42.96,46.62,46.17,774.1,64.0,2.08,4,9,2171,3,2.1,23.6,96.4,20.9
090C26K775964287K1,AGM90_K1,5,2026-11-26,273.986,269.782,270.215,270.337,277.565,274.554,44.3,44.84,44.2,46.33,44.94,44.79,796.5,55.1,2.06,7,16,2022,3,2.08,26.9,100.2,24.8
090C26K628109657K1,AGM90_K1,4,2026-11-19,270.577,267.565,269.839,273.626,268.243,268.655,44.45,44.97,46.58,46.98,45.42,42.33,810.4,35.6,2.02,4,15,2200,4,2.12,22.9,109.2,22.6
090C26K645104616K1,AGM90_K1,3,2026-11-22,266.171,263.425,268.832,271.705,272.814,268.497,43.7,42.42,45.56,44.26,44.97,45.05,833.3,71.5,2.08,5,16,1327,2,2.1,17.0,95.3,32.6
090C26K632070273K1,AGM90_K1,3,2026-11-12,268.568,262.713,267.717,267.298,266.841,269.161,46.17,46.22,46.13,45.17,44.42,44.21,821.2,74.0,2.1,4,10,1918,3,2.12,22.5,104.4,21.8
090C26L030420243K1,AGM90_K1,5,2026-12-11,270.924,270.212,271.388,279.225,274.235,272.543,44.54,46.65,45.03,46.54,44.82,46.42,803.3,79.8,2.06,4,8,2068,3,2.13,26.9,99.0,31.7
090C26L533909487K1,AGM90_K1,1,2026-12-07,274.612,274.97,273.965,277.7,280.721,281.038,46.87,43.25,45.35,44.91,45.29,45.89,782.3,65.3,2.02,6,11,2116,2,2.07,24.0,96.3,22.4
090C26L638881786K1,AGM90_K1,4,2026-12-17,274.924,281.318,273.561,272.149,274.155,277.101,45.36,43.42,43.43,46.53,43.3,44.35,810.0,79.1,2.06,6,10,1290,5,2.05,23.7,96.9,22.3
090C26L769764951K1,AGM90_K1,3,2026-12-01,273.654,275.557,276.269,269.775,274.672,275.938,44.27,44.56,45.14,44.43,44.87,43.78,816.4,50.8,2.11,1,13,1549,4,2.09,26.2,108.8,25.4
090C26L566714182K1,AGM90_K1,3,2026-12-05,265.643,269.662,271.543,275.751,274.735,276.298,43.69,46.29,46.19,45.53,44.79,46.72,834.0,62.6,2.05,3,7,2159,2,2.09,26.0,103.2,25.2
090C26L393222561K1,AGM90_K1,4,2026-12-11,268.37,264.656,267.264,262.278,264.271,268.448,44.63,45.25,45.17,45.95,45.62,44.19,815.9,73.5,2.07,3,15,1552,1,2.14,29.2,96.9,26.0
090C26L276059156K1,AGM90_K1,4,2026-12-04,266.369,268.694,267.552,268.88,268.168,269.786,43.98,44.76,45.75,44.89,44.66,43.73,828.9,57.5,2.1,10,11,1776,2,2.07,25.3,106.3,29.4
090C26L979639613K1,AGM90_K1,4,2026-12-09,275.556,264.52,272.784,274.567,264.762,271.19,44.76,45.21,44.12,44.15,43.85,43.39,806.2,64.4,2.06,5,11,1902,3,2.13,22.3,111.7,25.1
090C26L381733544K1,AGM90_K1,4,2026-12-15,278.51,275.72,280.034,278.198,278.295,279.592,45.48,43.86,45.25,44.65,45.67,47.53,771.5,58.3,2.04,5,9,1807,2,2.12,22.3,108.1,29.9
090C26L368393287K1,AGM90_K1,2,2026-12-06,271.633,283.229,275.698,273.946,273.772,275.329,45.92,45.15,44.89,42.51,44.71,44.45,807.1,67.1,2.05,2,13,775,2,2.1,27.7,93.3,27.2
090C26L235774955K1,AGM90_K1,4,2026-12-06,268.822,263.62,267.684,268.012,270.232,273.662,43.06,45.27,45.43,44.21,45.7,46.32,796.4,81.6,2.04,6,10,1951,3,2.05,25.6,90.5,22.4
090C26L062376112K1,AGM90_K1,3,2026-12-10,267.517,270.748,268.275,269.611,268.284,271.585,45.25,45.72,47.24,44.96,44.75,43.9,795.4,54.4,2.02,5,9,1533,1,2.09,17.5,95.9,21.8
090C26L579975305K1,AGM90_K1,1,2026-12-04,274.795,267.383,275.907,269.214,268.808,272.676,44.82,44.48,44.86,43.93,46.72,44.13,865.2,68.9,2.03,5,14,2241,2,2.07,28.8,100.5,22.1
090C26A399876406S1,AGM90_S1,3,2026-01-21,275.822,275.955,275.094,278.123,275.409,273.419,44.99,44.28,43.91,44.33,46.11,44.81,776.8,65.7,2.04,1,17,1792,4,2.06,28.5,102.4,17.0
090C26A543008813S1,AGM90_S1,4,2026-01-10,263.451,274.831,267.221,269.056,268.845,268.493,43.81,44.95,45.15,45.2,43.08,44.98,817.6,75.0,2.04,3,11,1739,3,2.09,24.7,95.3,30.3
090C26A447270607S1,AGM90_S1,2,2026-01-08,266.052,270.096,273.926,268.857,269.12,261.096,46.05,44.82,46.63,44.31,44.41,44.38,813.1,81.4,2.07,3,9,1729,3,2.1,24.6,93.5,26.8
090C26A431677146S1,AGM90_S1,5,2026-01-22,273.016,274.357,263.592,273.044,277.001,269.824,45.76,45.55,44.13,43.92,43.25,44.92,809.0,83.4,2.0,8,8,2022,1,2.13,21.2,94.9,27.5
090C26A472375782S1,AGM90_S1,2,2026-01-12,268.252,261.387,270.403,259.263,264.678,267.003,44.6,44.86,45.07,47.37,44.38,44.38,771.3,58.9,2.06,6,6,2229,3,2.06,26.5,103.5,28.5
090C26A030612002S1,AGM90_S1,4,2026-01-24,276.892,274.223,273.478,278.271,281.023,283.108,44.85,44.16,45.38,45.26,46.3,45.38,814.8,72.3,2.05,2,5,2007,3,2.09,26.2,105.9,22.9
090C26A835198488S1,AGM90_S1,3,2026-01-17,266.629,265.713,271.689,269.432,268.466,279.008,46.28,46.25,44.19,44.7,45.65,46.77,802.3,55.7,2.08,5,10,2026,4,2.06,26.9,103.5,24.6
090C26A268868573S1,AGM90_S1,4,2026-01-23,281.885,263.432,275.56,273.814,268.253,281.754,45.31,45.88,45.37,44.8,44.8,43.96,820.8,78.1,2.0,4,9,1732,2,2.08,26.0,97.7,20.7
090C26A018856147S1,AGM90_S1,3,2026-01-12,270.745,268.196,270.534,272.372,271.21,270.745,44.4,44.54,43.23,45.02,44.13,44.28,798.6,63.2,2.12,2,12,1382,4,2.14,27.6,105.9,26.9
090C26A456128409S1,AGM90_S1,4,2026-01-07,262.048,267.759,264.462,271.049,266.392,262.593,44.4,45.74,43.98,45.64,44.06,46.66,778.0,57.0,2.09,6,7,1625,2,2.09,21.8,103.0,19.2
090C26A650526647S1,AGM90_S1,3,2026-01-12,264.968,265.892,260.143,263.158,265.124,261.901,43.78,44.69,43.96,45.96,43.3,45.34,821.3,72.9,2.08,4,15,1572,4,2.12,28.9,100.1,21.5
090C26A311761033S1,AGM90_S1,2,2026-01-15,273.303,274.332,270.676,272.419,274.376,270.283,44.48,46.74,45.08,43.53,46.25,45.23,803.7,51.1,2.07,5,6,1723,3,2.05,22.0,104.6,30.2
090C26A288409980S1,AGM90_S1,4,2026-01-16,270.969,270.586,269.668,268.149,268.553,270.437,44.3,44.0,44.73,44.54,45.74,44.74,800.8,62.8,2.02,6,13,2107,3,2.1,23.4,102.1,30.1
090C26B091115817S1,AGM90_S1,1,2026-02-20,273.224,262.685,264.264,268.528,267.904,271.074,42.43,44.76,44.53,45.43,44.18,44.79,786.7,66.5,2.03,4,10,1716,2,2.11,24.1,103.2,23.3
090C26B238616927S1,AGM90_S1,2,2026-02-01,271.133,264.374,266.249,262.953,269.483,261.696,45.69,45.83,46.67,43.5,45.89,44.17,801.2,73.1,2.08,3,8,1815,2,2.09,25.8,110.6,26.0
090C26B646621141S1,AGM90_S1,3,2026-02-24,271.029,268.494,269.275,271.047,268.033,266.788,45.61,44.97,43.59,44.17,45.21,47.17,812.2,84.8,2.07,3,7,1525,2,2.11,20.9,90.0,21.0
090C26B745057043S1,AGM90_S1,3,2026-02-06,265.652,268.166,269.872,267.272,266.005,267.609,41.74,46.83,45.98,45.28,45.47,44.63,791.3,56.4,2.06,3,10,1544,2,2.07,27.1,99.7,19.0
090C26B653786842S1,AGM90_S1,4,2026-02-03,275.059,280.34,272.752,273.332,275.024,276.043,45.42,43.51,44.97,45.75,45.34,44.33,784.3,57.3,2.07,6,6,1680,1,2.12,22.6,108.9,20.2
090C26B890643353S1,AGM90_S1,1,2026-02-22,263.594,268.748,266.209,269.481,262.704,262.909,44.8,45.49,45.46,46.67,44.18,44.13,811.1,70.0,2.05,2,6,2029,5,2.04,25.9,97.2,26.0
090C26B509860104S1,AGM90_S1,2,2026-02-09,269.458,272.726,268.57,272.028,270.638,262.171,43.73,43.59,45.1,45.68,43.48,48.14,801.7,56.0,2.01,2,8,1673,2,2.08,26.1,105.4,25.5
090C26B846153680S1,AGM90_S1,3,2026-02-17,276.668,279.824,277.799,278.052,278.581,275.479,44.36,44.94,43.98,43.3,45.04,43.39,797.5,68.0,2.02,5,7,1722,3,2.14,25.5,103.7,28.4
090C26B304287934S1,AGM90_S1,4,2026-02-03,266.651,275.575,271.348,269.154,281.297,282.698,46.29,44.71,46.78,43.39,44.02,43.3,815.9,73.0,2.05,3,3,2101,2,2.1,25.1,100.0,21.8
090C26B808947231S1,AGM90_S1,2,2026-02-26,266.168,268.145,267.845,262.814,263.909,273.831,44.96,46.73,43.27,45.64,43.47,45.04,815.2,51.3,2.06,7,7,2045,4,2.09,23.8,106.7,25.6
090C26B167032947S1,AGM90_S1,2,2026-02-11,271.33,270.51,271.695,271.426,272.474,270.88,43.18,45.78,46.38,45.77,46.51,45.09,801.5,50.2,2.06,6,9,1777,3,2.16,28.6,99.5,22.0
090C26B201223753S1,AGM90_S1,5,2026-02-13,272.544,262.708,267.905,270.959,271.576,267.156,43.9,44.15,43.29,45.36,46.08,45.05,817.5,71.0,2.06,6,13,1776,2,2.15,19.5,94.7,23.3
090C26B857081003S1,AGM90_S1,3,2026-02-24,273.236,268.863,272.308,271.255,273.249,276.42,45.52,45.6,45.77,45.33,45.5,45.86,811.4,60.4,2.05,2,12,1628,3,2.11,20.9,102.7,24.3
090C26C071003696S1,AGM90_S1,2,2026-03-13,269.101,267.604,268.244,268.135,272.354,265.997,46.78,45.83,43.91,43.56,47.02,44.51,813.3,66.8,2.08,4,11,2112,2,2.09,24.4,97.4,22.5
090C26C252834437S1,AGM90_S1,3,2026-03-08,276.507,272.572,278.759,272.077,277.401,279.112,45.54,43.92,45.82,45.04,46.04,44.01,830.8,60.6,2.03,7,13,1681,3,2.13,20.9,102.0,23.5
090C26C266557260S1,AGM90_S1,3,2026-03-17,269.773,269.763,265.514,264.849,274.925,270.203,44.88,43.35,43.8,45.93,45.73,44.73,816.6,63.1,2.06,1,6,1625,4,2.07,19.7,102.9,27.2
090C26C710932345S1,AGM90_S1,4,2026-03-21,265.741,267.46,264.872,265.078,268.719,268.998,45.54,45.15,43.53,44.46,45.8,44.9,812.4,49.6,2.06,7,11,1913,4,2.08,19.3,107.0,25.3
090C26C856340034S1,AGM90_S1,5,2026-03-24,270.994,270.277,270.899,269.279,268.381,269.595,44.39,45.32,45.06,45.55,45.07,44.1,807.8,55.3,2.08,3,11,1976,3,2.1,27.1,107.8,19.6
090C26C918103306S1,AGM90_S1,3,2026-03-08,271.956,269.052,273.032,276.532,278.387,276.202,44.51,46.19,44.63,44.18,44.69,45.61,821.0,53.9,2.03,3,14,1150,2,2.1,25.4,103.8,20.7
090C26C283774404S1,AGM90_S1,3,2026-03-04,280.405,273.705,273.352,278.742,276.585,279.717,44.42,46.01,44.64,45.08,46.3,44.39,799.8,61.1,2.0,8,11,2162,5,2.15,27.6,110.5,21.0
090C26C847550057S1,AGM90_S1,3,2026-03-24,278.051,277.674,276.419,275.905,278.607,275.164,43.27,46.02,42.73,46.52,44.09,43.88,811.0,71.5,2.06,4,10,1708,3,2.1,27.9,101.8,30.3
090C26C573261363S1,AGM90_S1,2,2026-03-01,261.603,261.979,262.25,266.64,271.207,265.759,45.36,44.51,43.74,45.62,45.45,45.34,813.3,84.2,2.06,7,15,1733,4,2.11,26.9,99.3,23.5
090C26C704745868S1,AGM90_S1,3,2026-03-03,261.58,261.4,265.574,263.861,267.675,263.394,43.93,44.85,46.4,47.09,45.82,46.31,797.6,59.8,2.05,6,13,1599,2,2.12,26.0,98.2,22.5
090C26C209847669S1,AGM90_S1,4,2026-03-14,273.313,263.613,266.149,268.748,271.213,269.275,44.43,45.09,43.65,44.89,45.02,44.48,813.6,67.5,1.99,2,15,2022,2,2.11,19.4,101.7,25.9
090C26C797076740S1,AGM90_S1,4,2026-03-23,259.17,263.449,261.428,262.563,268.443,264.504,45.65,44.88,45.79,44.48,45.75,45.62,790.3,68.4,2.05,3,14,1891,3,2.07,25.9,98.5,24.7
090C26C504639850S1,AGM90_S1,4,2026-03-10,270.819,278.262,274.803,274.711,266.413,284.791,45.41,44.52,44.59,44.24,45.98,44.67,799.1,57.7,2.0,6,8,1932,4,2.09,25.8,102.5,25.8
090C26D900870039S1,AGM90_S1,2,2026-04-14,267.666,264.07,263.786,267.759,267.069,267.109,45.98,44.66,45.34,46.02,43.8,46.1,807.0,71.3,2.03,7,7,1561,4,2.13,25.3,92.9,28.6
090C26D079096787S1,AGM90_S1,2,2026-04-19,268.88,266.585,273.038,263.979,264.532,266.144,46.18,46.12,47.15,44.34,45.41,46.66,798.6,84.3,2.08,6,13,1571,2,2.02,20.4,103.6,26.5
090C26D312788007S1,AGM90_S1,3,2026-04-20,263.142,262.146,261.916,264.34,258.933,266.061,44.92,44.4,46.68,43.9,45.29,45.51,849.0,51.0,2.1,4,6,1572,3,2.16,19.5,92.9,30.9
090C26D328253300S1,AGM90_S1,2,2026-04-21,270.895,268.224,270.023,270.114,269.875,267.923,46.16,45.39,46.52,45.22,45.16,44.55,806.3,56.1,2.06,5,5,1287,4,2.09,25.3,103.7,25.9
090C26D596281439S1,AGM90_S1,2,2026-04-02,267.439,269.59,270.545,272.505,274.123,263.818,44.82,44.06,43.59,46.82,45.34,44.8,805.3,55.2,2.07,2,12,1823,4,2.12,28.3,102.6,23.4
090C26D025335207S1,AGM90_S1,3,2026-04-26,272.734,266.723,268.577,266.238,275.16,266.592,44.38,45.99,43.0,45.33,44.4,45.13,799.7,64.2,2.06,4,11,1657,2,2.09,22.1,96.4,22.4
090C26D629409637S1,AGM90_S1,3,2026-04-24,270.442,266.64,267.884,272.426,270.222,273.973,44.42,44.69,45.49,44.45,44.41,45.3,782.8,70.8,2.11,9,16,1757,3,2.11,29.2,97.6,22.8
090C26D891255351S1,AGM90_S1,3,2026-04-01,272.163,275.024,280.244,269.463,272.21,270.687,44.16,45.11,45.7,43.61,45.32,45.2,793.9,63.6,1.99,5,15,1481,4,2.04,26.7,93.3,28.1
090C26D950546997S1,AGM90_S1,3,2026-04-23,271.887,272.021,270.289,264.09,271.119,271.637,45.03,46.48,45.18,45.34,44.21,44.93,813.8,68.3,2.04,4,11,1794,4,2.11,20.8,103.7,27.9
090C26D713415897S1,AGM90_S1,3,2026-04-07,266.868,264.18,261.04,261.6,264.81,267.55,44.61,45.13,45.7,44.46,45.2,45.34,823.5,64.2,2.03,10,14,1613,4,2.09,23.8,101.9,24.4
090C26D457045220S1,AGM90_S1,3,2026-04-12,260.713,264.544,266.478,267.598,265.713,267.176,45.37,47.68,46.73,46.34,46.98,43.31,812.6,62.6,2.04,4,15,1796,3,2.18,25.8,104.8,23.6
090C26D793688814S1,AGM90_S1,3,2026-04-15,273.38,270.065,267.653,267.034,266.931,273.283,46.19,44.64,45.76,44.32,43.25,46.46,799.3,72.7,2.06,4,19,1580,3,2.09,21.1,95.8,27.5
090C26D210597891S1,AGM90_S1,3,2026-04-06,273.528,272.402,269.455,275.248,281.901,273.827,44.25,44.84,46.26,45.31,46.31,44.38,833.8,75.0,2.06,9,5,1636,3,2.09,20.7,93.3,22.8
090C26E363710861S1,AGM90_S1,4,2026-05-25,273.765,272.682,269.437,269.959,269.125,268.012,45.49,44.14,45.48,45.76,44.33,45.16,821.7,47.3,2.07,4,9,2338,3,2.08,22.5,108.1,25.0
090C26E232416706S1,AGM90_S1,3,2026-05-15,269.817,276.395,272.823,273.116,272.855,279.278,42.82,44.47,44.76,45.58,45.68,44.17,808.9,77.0,2.07,3,6,2036,4,2.09,24.4,90.9,25.1
090C26E895243367S1,AGM90_S1,3,2026-05-26,282.251,282.443,272.602,281.984,270.481,275.29,44.36,44.58,43.37,45.35,44.91,45.6,810.7,84.1,2.03,6,7,1708,3,2.08,24.4,98.8,26.7
090C26E868407475S1,AGM90_S1,3,2026-05-07,263.012,269.368,270.492,270.544,270.398,271.19,46.97,46.55,45.03,45.3,44.2,44.61,829.7,86.9,2.09,5,6,1782,4,2.05,20.6,106.0,22.3
090C26E594400689S1,AGM90_S1,3,2026-05-07,270.25,266.836,267.259,262.581,268.199,272.844,44.17,45.35,45.13,45.54,43.92,44.8,778.3,61.7,2.09,1,8,2079,2,2.13,25.6,101.4,24.4
090C26E993892749S1,AGM90_S1,3,2026-05-16,264.727,264.843,263.01,265.25,267.313,265.157,45.11,45.3,45.61,44.7,44.67,45.97,807.0,47.8,2.08,8,11,2158,4,2.08,23.6,107.7,23.8
090C26E619319762S1,AGM90_S1,4,2026-05-16,273.602,272.772,271.646,276.019,275.157,276.018,45.97,45.34,44.99,43.93,45.68,45.57,817.5,52.9,2.09,6,13,2232,2,2.16,26.5,104.6,23.2
090C26E676555173S1,AGM90_S1,3,2026-05-03,270.862,270.443,277.313,275.061,274.933,273.926,46.75,46.37,44.9,44.75,45.82,43.72,793.1,55.6,2.06,7,18,1234,3,2.04,25.2,103.9,22.2
090C26E477487415S1,AGM90_S1,2,2026-05-11,270.487,268.365,270.918,269.892,267.083,268.681,45.75,45.66,45.13,46.65,44.26,45.81,804.8,52.1,2.01,6,10,2248,4,2.0,27.9,101.5,23.1
090C26E799246270S1,AGM90_S1,3,2026-05-04,268.95,268.61,271.917,266.369,266.752,270.185,45.56,45.25,43.64,45.33,44.96,45.04,779.7,49.4,2.05,5,12,1566,1,2.11,25.9,107.6,20.4
090C26E013638414S1,AGM90_S1,3,2026-05-19,268.803,265.962,266.136,264.407,265.794,265.46,45.07,45.24,47.24,44.88,44.43,45.49,840.5,52.5,2.04,5,13,1960,3,2.04,25.5,105.3,23.2
090C26E640615322S1,AGM90_S1,2,2026-05-11,269.552,271.15,268.765,267.625,263.535,264.042,45.24,45.38,46.29,44.6,45.35,45.95,829.8,77.6,2.06,8,9,1769,5,2.1,32.0,96.7,20.1
090C26E753983553S1,AGM90_S1,2,2026-05-21,265.521,267.08,266.975,266.847,265.082,266.727,46.93,44.71,44.53,45.19,45.61,43.29,787.3,39.7,2.02,6,14,1430,3,2.12,27.7,106.8,29.9
090C26F521408636S1,AGM90_S1,3,2026-06-25,272.917,273.203,271.036,276.314,272.536,274.773,45.32,44.62,44.64,44.82,45.02,44.75,791.3,74.7,2.02,6,13,1257,3,2.05,25.9,102.4,22.6
090C26F266713891S1,AGM90_S1,4,2026-06-06,270.89,261.965,272.435,259.909,265.435,266.214,46.2,44.11,47.68,42.86,43.67,44.98,813.9,84.1,2.03,3,14,1436,3,2.09,27.2,94.3,23.1
090C26F130582991S1,AGM90_S1,4,2026-06-22,263.432,263.58,265.374,264.314,261.707,266.199,44.06,45.43,45.88,45.84,45.22,46.27,805.2,62.3,2.05,8,12,1311,4,2.13,22.7,104.6,31.4
090C26F926959300S1,AGM90_S1,2,2026-06-20,274.841,276.072,272.774,274.709,279.319,273.502,44.46,46.05,44.67,44.52,44.28,44.32,817.4,69.5,2.02,4,8,1812,3,2.08,25.7,98.7,24.1
090C26F420703773S1,AGM90_S1,2,2026-06-16,268.681,271.155,269.261,268.276,268.689,269.753,45.39,44.07,44.13,43.73,45.31,44.0,794.3,57.2,2.03,5,15,1677,4,2.07,22.7,98.5,24.4
090C26F480904548S1,AGM90_S1,2,2026-06-23,259.963,261.087,263.736,261.692,264.18,261.871,45.18,47.51,46.02,45.08,46.21,45.03,782.6,67.2,2.1,3,13,1937,4,2.1,24.3,100.3,25.1
090C26F248475783S1,AGM90_S1,3,2026-06-11,281.031,284.818,273.647,282.322,281.248,284.228,44.24,44.3,44.36,47.12,43.92,44.77,796.5,65.9,2.06,3,9,1917,3,2.11,19.6,99.8,20.3
090C26F340811031S1,AGM90_S1,2,2026-06-24,276.652,269.125,272.667,270.265,269.721,273.136,46.19,43.77,46.06,43.6,46.29,43.76,789.1,74.2,2.04,1,13,1594,3,2.16,26.1,108.0,25.9
090C26F560974906S1,AGM90_S1,4,2026-06-09,264.968,262.691,261.741,259.823,259.508,260.326,43.65,45.49,44.03,44.96,48.02,45.19,788.6,63.0,2.01,5,10,1624,2,2.09,20.3,104.4,22.6
090C26F165210576S1,AGM90_S1,4,2026-06-20,272.829,271.973,269.9,268.865,270.68,270.866,43.14,45.9,44.02,45.92,45.07,45.49,802.1,59.7,2.04,5,10,1371,5,2.08,26.9,102.2,24.8
090C26F007727720S1,AGM90_S1,4,2026-06-08,279.489,278.965,274.991,269.73,275.68,286.745,45.21,46.14,45.34,46.34,45.78,43.74,819.1,79.4,2.05,5,11,2302,4,2.13,27.0,106.0,22.5
090C26F227119725S1,AGM90_S1,4,2026-06-27,270.63,264.734,264.375,262.071,265.28,265.387,45.22,44.24,45.9,45.31,45.99,46.87,820.3,63.4,2.07,7,8,1783,2,2.11,21.0,108.7,25.8
090C26F288418725S1,AGM90_S1,2,2026-06-17,271.132,269.008,272.402,265.717,266.461,265.325,44.62,44.39,45.87,43.55,46.64,44.71,818.9,60.5,2.09,6,6,1446,2,2.09,22.0,98.2,26.1
090C26G803361689S1,AGM90_S1,2,2026-07-21,268.103,271.678,267.724,275.314,276.164,272.498,43.52,45.3,44.33,44.46,45.91,45.3,823.8,70.1,2.04,5,15,1953,2,2.14,27.0,108.6,22.8
090C26G211062629S1,AGM90_S1,3,2026-07-24,267.576,267.127,267.648,269.334,268.363,270.579,45.96,46.48,46.28,43.41,45.9,46.44,852.2,69.4,2.07,6,10,1707,3,2.11,26.4,98.8,27.2
090C26G955456861S1,AGM90_S1,4,2026-07-01,274.817,264.533,267.338,269.174,262.072,267.436,42.7,44.63,43.66,46.2,45.79,45.08,839.6,82.7,2.04,3,12,1475,3,2.09,24.8,99.9,29.1
090C26G760781262S1,AGM90_S1,1,2026-07-25,259.781,257.035,267.007,265.808,258.729,272.321,43.41,45.99,43.18,44.82,43.84,45.05,820.4,65.5,2.07,4,9,1513,4,2.15,28.5,102.5,26.5
090C26G944294345S1,AGM90_S1,2,2026-07-02,261.874,261.529,263.234,268.11,266.739,261.203,45.71,45.11,43.43,46.22,46.98,45.97,809.9,77.5,2.06,4,10,1710,2,2.1,23.6,106.5,29.2
090C26G794848733S1,AGM90_S1,3,2026-07-06,266.692,255.321,258.014,270.024,260.104,262.162,45.2,46.15,44.78,44.65,43.77,47.01,831.5,76.5,2.06,4,6,1666,5,2.07,24.0,97.1,23.7
090C26G906591963S1,AGM90_S1,1,2026-07-24,260.316,268.196,258.319,271.648,265.698,268.762,44.27,45.36,44.37,43.24,46.22,46.3,791.1,50.1,2.0,4,12,1612,3,2.11,25.9,104.6,26.7
090C26G383294009S1,AGM90_S1,3,2026-07-09,271.309,271.558,265.929,270.348,269.223,270.893,45.16,45.26,43.85,45.7,45.47,45.55,797.5,58.0,2.06,5,9,2159,3,2.14,24.1,94.0,25.4
090C26G881811623S1,AGM90_S1,3,2026-07-06,272.919,271.325,273.168,272.725,270.339,273.92,44.58,42.55,43.88,44.36,44.42,44.36,837.7,49.8,2.02,5,11,1937,2,2.09,22.2,98.3,25.1
090C26G455044388S1,AGM90_S1,2,2026-07-26,271.209,258.403,264.281,262.478,272.067,256.802,46.19,44.12,47.57,45.74,42.63,44.4,815.1,77.4,2.04,2,1,1297,4,2.1,22.3,90.0,21.1
090C26G739789926S1,AGM90_S1,3,2026-07-12,274.057,270.543,269.791,276.256,272.257,269.132,46.56,45.38,44.7,45.03,45.28,44.07,806.6,59.5,2.01,7,11,1420,3,2.1,23.2,112.5,23.4
090C26G868465793S1,AGM90_S1,4,2026-07-22,273.641,269.43,268.36,269.378,271.659,270.801,45.5,45.91,45.47,43.98,45.59,46.63,784.7,70.6,2.04,5,9,2210,4,2.05,24.4,97.8,20.1
090C26G752028792S1,AGM90_S1,4,2026-07-14,269.107,273.069,268.105,270.127,270.133,270.046,45.86,46.53,45.6,46.71,43.18,44.95,776.0,39.7,2.04,5,18,1521,3,2.08,28.0,100.9,28.3
090C26H289552021S1,AGM90_S1,2,2026-08-07,275.959,276.158,276.331,277.361,275.583,275.858,46.34,46.34,45.91,43.77,43.97,46.47,791.8,50.8,2.04,1,6,1554,3,2.11,24.8,96.0,26.6
090C26H238383320S1,AGM90_S1,2,2026-08-16,275.999,274.518,273.893,272.123,271.606,275.24,45.16,44.79,45.09,43.61,44.56,44.83,797.8,59.7,2.01,7,3,1309,2,2.08,18.5,98.6,20.9
090C26H468850406S1,AGM90_S1,3,2026-08-27,262.862,269.614,269.284,275.36,267.52,266.507,42.6,44.22,45.14,44.02,45.64,44.66,829.2,65.8,2.08,4,10,1430,3,2.16,24.1,98.9,24.5
090C26H885943198S1,AGM90_S1,4,2026-08-27,270.823,273.732,269.914,270.187,266.373,270.31,46.01,46.11,46.64,43.48,43.92,44.43,804.1,57.5,2.03,6,15,2215,3,2.08,25.3,101.8,23.0
090C26H382802629S1,AGM90_S1,2,2026-08-18,272.397,276.076,271.712,273.454,278.624,274.324,45.16,45.53,45.09,47.56,46.67,46.22,827.2,77.8,2.04,8,12,1963,3,2.1,27.1,102.6,22.0
090C26H818614018S1,AGM90_S1,4,2026-08-23,273.258,271.669,269.466,264.001,266.987,264.54,45.33,43.18,44.59,43.75,45.6,45.84,835.3,82.5,2.03,7,7,1753,5,2.01,20.3,101.1,20.3
090C26H797709590S1,AGM90_S1,3,2026-08-11,266.412,268.759,270.146,271.934,267.741,269.318,44.1,47.04,44.51,47.38,44.51,45.64,842.6,54.1,2.07,7,16,1667,2,2.12,26.0,106.4,30.3
090C26H897120355S1,AGM90_S1,5,2026-08-05,271.714,276.957,272.272,281.252,271.438,276.95,45.03,45.0,44.65,45.31,44.33,45.83,831.5,58.0,2.05,5,17,1563,3,2.17,27.1,100.5,22.2
090C26H984951802S1,AGM90_S1,1,2026-08-19,278.257,278.247,276.239,277.982,279.678,272.05,44.64,44.17,44.74,43.75,45.89,45.49,820.1,53.9,2.05,5,6,1411,4,2.08,20.3,102.3,21.8
090C26H261638468S1,AGM90_S1,2,2026-08-04,265.645,268.091,271.508,272.514,272.806,275.538,45.05,46.28,45.26,45.51,45.22,45.07,819.7,80.2,2.03,6,12,2146,5,2.06,27.3,90.0,20.4
090C26H093427440S1,AGM90_S1,3,2026-08-18,282.699,279.726,276.396,273.066,270.374,272.979,45.68,45.54,44.17,45.83,45.67,43.39,851.3,69.7,2.08,5,6,1364,3,2.06,25.5,102.7,21.4
090C26H951254696S1,AGM90_S1,2,2026-08-07,268.459,268.6,266.964,269.353,266.428,270.088,44.03,46.34,45.42,47.69,45.51,45.35,773.4,47.6,2.02,4,1,1716,4,2.09,28.2,101.5,26.7
090C26H498229937S1,AGM90_S1,4,2026-08-24,266.354,261.618,266.793,269.954,271.228,265.226,45.15,45.27,44.71,44.13,44.89,46.06,801.6,71.7,2.05,1,11,1602,3,2.1,26.1,101.2,27.8
090C26I126811508S1,AGM90_S1,1,2026-09-18,270.361,273.395,278.602,276.543,266.467,283.521,43.4,45.83,43.35,45.02,43.03,44.57,844.0,74.5,2.02,4,10,1381,4,2.11,26.1,103.9,30.8
090C26I355925544S1,AGM90_S1,5,2026-09-20,270.398,273.466,272.651,272.241,273.809,278.964,45.76,46.5,44.24,43.7,46.06,44.72,798.9,60.6,2.01,6,1,1750,4,2.11,25.5,104.6,22.8
090C26I071491445S1,AGM90_S1,2,2026-09-06,276.194,282.564,287.986,274.989,274.379,279.729,44.56,45.14,44.24,45.47,45.87,43.91,816.9,77.6,2.04,6,11,1504,3,2.07,19.9,97.9,29.4
090C26I807446138S1,AGM90_S1,1,2026-09-04,278.978,278.427,278.084,273.985,276.359,275.919,45.65,43.85,45.04,46.01,45.84,45.64,809.5,70.3,2.08,4,11,2024,3,2.08,19.5,108.8,24.8
090C26I170130879S1,AGM90_S1,4,2026-09-17,269.744,267.72,266.743,268.631,268.939,268.176,43.49,44.27,46.38,44.29,44.36,44.66,803.4,48.9,2.04,7,14,1965,3,2.07,25.4,104.3,25.5
090C26I120176557S1,AGM90_S1,5,2026-09-17,269.445,268.533,267.258,264.436,266.613,273.84,46.37,43.08,45.2,43.14,43.66,44.14,830.0,79.7,2.1,9,6,1677,1,2.16,22.5,92.2,25.6
090C26I447328998S1,AGM90_S1,3,2026-09-13,265.498,263.732,265.452,265.393,262.642,259.973,46.34,44.69,44.68,43.16,45.29,46.6,810.4,57.7,2.03,7,10,1629,4,2.11,20.3,103.8,26.6
090C26I078599373S1,AGM90_S1,3,2026-09-23,270.336,269.699,275.329,274.519,272.5,273.419,44.16,43.87,45.69,44.76,43.14,44.67,823.3,67.2,2.03,9,17,1976,1,2.08,20.9,107.6,25.2
090C26I935287633S1,AGM90_S1,4,2026-09-12,256.607,256.034,256.594,255.361,257.981,255.231,46.33,44.73,45.84,47.08,45.16,44.74,797.8,63.3,2.02,6,12,1923,4,2.09,26.2,94.9,28.4
090C26I084780526S1,AGM90_S1,3,2026-09-14,278.339,276.623,279.078,280.506,278.127,277.711,44.42,45.06,45.14,44.82,45.46,44.93,816.4,53.4,2.01,4,8,1534,3,2.07,19.1,105.9,30.4
090C26I329951037S1,AGM90_S1,3,2026-09-11,260.875,265.423,265.985,267.478,264.686,264.408,46.1,45.07,44.61,43.24,44.6,43.44,819.1,37.6,2.05,3,12,1478,3,2.1,18.9,99.8,28.2
090C26I176684822S1,AGM90_S1,3,2026-09-23,272.11,268.248,270.291,271.123,267.235,272.629,45.57,43.36,46.38,46.05,43.37,44.04,791.0,48.9,2.01,4,5,663,3,2.12,27.0,99.3,27.3
090C26I724701692S1,AGM90_S1,1,2026-09-07,272.646,274.168,271.736,274.01,271.316,266.522,45.13,44.97,44.62,45.85,45.59,45.24,814.6,68.1,2.07,4,16,1560,2,2.16,27.7,100.1,22.2
090C26J822114907S1,AGM90_S1,4,2026-10-08,275.609,276.706,274.916,275.131,276.311,275.631,43.19,44.65,44.33,45.87,43.1,44.48,819.3,47.6,2.03,7,2,2387,5,2.06,22.5,102.8,23.7
090C26J664273328S1,AGM90_S1,4,2026-10-01,264.146,261.429,262.439,263.076,258.706,260.443,44.49,45.61,44.48,45.89,44.65,43.93,802.0,57.0,2.1,7,15,2035,3,2.06,29.9,105.9,28.6
090C26J748797197S1,AGM90_S1,2,2026-10-21,271.329,272.46,274.167,273.169,271.785,272.105,43.82,46.14,44.93,45.23,44.57,44.61,808.7,77.7,2.04,4,8,1360,5,2.09,23.1,106.5,23.9
090C26J836649324S1,AGM90_S1,4,2026-10-22,259.445,258.575,256.096,261.974,260.781,259.946,44.12,44.79,44.42,44.41,44.74,45.84,836.8,61.1,2.11,6,4,2309,4,2.14,25.2,104.7,26.4
090C26J153008628S1,AGM90_S1,3,2026-10-14,269.806,274.489,272.107,268.025,273.035,263.623,46.2,44.95,47.49,45.58,46.57,46.11,804.8,59.2,2.09,5,8,1782,2,2.07,23.0,110.4,22.0
090C26J786358229S1,AGM90_S1,2,2026-10-08,265.097,265.14,265.817,265.551,267.242,262.933,45.45,44.58,45.45,44.85,46.46,43.66,839.3,57.0,2.03,4,11,2154,2,2.07,17.4,102.4,28.8
090C26J541873220S1,AGM90_S1,2,2026-10-12,264.73,261.083,263.261,265.965,262.649,264.711,43.82,44.61,44.88,44.21,45.93,45.13,830.7,68.2,2.03,1,13,2014,3,2.07,25.0,97.7,19.4
090C26J932232528S1,AGM90_S1,2,2026-10-11,262.789,259.822,251.873,259.266,262.426,256.946,45.0,46.42,44.24,44.46,43.41,44.89,831.3,90.6,2.03,2,7,1490,3,2.1,19.2,98.5,27.2
090C26J951218121S1,AGM90_S1,3,2026-10-09,262.458,263.017,261.296,258.153,264.921,265.508,45.0,45.78,43.15,44.99,45.36,44.31,790.6,41.7,2.02,5,13,1844,3,2.12,25.2,101.7,27.5
090C26J914030663S1,AGM90_S1,2,2026-10-13,271.793,269.706,282.075,268.722,272.57,276.545,46.73,45.35,45.7,42.8,46.09,44.8,810.7,74.3,2.08,5,8,1643,4,2.12,26.6,104.9,26.0
090C26J561611206S1,AGM90_S1,3,2026-10-04,269.788,272.968,275.677,275.605,273.279,273.551,46.4,44.55,44.83,44.85,43.12,45.41,799.1,65.5,2.02,2,9,1463,3,2.07,21.9,101.6,30.2
090C26J870904092S1,AGM90_S1,3,2026-10-26,261.441,262.65,263.623,264.352,263.08,264.309,43.28,44.49,45.41,44.71,45.21,45.8,823.0,53.9,2.06,8,13,1998,3,2.13,28.2,105.8,21.8
090C26J125972313S1,AGM90_S1,3,2026-10-17,268.961,269.061,270.125,272.063,270.529,269.858,47.14,46.04,44.34,45.26,44.77,44.79,792.8,65.9,2.06,3,19,1616,4,2.09,21.5,101.6,28.3
090C26K059420604S1,AGM90_S1,2,2026-11-18,274.065,273.687,275.123,272.213,273.847,272.121,43.07,43.77,45.5,44.73,44.68,44.79,843.7,71.1,2.09,8,6,1953,4,2.07,23.7,101.9,27.8
090C26K899875412S1,AGM90_S1,4,2026-11-23,271.27,271.967,271.673,270.217,271.021,270.951,45.76,46.39,44.45,45.16,45.15,43.62,805.2,49.9,2.03,4,11,1614,4,2.07,26.7,102.7,29.8
090C26K191294261S1,AGM90_S1,4,2026-11-26,271.118,270.869,272.042,273.371,272.397,273.804,45.46,44.32,43.48,46.2,45.72,45.51,811.8,58.4,2.04,4,15,2180,3,2.11,22.6,100.1,31.5
090C26K372349798S1,AGM90_S1,2,2026-11-06,270.809,272.509,269.381,265.245,270.362,271.966,44.94,45.73,44.44,45.39,45.19,46.68,832.4,54.3,2.04,6,19,1606,3,2.11,23.7,103.0,23.0
090C26K866656003S1,AGM90_S1,2,2026-11-25,277.689,272.704,283.524,285.981,273.8,274.17,42.99,44.02,44.62,44.77,44.41,44.48,804.1,77.2,2.06,5,8,1820,1,2.08,22.9,97.3,25.2
090C26K143533473S1,AGM90_S1,2,2026-11-05,271.348,269.424,267.222,267.491,270.534,272.697,43.47,44.28,47.69,45.14,45.39,42.84,806.0,68.1,2.08,6,13,1827,2,2.12,24.7,97.1,23.1
090C26K165801895S1,AGM90_S1,4,2026-11-11,274.301,269.063,271.803,277.716,267.316,266.532,43.68,43.49,44.59,44.75,43.97,45.72,829.6,77.0,2.13,6,11,1439,3,2.14,26.5,101.9,23.6
090C26K730543591S1,AGM90_S1,3,2026-11-05,264.551,261.307,263.365,261.376,262.192,265.073,43.86,44.11,47.12,45.87,46.55,44.74,807.0,56.2,2.09,1,13,2021,3,2.1,32.3,95.3,25.9
090C26K158665532S1,AGM90_S1,4,2026-11-16,263.779,275.713,267.838,261.728,267.832,266.1,46.94,45.74,43.94,44.08,45.2,43.6,805.2,62.4,2.06,7,13,1621,2,2.11,24.3,100.6,24.8
090C26K227491869S1,AGM90_S1,3,2026-11-21,275.181,275.918,279.345,274.737,274.629,270.396,43.65,46.56,43.87,44.55,45.99,45.55,812.2,57.7,2.05,2,11,1344,2,2.1,25.3,99.5,26.3
090C26K135098792S1,AGM90_S1,4,2026-11-01,269.019,272.751,270.417,266.984,269.917,270.588,45.38,44.04,46.16,44.12,45.85,44.61,802.2,60.6,2.03,6,16,1914,2,2.07,28.4,104.7,26.3
090C26K187090028S1,AGM90_S1,3,2026-11-12,272.258,271.457,276.73,270.346,266.057,271.95,45.06,45.67,45.18,44.65,43.87,44.92,797.3,56.0,1.98,5,1,2009,1,2.1,22.5,105.9,22.0
090C26K944943299S1,AGM90_S1,4,2026-11-07,264.068,264.005,265.308,263.586,267.339,267.118,43.16,44.02,44.21,47.21,44.48,44.46,816.9,74.8,2.07,3,6,1802,3,2.08,24.5,93.1,25.1
090C26L363083175S1,AGM90_S1,2,2026-12-04,277.68,276.233,277.726,281.377,275.892,271.375,44.4,45.98,43.98,47.74,45.52,44.93,809.9,64.8,2.03,4,9,2056,2,2.07,19.2,98.1,30.1
090C26L853617945S1,AGM90_S1,4,2026-12-14,262.09,265.137,267.226,253.26,271.06,266.014,46.63,46.5,44.98,43.24,45.23,44.46,818.5,72.2,2.08,3,5,2088,3,2.17,23.5,101.9,23.5
090C26L804007907S1,AGM90_S1,5,2026-12-04,265.605,267.419,264.56,268.334,265.194,267.612,45.12,44.31,44.27,43.52,44.01,45.63,793.5,63.4,2.06,5,14,1571,2,2.09,31.4,96.5,26.1
090C26L732042040S1,AGM90_S1,3,2026-12-27,273.184,275.373,277.075,272.076,272.681,273.541,44.39,45.45,45.98,45.2,45.39,44.35,795.4,60.2,2.06,2,10,1970,2,2.07,24.8,94.4,23.7
090C26L128939546S1,AGM90_S1,3,2026-12-13,266.297,268.437,272.33,267.822,269.765,269.154,46.24,45.79,43.75,46.0,46.12,45.68,795.4,52.3,2.08,4,7,1948,4,2.07,21.5,101.4,26.1
090C26L746860282S1,AGM90_S1,3,2026-12-27,270.104,273.268,272.355,270.207,273.022,273.169,44.82,44.37,44.77,44.84,45.22,44.4,793.4,65.8,2.03,5,10,1498,5,2.07,18.1,95.5,26.5
090C26L173990439S1,AGM90_S1,4,2026-12-05,265.108,266.93,264.716,270.733,264.516,263.395,42.04,44.06,45.53,44.75,46.76,44.6,826.2,66.5,2.03,1,12,2242,4,2.12,23.4,102.5,22.9
090C26L774771138S1,AGM90_S1,3,2026-12-21,269.07,267.096,266.329,267.047,265.94,265.24,43.44,44.56,44.33,44.11,46.08,43.56,785.7,70.6,2.0,10,8,1354,3,2.13,29.4,93.9,26.8
090C26L320814517S1,AGM90_S1,2,2026-12-04,277.445,275.426,285.367,276.961,279.783,277.786,44.02,45.72,44.08,43.94,44.71,45.79,812.7,58.9,2.08,5,8,2264,4,2.09,27.9,106.5,27.7
090C26L108693007S1,AGM90_S1,4,2026-12-13,274.699,270.421,272.784,274.121,269.376,278.475,46.77,45.21,45.74,44.06,43.55,45.08,808.8,79.4,2.06,5,8,2168,4,2.13,30.1,94.2,22.8
090C26L603287438S1,AGM90_S1,2,2026-12-02,263.017,258.229,269.221,270.067,266.067,269.099,44.79,45.22,44.88,46.53,44.46,45.27,802.8,67.5,2.04,7,6,1904,4,2.13,24.4,104.0,26.0
090C26L240121630S1,AGM90_S1,4,2026-12-18,269.847,274.333,269.945,278.993,270.397,268.528,45.53,44.84,45.2,43.42,45.24,43.32,828.5,73.0,2.08,4,7,1664,3,2.11,28.7,98.4,29.0
090C26L927857312S1,AGM90_S1,1,2026-12-23,276.889,271.541,267.389,269.543,275.824,272.053,45.66,44.68,44.64,47.79,45.45,46.63,831.7,66.4,2.06,4,8,1499,2,2.11,19.8,102.3,25.6
105C26A791179527H1,AGM105_H1,3,2026-01-17,323.185,320.49,323.566,320.331,320.403,316.804,45.81,45.99,44.99,44.4,45.03,43.8,963.0,80.5,2.04,5,11,1967,1,2.09,27.2,107.0,18.7
105C26A496567249H1,AGM105_H1,3,2026-01-09,324.882,326.013,324.679,325.58,324.808,328.812,45.81,44.39,45.51,46.78,44.86,44.13,931.3,70.3,2.03,3,18,2050,5,2.11,21.4,127.2,29.3
105C26A709025367H1,AGM105_H1,2,2026-01-27,323.703,327.562,326.529,322.768,327.2,326.953,45.3,45.3,44.15,44.98,45.44,45.08,971.1,89.0,2.06,2,8,2508,3,2.1,24.9,127.6,21.1
105C26A401256062H1,AGM105_H1,5,2026-01-15,321.433,326.088,327.192,322.36,319.828,313.767,46.31,45.44,44.13,45.19,44.7,45.36,906.3,64.0,2.07,7,12,1726,1,2.09,21.7,120.1,26.6
105C26A945919746H1,AGM105_H1,3,2026-01-09,303.679,299.961,304.809,307.202,305.497,302.28,43.65,46.0,45.94,44.36,44.53,46.01,958.5,67.2,2.05,5,17,1700,3,2.11,22.9,117.8,27.5
105C26A784580604H1,AGM105_H1,1,2026-01-21,308.636,304.976,306.771,317.56,311.134,307.974,46.6,43.86,46.99,46.44,44.33,42.92,930.4,66.6,2.02,5,18,1776,3,2.11,30.1,126.1,18.6
105C26A343334229H1,AGM105_H1,2,2026-01-16,310.676,308.81,311.694,309.848,311.7,308.606,45.38,44.62,43.07,42.36,44.65,45.83,951.2,44.3,2.02,3,11,1794,2,2.12,25.6,128.1,23.3
105C26A887829259H1,AGM105_H1,3,2026-01-14,319.745,318.418,316.109,316.775,313.923,320.773,45.98,44.0,44.48,46.18,45.97,47.25,960.9,78.4,2.04,7,12,1706,3,2.13,23.3,109.1,25.5
105C26A580457940H1,AGM105_H1,4,2026-01-26,306.517,304.047,312.421,313.58,309.944,304.531,45.82,43.76,43.13,43.31,44.06,45.54,962.0,95.2,2.03,6,17,1780,4,2.12,18.1,105.0,28.0
105C26A827693345H1,AGM105_H1,3,2026-01-02,316.861,311.665,306.262,310.587,314.603,313.536,44.63,43.96,45.58,46.62,45.64,43.37,937.3,71.0,2.01,10,9,2056,4,2.15,23.6,115.0,26.4
105C26A045347449H1,AGM105_H1,2,2026-01-05,310.161,309.57,309.268,308.567,306.152,306.738,46.31,44.9,45.13,42.95,44.68,45.99,924.2,70.2,2.06,5,12,1661,3,2.08,26.7,121.9,17.8
105C26A819324848H1,AGM105_H1,4,2026-01-15,323.216,321.291,320.118,312.62,311.721,317.329,44.42,45.23,44.55,45.2,46.36,43.85,940.0,81.7,2.03,4,15,1794,1,2.12,27.9,118.7,22.8
105C26A238511239H1,AGM105_H1,1,2026-01-23,312.382,312.284,312.542,310.007,313.537,313.242,46.76,44.21,44.99,45.2,44.7,45.7,945.9,96.6,2.03,1,12,1452,3,2.1,22.4,112.9,27.6
105C26B818801730H1,AGM105_H1,2,2026-02-22,309.962,307.412,309.685,311.289,309.845,306.169,45.35,44.67,46.13,44.65,44.76,47.28,965.8,71.0,2.02,5,8,2097,2,2.12,23.7,118.1,25.4
105C26B054566029H1,AGM105_H1,2,2026-02-04,327.138,328.831,327.261,332.314,329.277,330.231,43.91,44.63,45.6,46.35,44.46,44.39,929.2,87.0,2.09,4,12,1267,4,2.06,23.8,121.0,26.1
105C26B479362238H1,AGM105_H1,4,2026-02-11,315.624,314.716,307.896,311.273,307.056,309.781,45.39,43.14,45.09,44.38,46.13,45.49,955.2,79.9,2.07,6,15,2274,4,2.13,32.4,120.0,28.0
105C26B153546357H1,AGM105_H1,2,2026-02-17,311.606,307.432,310.401,308.022,306.16,309.723,45.34,44.8,44.73,44.36,44.47,45.11,959.2,65.0,2.09,3,7,1700,3,2.16,32.2,120.4,25.8
105C26B160400064H1,AGM105_H1,3,2026-02-11,317.576,315.118,314.324,314.576,315.308,315.261,45.52,43.68,44.78,44.24,45.22,44.53,949.3,61.6,2.03,4,6,1330,3,2.14,29.1,121.8,24.9
105C26B040783115H1,AGM105_H1,5,2026-02-03,320.447,316.613,314.006,312.139,310.554,310.908,44.02,45.78,44.02,46.4,44.93,46.41,941.0,64.9,2.06,1,13,2019,4,2.15,26.0,119.6,21.1
105C26B836338000H1,AGM105_H1,3,2026-02-06,309.441,308.308,311.933,308.467,312.389,312.733,45.71,45.29,45.47,44.92,44.55,43.22,974.7,54.0,1.98,5,8,1470,4,2.13,24.7,131.2,25.1
105C26B153122830H1,AGM105_H1,2,2026-02-07,314.978,317.55,317.069,315.653,315.862,317.017,46.27,46.18,45.53,45.39,44.86,45.91,941.9,65.0,2.07,8,20,1845,3,2.11,21.4,116.5,25.8
105C26B092069594H1,AGM105_H1,5,2026-02-19,321.464,325.396,322.189,320.867,325.657,323.643,44.69,44.88,45.85,44.36,45.24,46.34,990.4,83.3,2.09,1,8,1952,4,2.15,28.7,116.6,24.2
105C26B071655319H1,AGM105_H1,3,2026-02-24,324.188,324.107,321.082,329.15,323.986,325.067,44.21,43.7,43.93,42.98,45.67,45.67,938.1,62.6,2.07,7,10,1627,4,2.08,18.7,117.3,24.0
105C26B460674222H1,AGM105_H1,3,2026-02-27,314.043,318.468,315.14,311.918,307.711,319.638,45.39,45.95,44.48,43.24,45.04,44.98,902.5,62.1,2.11,2,19,1574,2,2.13,24.3,126.6,23.6
105C26B577083513H1,AGM105_H1,3,2026-02-01,310.053,312.054,311.317,312.388,314.916,305.572,44.98,46.31,45.14,43.87,44.14,46.97,944.7,47.5,2.04,6,11,1647,2,2.1,24.3,117.7,20.4
105C26B262685838H1,AGM105_H1,2,2026-02-23,305.788,307.422,305.931,307.7,305.72,306.631,45.17,44.78,45.09,46.1,46.93,46.22,941.9,60.1,2.06,1,10,1567,2,2.11,20.2,122.8,23.7
105C26C040638228H1,AGM105_H1,3,2026-03-25,313.426,318.313,313.839,323.819,323.547,318.802,45.88,45.6,45.88,45.45,42.39,45.87,942.1,59.2,2.04,4,16,1391,4,2.06,27.6,115.6,25.0
105C26C768206739H1,AGM105_H1,5,2026-03-05,319.093,322.751,322.458,324.087,320.381,317.973,44.88,46.47,45.32,45.08,44.42,44.63,926.4,79.0,2.07,5,13,1522,4,2.05,24.6,115.0,23.2
105C26C423403302H1,AGM105_H1,3,2026-03-09,308.527,309.425,312.85,312.425,309.995,309.661,46.14,44.86,44.3,45.32,44.86,46.04,965.0,60.6,2.11,5,11,1555,4,2.09,22.2,121.6,30.5
105C26C363611745H1,AGM105_H1,3,2026-03-17,313.807,316.721,316.295,313.218,313.355,316.552,43.9,43.48,45.04,43.21,45.97,45.04,912.4,68.5,2.08,4,13,1821,2,2.09,21.8,121.7,26.1
105C26C870984603H1,AGM105_H1,4,2026-03-15,321.402,322.005,322.227,317.09,316.946,317.321,44.22,45.32,45.27,46.02,46.12,47.58,934.6,72.3,2.03,4,3,1383,4,2.09,31.1,125.7,26.6
105C26C178484466H1,AGM105_H1,5,2026-03-15,309.714,310.594,308.933,312.572,307.092,307.58,44.12,43.19,45.1,45.53,44.23,45.52,1000.3,84.6,2.0,2,17,2310,3,2.06,22.3,116.2,25.7
105C26C337328426H1,AGM105_H1,2,2026-03-25,313.229,308.047,315.545,312.52,309.656,308.882,45.89,44.73,44.5,45.59,44.11,44.37,941.8,85.0,2.09,4,1,1674,3,2.1,27.0,115.8,22.7
105C26C629948906H1,AGM105_H1,5,2026-03-18,321.862,314.433,322.625,330.689,323.391,323.45,45.41,44.38,44.39,44.25,46.17,43.82,943.1,68.5,2.04,5,5,1118,3,2.09,22.3,115.1,25.0
105C26C306352511H1,AGM105_H1,1,2026-03-07,322.437,324.748,328.353,319.51,327.744,326.599,45.78,45.13,45.19,45.75,44.66,44.47,926.9,77.0,1.98,2,13,1588,4,2.12,24.3,118.7,29.3
105C26C931988018H1,AGM105_H1,4,2026-03-20,311.208,297.269,304.289,302.962,304.347,308.216,43.91,44.93,44.45,45.69,43.6,45.24,955.4,89.9,2.11,4,13,2155,2,2.1,23.5,111.6,25.4
105C26C977085832H1,AGM105_H1,4,2026-03-21,320.813,323.096,319.022,326.12,326.397,317.799,43.62,47.01,46.0,45.37,44.29,42.72,932.6,64.6,2.06,5,6,1773,4,2.13,29.2,130.2,25.8
105C26C134903019H1,AGM105_H1,5,2026-03-19,322.856,316.942,320.797,320.562,312.563,316.715,44.44,43.19,45.64,44.27,46.38,45.0,976.8,81.8,2.07,3,4,1897,3,2.05,25.3,123.3,28.0
105C26C700897178H1,AGM105_H1,4,2026-03-15,311.724,314.822,316.894,314.666,316.087,315.267,43.12,45.18,45.2,45.6,44.97,46.69,958.0,59.5,2.04,5,10,1931,4,2.15,25.2,125.3,23.2
105C26D308293202H1,AGM105_H1,3,2026-04-05,326.552,324.796,323.755,327.997,321.845,328.224,46.14,45.34,44.57,45.33,46.68,43.59,967.4,74.0,2.02,5,19,2022,4,2.15,23.1,119.6,24.8
105C26D481605512H1,AGM105_H1,4,2026-04-27,313.701,309.388,317.89,314.284,318.549,313.875,43.72,43.17,43.88,46.46,46.56,45.16,933.2,75.6,2.07,6,12,2000,3,2.07,25.3,123.2,27.3
105C26D498256675H1,AGM105_H1,2,2026-04-21,326.406,326.956,330.067,326.823,331.122,328.593,46.64,44.99,44.45,44.66,43.55,45.89,968.5,59.6,2.12,9,7,1899,3,2.08,24.0,125.7,20.8
105C26D893275313H1,AGM105_H1,3,2026-04-09,309.522,305.329,312.939,311.552,308.092,310.534,45.84,42.77,45.74,45.17,44.67,44.91,954.8,75.1,2.04,5,16,1953,4,2.1,28.1,118.1,25.5
105C26D516353117H1,AGM105_H1,2,2026-04-27,335.067,327.272,324.868,320.249,329.767,331.134,45.56,43.86,45.6,44.25,44.08,45.76,944.7,86.3,2.06,6,12,2154,3,2.1,27.9,121.6,26.4
105C26D252734803H1,AGM105_H1,4,2026-04-08,325.022,311.7,317.855,321.768,322.975,317.942,43.97,45.81,45.35,44.28,45.1,44.45,934.8,91.2,2.07,4,7,1596,2,2.09,27.5,117.3,29.8
105C26D116871144H1,AGM105_H1,4,2026-04-24,322.327,325.013,317.485,324.04,321.27,323.683,45.91,46.2,45.01,45.91,45.99,45.01,934.1,53.6,2.04,3,9,1837,6,2.07,25.8,112.8,27.3
105C26D999089961H1,AGM105_H1,4,2026-04-26,302.727,297.004,309.698,303.537,304.338,303.809,44.64,44.21,44.47,44.06,44.35,43.99,956.2,60.9,2.05,9,9,1854,3,2.06,21.0,119.8,26.2
105C26D552578481H1,AGM105_H1,2,2026-04-22,307.734,300.434,310.941,308.668,306.903,306.323,45.6,45.89,46.75,44.57,43.92,45.71,948.7,83.9,2.02,4,12,1794,3,2.1,25.7,112.4,26.2
105C26D996882113H1,AGM105_H1,3,2026-04-20,324.704,326.721,323.853,325.161,322.924,325.765,45.87,44.74,46.21,44.78,44.89,45.05,934.8,77.9,2.05,3,1,1676,2,2.14,23.7,114.4,28.9
105C26D931971749H1,AGM105_H1,3,2026-04-12,316.107,314.612,316.6,316.29,313.949,316.164,46.74,43.87,46.13,43.88,44.81,42.76,921.0,63.5,2.07,3,6,1626,3,2.09,27.3,125.8,28.0
105C26D133124667H1,AGM105_H1,3,2026-04-20,327.574,329.68,324.725,320.881,329.042,327.305,46.59,46.61,44.36,44.9,45.55,46.18,901.1,67.5,2.05,8,5,1884,2,2.06,27.7,118.4,22.6
105C26D919827054H1,AGM105_H1,2,2026-04-16,316.648,317.847,308.229,312.506,311.2,319.689,45.07,45.19,45.14,46.48,44.88,45.33,944.8,55.8,2.02,5,11,1989,2,2.12,25.6,131.2,29.8
105C26E634688940H1,AGM105_H1,1,2026-05-07,312.978,314.346,311.958,313.634,316.655,314.581,45.63,43.66,44.84,45.53,44.0,42.33,947.5,80.6,2.03,4,10,1539,3,2.07,23.9,116.6,25.1
105C26E575021384H1,AGM105_H1,3,2026-05-17,313.393,312.962,313.451,313.781,317.364,310.897,46.7,44.92,44.11,45.24,45.03,44.16,946.3,60.7,2.05,6,7,1621,3,2.11,28.0,120.1,27.1
105C26E296530644H1,AGM105_H1,4,2026-05-09,320.673,320.709,321.706,322.13,322.297,324.314,43.76,42.9,44.95,45.08,44.5,43.91,961.0,80.4,2.01,2,14,1912,5,2.11,27.1,107.9,27.5
105C26E507804830H1,AGM105_H1,1,2026-05-10,319.728,316.927,318.201,318.094,318.172,321.612,45.68,44.55,47.1,43.94,46.73,43.81,921.5,93.2,2.04,3,6,1599,3,2.11,21.8,123.2,23.7
105C26E639079112H1,AGM105_H1,4,2026-05-06,310.822,309.489,314.711,314.815,315.791,305.623,44.07,45.58,44.8,44.22,45.23,44.87,941.6,80.2,2.06,7,9,1817,4,2.13,25.3,117.4,24.6
105C26E374109133H1,AGM105_H1,4,2026-05-07,318.446,314.44,317.895,317.655,317.017,318.971,43.95,44.78,43.06,44.39,46.53,45.41,931.1,57.0,2.06,6,5,1761,1,2.04,25.8,121.5,26.3
105C26E201137483H1,AGM105_H1,3,2026-05-26,305.281,318.476,308.242,310.337,310.223,310.461,46.05,44.66,46.44,46.79,45.97,46.35,952.4,93.0,2.03,5,12,2134,3,2.08,24.8,115.3,20.2
105C26E683620639H1,AGM105_H1,4,2026-05-24,313.207,309.729,307.919,309.485,305.543,302.884,43.98,45.67,44.76,45.56,45.62,45.78,938.2,74.6,2.11,7,13,1688,3,2.06,24.0,114.9,20.6
105C26E059484770H1,AGM105_H1,3,2026-05-17,318.598,323.133,314.535,319.863,323.813,317.955,46.02,45.49,45.53,45.44,44.62,43.35,946.1,64.6,2.06,7,3,2043,4,2.14,32.1,120.8,25.6
105C26E068002455H1,AGM105_H1,3,2026-05-22,319.27,317.627,314.084,318.679,316.169,317.229,44.62,47.39,46.01,45.57,46.95,45.25,969.8,85.8,2.03,5,10,1226,2,2.12,26.1,114.8,24.8
105C26E179013247H1,AGM105_H1,1,2026-05-04,318.5,319.363,317.324,318.991,320.011,318.65,45.1,43.82,44.6,43.48,45.86,45.91,928.4,41.7,2.05,3,13,1113,3,2.18,29.7,120.0,24.6
105C26E833627400H1,AGM105_H1,2,2026-05-09,308.55,304.019,308.646,320.764,315.086,316.313,45.55,44.01,47.07,43.83,46.62,44.52,939.4,112.7,2.08,8,10,1761,4,2.11,21.6,105.0,27.1
105C26E092428111H1,AGM105_H1,1,2026-05-17,316.429,311.881,312.166,312.777,312.403,316.287,44.41,44.64,44.51,46.03,42.98,45.96,931.1,82.2,2.04,5,7,1666,4,2.15,25.4,117.8,24.6
105C26F778647530H1,AGM105_H1,2,2026-06-07,314.972,317.095,315.348,312.475,313.933,314.111,45.09,46.75,47.73,43.5,46.2,46.27,947.2,60.2,2.04,6,9,1654,2,2.12,29.7,127.1,26.4
105C26F577758061H1,AGM105_H1,3,2026-06-07,318.544,306.487,313.226,309.555,306.097,313.611,45.44,45.43,44.34,44.39,45.38,44.7,933.6,84.5,2.06,6,9,2101,3,2.06,26.4,130.4,26.2
105C26F191278582H1,AGM105_H1,3,2026-06-04,310.549,301.213,308.418,313.178,311.095,317.497,45.46,45.64,46.5,45.21,45.7,46.08,972.7,97.9,2.09,4,7,2231,3,2.07,26.0,110.0,24.4
105C26F870343735H1,AGM105_H1,3,2026-06-11,315.566,314.532,316.433,314.872,315.559,316.249,45.68,47.96,44.94,44.1,45.5,44.05,956.2,67.7,2.01,3,8,1589,3,2.13,24.2,127.6,20.2
105C26F037559214H1,AGM105_H1,2,2026-06-15,319.771,315.213,318.124,309.612,317.536,315.622,46.55,47.13,45.18,45.98,44.29,45.43,958.5,76.1,2.05,3,11,2146,3,2.09,31.7,115.5,24.1
105C26F664527239H1,AGM105_H1,4,2026-06-13,312.229,320.382,316.413,320.182,316.561,322.453,44.23,43.2,45.85,43.94,42.15,45.6,939.7,57.4,2.04,4,15,1824,3,2.05,22.9,122.7,25.8
105C26F390776039H1,AGM105_H1,3,2026-06-18,307.01,304.147,304.157,304.341,313.259,310.129,45.31,45.2,46.87,46.01,46.13,44.3,982.7,74.7,2.01,6,13,1724,3,2.13,25.4,125.4,32.5
105C26F446420795H1,AGM105_H1,2,2026-06-25,314.021,318.005,317.751,316.159,317.469,317.235,45.62,46.68,44.85,45.14,45.76,44.41,948.9,60.2,2.04,10,9,1516,4,2.06,23.4,124.2,23.0
105C26F356936582H1,AGM105_H1,3,2026-06-06,316.334,317.358,317.862,317.206,315.309,321.793,44.59,45.27,44.05,44.28,44.89,45.49,980.2,77.6,2.06,5,10,1773,3,2.12,28.1,112.7,20.7
105C26F151954195H1,AGM105_H1,3,2026-06-25,322.224,311.51,317.694,318.18,318.009,314.753,44.0,45.61,44.72,45.2,44.43,44.1,932.0,84.1,2.08,10,14,1803,1,2.08,24.2,115.3,27.3
105C26F907464170H1,AGM105_H1,3,2026-06-11,314.022,313.937,309.998,312.587,307.932,307.881,45.51,45.56,43.19,46.48,44.96,44.59,946.7,75.7,2.03,10,12,2129,2,2.11,27.0,116.4,23.6
105C26F014577914H1,AGM105_H1,4,2026-06-15,304.824,306.222,301.59,303.185,299.238,303.169,44.69,46.02,44.95,44.24,43.39,44.32,947.5,66.4,2.13,8,9,1711,2,2.11,27.4,115.7,23.9
105C26F119129153H1,AGM105_H1,2,2026-06-06,324.191,325.453,322.374,326.101,325.477,323.493,46.61,43.58,45.08,43.67,45.88,45.93,945.7,69.6,2.04,5,12,1713,4,2.13,24.1,105.0,26.9
105C26G413449049H1,AGM105_H1,3,2026-07-13,317.691,315.709,312.053,318.104,319.294,314.68,44.19,45.12,44.41,44.08,47.16,44.67,935.0,73.9,2.04,8,7,1963,3,2.16,24.4,116.4,24.8
105C26G612511287H1,AGM105_H1,2,2026-07-11,307.886,310.284,306.128,312.831,314.082,307.207,44.66,45.39,44.24,45.37,45.81,44.84,925.7,65.3,2.01,5,2,1896,4,2.12,23.6,122.2,27.1
105C26G629493072H1,AGM105_H1,4,2026-07-07,316.602,318.088,314.261,314.367,315.431,313.09,44.63,46.54,46.33,46.11,44.66,43.84,975.7,76.3,2.09,7,13,1337,3,2.05,25.1,117.5,23.2
105C26G097326457H1,AGM105_H1,3,2026-07-19,319.724,322.511,320.592,320.551,319.42,319.951,44.47,45.49,45.45,45.49,44.53,45.28,937.5,65.3,2.05,9,8,1984,4,2.14,25.3,131.2,31.3
105C26G594922530H1,AGM105_H1,5,2026-07-01,313.626,310.622,316.266,317.778,313.918,312.412,45.97,45.11,46.06,45.91,44.64,45.23,929.1,62.5,2.05,8,15,1640,1,2.15,28.8,111.0,24.0
105C26G016677068H1,AGM105_H1,3,2026-07-24,324.865,321.924,324.009,326.622,325.837,323.871,44.59,45.22,45.5,44.3,45.05,44.72,944.5,73.4,2.05,5,13,2409,4,2.07,20.7,115.5,23.5
105C26G022935447H1,AGM105_H1,4,2026-07-20,306.451,313.701,307.767,305.923,311.071,310.843,47.57,43.92,45.29,45.43,45.12,44.39,945.2,66.2,2.06,8,10,2115,3,2.11,27.7,117.8,20.8
105C26G088768105H1,AGM105_H1,2,2026-07-13,306.884,304.118,304.034,309.332,304.146,310.797,43.85,44.28,43.84,47.13,46.21,44.61,969.2,84.9,2.05,4,15,1999,4,2.1,25.2,120.8,22.0
105C26G837580290H1,AGM105_H1,4,2026-07-26,318.352,309.075,318.18,319.726,317.817,322.066,45.3,44.65,45.09,44.96,43.03,44.94,934.7,86.3,2.05,8,9,1552,3,2.1,23.6,119.9,25.3
105C26G148981185H1,AGM105_H1,3,2026-07-03,317.498,316.392,316.11,318.891,317.366,313.017,45.06,45.22,45.07,45.48,43.65,43.12,945.5,75.2,2.05,6,10,1719,3,2.12,25.6,109.4,26.9
105C26G678008138H1,AGM105_H1,4,2026-07-20,307.437,310.524,312.048,312.819,316.423,311.713,46.0,44.99,43.5,45.93,45.54,43.41,974.0,63.0,2.04,5,15,1745,4,2.12,27.6,128.3,25.1
105C26G574020244H1,AGM105_H1,3,2026-07-25,316.954,316.199,316.546,322.242,318.138,316.686,45.62,45.13,44.33,43.39,44.62,43.53,934.5,89.9,2.06,6,10,1722,3,2.16,23.1,118.3,26.9
105C26G592538576H1,AGM105_H1,2,2026-07-12,320.43,313.806,314.378,316.791,315.872,320.535,46.16,45.35,43.78,45.04,45.07,44.81,936.1,95.5,2.03,5,8,1538,4,2.09,24.6,117.8,18.8
105C26H972064075H1,AGM105_H1,3,2026-08-24,313.259,313.422,314.4,311.385,316.125,317.876,45.95,45.76,44.87,44.74,45.21,46.18,962.1,80.8,2.05,9,12,1830,2,2.06,29.6,111.3,20.9
105C26H506491841H1,AGM105_H1,3,2026-08-08,313.465,314.173,316.829,313.742,314.897,322.996,46.64,44.99,44.26,45.29,44.06,45.96,977.1,61.1,1.98,3,10,1650,3,2.09,20.7,124.4,26.0
105C26H465032495H1,AGM105_H1,3,2026-08-19,311.649,311.786,306.934,309.864,313.031,309.276,44.57,45.77,46.35,44.95,44.77,44.3,943.8,60.3,2.11,4,3,1883,4,2.07,29.7,114.0,27.0
105C26H689078683H1,AGM105_H1,3,2026-08-25,309.416,313.462,313.188,316.783,315.542,309.945,45.1,44.26,45.11,45.44,44.96,45.25,938.0,56.0,2.12,8,10,1693,2,2.09,28.5,131.2,25.0
105C26H497109811H1,AGM105_H1,2,2026-08-14,327.797,325.943,326.828,325.686,327.569,326.542,44.75,44.4,45.69,44.61,45.05,45.04,957.5,67.9,2.1,3,10,1269,2,2.06,22.3,111.2,25.6
105C26H870587308H1,AGM105_H1,3,2026-08-02,317.631,315.627,314.027,316.905,314.975,314.331,44.16,45.97,44.07,46.0,44.16,44.94,965.3,70.3,2.06,3,5,1770,2,2.09,28.2,117.7,25.9
105C26H460315787H1,AGM105_H1,1,2026-08-27,309.071,313.71,309.647,312.584,312.118,313.39,44.22,47.21,45.85,46.16,43.64,44.47,966.3,60.0,2.0,8,4,2140,2,2.11,22.4,113.3,24.3
105C26H541007971H1,AGM105_H1,2,2026-08-09,330.377,328.858,329.508,326.205,332.002,327.733,45.36,44.11,44.98,45.26,46.03,43.72,939.1,56.3,2.05,10,14,2041,2,2.06,21.4,117.5,29.3
105C26H530982871H1,AGM105_H1,2,2026-08-13,304.762,300.517,308.05,306.361,306.523,306.331,46.22,44.76,44.23,44.36,46.18,45.01,921.8,64.2,2.07,10,7,1358,2,2.09,22.0,122.0,26.0
105C26H860960682H1,AGM105_H1,2,2026-08-22,313.761,306.631,300.537,304.9,309.548,308.785,44.44,45.0,43.86,43.87,45.34,45.66,956.4,91.8,2.08,7,10,1896,4,2.12,27.1,115.1,23.6
105C26H980291399H1,AGM105_H1,2,2026-08-09,305.184,320.059,309.873,307.056,306.814,314.987,43.07,45.12,45.21,45.31,44.02,42.72,922.3,69.6,2.05,2,10,2037,3,2.08,24.0,116.7,22.5
105C26H033968564H1,AGM105_H1,3,2026-08-02,316.479,317.493,315.423,315.86,317.568,317.644,46.03,47.19,42.72,45.71,46.07,46.36,908.9,50.1,2.06,6,10,1643,4,2.17,29.8,121.4,22.6
105C26H352499225H1,AGM105_H1,2,2026-08-07,332.415,329.829,323.892,331.237,328.503,330.704,43.76,42.89,44.53,45.31,46.76,45.7,894.9,66.2,2.02,4,5,1891,3,2.11,26.6,120.5,23.5
105C26I400209320H1,AGM105_H1,4,2026-09-02,308.48,301.377,314.215,311.041,308.563,301.288,44.94,43.32,44.77,45.92,44.45,46.98,957.7,100.8,2.07,4,16,1332,5,2.09,22.0,107.4,23.5
105C26I734294490H1,AGM105_H1,2,2026-09-20,308.837,311.528,307.978,310.981,312.439,312.907,45.3,44.08,43.55,44.8,43.81,44.0,939.9,80.0,1.98,2,7,1615,3,2.08,22.9,117.5,32.9
105C26I460975649H1,AGM105_H1,4,2026-09-22,308.098,310.118,303.526,305.907,309.523,308.654,45.18,42.4,44.32,44.99,43.91,45.9,955.5,70.7,2.08,3,8,1997,4,2.1,27.8,115.4,21.5
105C26I269981850H1,AGM105_H1,3,2026-09-18,315.792,305.692,319.056,313.551,312.418,314.162,44.98,43.12,46.66,43.86,45.92,44.19,934.4,86.4,2.0,6,16,1787,1,2.09,23.8,108.4,25.8
105C26I836051745H1,AGM105_H1,3,2026-09-06,308.307,312.886,312.46,308.743,310.419,309.931,43.97,44.37,44.88,44.72,44.09,43.89,969.2,63.4,2.03,5,9,1811,4,2.1,26.4,119.7,25.1
105C26I243001715H1,AGM105_H1,4,2026-09-12,304.221,305.239,314.509,310.734,308.131,302.701,46.13,44.75,44.85,44.63,45.7,44.36,930.5,83.5,2.06,3,12,1924,3,2.11,20.6,114.1,25.8
105C26I152528624H1,AGM105_H1,3,2026-09-22,307.68,307.669,308.973,307.257,317.031,300.372,45.63,43.73,44.09,44.67,44.29,44.56,931.5,96.4,2.07,7,15,1862,2,2.11,26.5,114.9,19.1
105C26I682103371H1,AGM105_H1,5,2026-09-19,329.575,318.4,327.819,317.489,326.923,325.169,44.65,42.58,44.34,43.99,45.57,43.04,966.1,84.5,2.04,5,12,1752,4,2.05,26.6,112.0,25.3
105C26I465973705H1,AGM105_H1,3,2026-09-21,304.33,305.176,304.93,307.167,308.054,310.123,44.21,43.92,45.5,47.14,43.57,43.86,906.3,69.1,2.09,9,10,2020,4,2.12,27.7,119.6,28.7
105C26I685767276H1,AGM105_H1,2,2026-09-19,320.922,312.975,317.477,314.077,317.094,320.786,45.54,45.12,44.96,45.7,45.0,46.75,959.6,84.4,2.04,6,18,2665,1,2.14,21.4,113.1,27.2
105C26I760909328H1,AGM105_H1,2,2026-09-16,317.405,322.944,328.113,324.736,322.149,319.397,43.35,45.11,45.65,45.78,45.18,45.28,951.9,87.9,2.05,6,11,1468,3,2.11,25.6,115.3,27.4
105C26I116314831H1,AGM105_H1,2,2026-09-04,308.66,315.012,309.348,307.221,311.589,306.364,44.24,44.86,45.25,44.28,45.01,45.79,973.8,67.7,2.05,3,8,1855,4,2.11,24.2,119.2,23.2
105C26I625266165H1,AGM105_H1,4,2026-09-03,325.879,323.999,324.871,325.131,327.541,325.959,46.36,46.72,44.06,45.64,44.69,43.74,977.2,72.2,2.06,5,11,1761,2,2.07,24.2,115.4,21.3
105C26J389648445H1,AGM105_H1,2,2026-10-09,303.838,305.22,319.682,308.999,307.166,312.922,44.39,44.48,44.61,46.32,45.66,44.75,943.3,88.5,2.07,8,11,2492,3,2.11,24.9,110.9,30.7
105C26J326423068H1,AGM105_H1,3,2026-10-02,317.75,316.191,316.667,314.055,311.731,317.588,44.6,44.7,46.41,44.01,44.73,46.35,949.5,75.0,2.07,8,14,2035,2,2.08,28.1,120.3,23.0
105C26J434743538H1,AGM105_H1,4,2026-10-07,322.735,311.803,315.979,316.734,316.774,316.422,44.98,45.02,45.1,45.0,45.4,45.82,960.7,61.3,2.09,6,15,1633,1,2.12,20.5,125.1,23.2
105C26J333320397H1,AGM105_H1,3,2026-10-14,316.989,318.75,311.286,320.496,318.374,316.135,44.31,45.27,46.24,45.7,44.17,44.84,951.4,73.0,2.04,2,7,2227,2,2.16,24.2,116.3,26.4
105C26J205067094H1,AGM105_H1,4,2026-10-08,306.519,302.752,303.758,310.394,307.595,311.325,44.85,46.57,46.1,44.43,45.29,45.97,939.1,66.8,2.06,7,8,1861,2,2.11,22.3,116.6,25.0
105C26J769332904H1,AGM105_H1,5,2026-10-19,318.072,321.885,308.733,311.042,304.75,320.096,43.83,45.49,44.76,45.63,43.56,43.26,914.2,102.6,2.03,4,6,1683,2,2.08,24.4,106.2,28.9
105C26J192029979H1,AGM105_H1,5,2026-10-22,312.234,312.648,310.582,315.226,313.478,312.925,45.79,46.62,43.13,44.2,47.22,44.94,947.3,86.5,2.1,6,7,1759,3,2.13,28.0,121.6,21.1
105C26J716943946H1,AGM105_H1,5,2026-10-22,322.119,321.458,321.843,321.405,318.688,323.516,45.17,43.84,45.62,44.48,45.54,43.63,929.0,66.8,2.09,5,9,1642,4,2.13,26.3,126.7,24.6
105C26J673972459H1,AGM105_H1,3,2026-10-04,319.361,323.157,316.763,315.827,313.707,322.384,45.33,44.91,43.41,42.9,45.7,44.33,964.0,69.4,2.07,4,17,2039,1,2.12,25.6,114.1,20.1
105C26J043394602H1,AGM105_H1,3,2026-10-03,303.26,300.855,300.928,304.451,307.318,304.781,42.7,44.36,44.05,43.99,44.33,44.08,949.0,89.1,2.06,2,7,2086,4,2.03,25.2,111.5,24.4
105C26J354038152H1,AGM105_H1,2,2026-10-01,315.865,311.133,316.737,315.054,315.65,318.713,43.9,44.57,44.92,43.61,43.65,46.02,914.2,70.7,2.1,6,18,914,4,2.08,23.8,112.6,24.0
105C26J227501859H1,AGM105_H1,2,2026-10-11,316.277,316.459,319.158,317.682,310.763,316.062,44.71,44.4,43.77,45.92,44.89,46.81,937.0,63.5,2.09,9,13,1694,4,2.08,27.8,128.1,26.4
105C26J093178844H1,AGM105_H1,3,2026-10-09,308.567,305.015,304.499,307.651,305.331,303.722,44.1,45.41,46.02,46.0,44.02,44.79,965.2,89.7,2.02,4,7,2202,5,2.09,29.0,119.6,25.5
105C26K034166780H1,AGM105_H1,3,2026-11-12,322.75,320.444,317.823,314.75,319.883,319.497,43.34,44.07,45.06,44.67,43.88,44.43,947.9,68.0,2.08,5,10,1693,2,2.1,24.9,111.5,24.3
105C26K055666476H1,AGM105_H1,2,2026-11-08,310.136,309.076,304.62,309.393,309.638,308.347,45.93,46.87,45.93,44.75,45.24,43.84,947.4,69.5,2.04,1,11,1965,2,2.13,25.1,114.8,29.5
105C26K747942456H1,AGM105_H1,5,2026-11-02,312.073,307.434,316.533,309.683,311.981,306.522,45.97,43.99,44.15,42.43,45.29,45.68,931.8,85.0,2.03,6,12,2010,2,2.12,24.1,113.8,20.1
105C26K915469198H1,AGM105_H1,2,2026-11-24,323.786,317.64,321.229,319.098,322.007,319.318,45.21,47.2,46.56,44.11,44.74,44.2,932.2,79.5,2.04,1,8,2194,2,2.06,24.7,116.2,19.3
105C26K443219726H1,AGM105_H1,3,2026-11-22,314.457,311.685,314.116,313.251,314.646,312.892,45.01,45.53,45.86,43.58,44.8,44.99,932.2,73.5,2.03,2,6,1645,3,2.07,18.7,107.7,25.9
105C26K551155716H1,AGM105_H1,2,2026-11-21,317.336,321.181,323.079,326.147,322.577,319.123,44.05,44.89,44.32,46.49,44.26,44.68,921.0,73.1,2.03,6,1,1507,2,2.12,24.2,120.1,29.5
105C26K760812401H1,AGM105_H1,2,2026-11-02,310.33,316.026,320.365,317.786,309.576,311.107,43.97,46.82,46.13,45.11,43.22,47.31,969.1,70.8,2.09,3,13,1879,4,2.12,29.2,123.6,20.3
105C26K420505161H1,AGM105_H1,2,2026-11-02,325.034,317.829,327.819,326.359,326.393,321.373,46.06,44.54,43.96,46.32,45.72,45.61,933.0,70.6,2.05,5,4,1912,3,2.16,28.3,118.7,20.9
105C26K225200358H1,AGM105_H1,2,2026-11-17,302.168,294.973,299.904,307.664,302.362,300.865,46.24,45.84,43.51,44.56,45.98,45.0,937.1,87.6,2.08,7,10,1945,2,2.11,28.7,127.6,19.0
105C26K971844225H1,AGM105_H1,2,2026-11-27,310.363,312.272,313.122,312.497,316.969,316.298,45.07,45.66,45.71,44.3,45.32,44.93,954.0,75.8,2.11,7,10,1593,3,2.09,24.0,112.1,21.5
105C26K167766602H1,AGM105_H1,2,2026-11-18,318.965,326.124,326.05,324.462,312.304,314.27,45.07,46.36,44.61,43.9,45.59,42.79,943.1,105.9,2.1,4,8,2207,3,2.16,23.9,105.8,22.7
105C26K315573032H1,AGM105_H1,4,2026-11-27,314.127,316.365,315.562,316.482,315.253,316.12,45.88,44.92,47.94,45.89,43.64,46.68,933.4,51.6,2.05,4,11,1381,4,2.08,24.7,125.7,26.9
105C26K181550532H1,AGM105_H1,3,2026-11-15,310.711,307.419,308.491,308.381,310.478,306.636,45.9,45.03,44.44,45.87,43.33,44.29,951.9,61.9,2.05,4,9,2064,4,2.12,23.8,113.7,26.7
105C26L771142113H1,AGM105_H1,2,2026-12-10,315.635,314.285,317.499,322.908,318.842,320.596,45.17,45.19,46.77,45.96,44.19,46.57,939.4,90.2,2.03,2,8,1193,2,2.08,26.1,105.7,30.4
105C26L284916341H1,AGM105_H1,2,2026-12-12,312.463,311.365,313.51,311.237,314.074,309.995,44.28,44.16,44.35,45.49,45.93,45.09,942.2,65.5,2.05,9,7,1518,4,2.12,26.3,117.3,25.2
105C26L057420473H1,AGM105_H1,3,2026-12-27,307.428,311.734,311.65,309.166,307.624,311.597,43.57,45.13,45.0,45.31,46.39,43.99,957.8,77.6,2.07,4,9,1906,3,2.12,27.5,115.9,25.8
105C26L327773401H1,AGM105_H1,3,2026-12-16,318.358,314.02,315.243,313.559,316.462,320.161,45.28,45.61,45.59,43.91,43.35,44.52,951.2,80.0,2.03,6,7,1642,3,2.1,25.5,116.6,28.2
105C26L648362090H1,AGM105_H1,4,2026-12-03,328.042,322.458,335.111,325.78,322.356,327.121,44.61,42.83,43.87,43.8,45.69,44.46,963.0,96.1,2.09,5,14,1161,3,2.1,22.3,123.5,21.9
105C26L837292567H1,AGM105_H1,1,2026-12-20,302.098,302.036,301.664,304.559,307.241,307.249,43.07,44.64,45.76,44.56,44.17,44.26,962.4,72.2,2.09,6,15,1827,2,2.09,23.7,115.6,27.8
105C26L529179425H1,AGM105_H1,3,2026-12-11,325.402,324.633,324.667,328.816,322.803,323.851,44.82,43.97,46.16,44.4,44.0,44.76,921.4,55.3,2.08,10,10,2174,4,2.08,21.4,117.2,25.2
105C26L027242769H1,AGM105_H1,4,2026-12-17,314.803,308.081,313.911,304.026,312.631,309.901,46.4,45.91,47.15,43.92,44.49,44.85,955.3,105.9,2.08,3,6,1880,4,2.09,20.1,112.1,19.1
105C26L667136802H1,AGM105_H1,4,2026-12-26,311.853,324.389,314.953,301.557,322.23,317.499,44.17,44.17,48.26,45.78,47.38,45.46,959.7,82.0,2.01,4,9,1922,2,2.06,20.5,109.7,25.2
105C26L840112693H1,AGM105_H1,3,2026-12-11,321.212,317.981,316.136,318.467,315.502,319.668,44.98,44.69,43.74,47.44,46.83,47.25,958.8,77.3,2.0,7,11,1345,3,2.12,21.9,130.2,30.0
105C26L541687594H1,AGM105_H1,4,2026-12-14,314.92,315.403,314.614,318.494,313.06,315.64,44.69,43.97,45.31,43.37,44.51,45.67,958.4,76.7,2.09,4,8,1359,2,2.12,23.7,111.9,27.1
105C26L681979114H1,AGM105_H1,3,2026-12-13,314.712,309.791,309.186,315.954,310.147,310.812,47.0,45.35,42.63,46.03,43.57,46.02,942.9,82.8,2.1,5,7,1806,3,2.11,24.9,105.7,22.7
105C26L316096846H1,AGM105_H1,3,2026-12-11,319.655,319.904,317.757,322.72,324.082,320.59,43.06,46.33,44.86,46.22,44.26,45.73,933.7,72.5,2.0,6,10,1818,3,2.1,26.4,129.4,21.8
105C26A105496716K1,AGM105_K1,3,2026-01-08,311.853,311.198,314.753,313.852,312.832,310.949,43.22,45.54,44.5,45.78,43.9,45.59,957.2,60.8,2.02,5,7,2015,3,2.12,21.1,123.1,19.4
105C26A547834004K1,AGM105_K1,4,2026-01-13,324.929,325.427,322.57,323.234,322.1,321.986,44.81,44.87,44.68,44.21,45.05,45.63,953.4,76.1,2.06,6,6,1979,4,2.09,25.7,116.3,25.2
105C26A185892294K1,AGM105_K1,3,2026-01-13,317.291,318.559,320.234,318.634,311.005,322.554,45.42,45.37,44.89,44.8,44.68,46.36,952.2,90.6,2.09,6,9,1724,3,2.13,24.8,113.5,25.1
105C26A552449874K1,AGM105_K1,3,2026-01-15,304.005,291.751,296.429,300.024,302.529,297.211,44.2,44.01,45.23,45.3,45.37,45.33,942.5,56.8,2.05,4,13,1991,3,2.09,25.1,125.9,23.7
105C26A217608926K1,AGM105_K1,5,2026-01-09,307.466,304.113,306.42,307.326,305.044,307.587,45.51,45.48,44.94,44.52,44.53,45.1,923.4,60.6,2.09,4,15,2030,2,2.09,25.3,121.1,28.6
105C26A038256619K1,AGM105_K1,3,2026-01-16,312.586,312.658,312.807,314.507,311.624,312.497,46.57,44.22,46.46,43.48,44.89,45.04,957.8,50.9,2.02,3,2,1791,3,2.07,25.3,116.6,26.0
105C26A789251715K1,AGM105_K1,2,2026-01-23,307.752,307.521,307.199,307.669,307.871,307.34,43.94,45.89,45.88,46.44,46.71,45.84,962.6,51.0,2.07,6,10,2190,2,2.1,25.6,116.6,21.0
105C26A734218902K1,AGM105_K1,3,2026-01-09,314.908,314.031,320.177,317.856,321.758,315.969,45.34,44.45,45.73,47.15,44.14,43.91,940.6,86.1,2.03,7,13,1223,2,2.15,20.5,111.5,23.2
105C26A710154631K1,AGM105_K1,2,2026-01-09,318.324,318.899,321.236,321.601,319.616,321.166,46.09,44.57,45.81,43.94,45.35,44.85,937.2,80.4,2.04,6,10,1680,3,2.09,29.9,115.8,25.9
105C26A218568252K1,AGM105_K1,4,2026-01-10,305.063,307.748,309.994,310.579,306.652,314.401,46.19,45.52,45.35,43.36,46.82,46.41,931.4,79.1,2.04,3,10,2512,3,2.08,30.3,113.1,27.0
105C26A455121191K1,AGM105_K1,4,2026-01-01,313.783,313.89,321.735,313.196,315.803,315.018,45.12,44.15,46.05,46.25,45.05,44.99,983.5,78.5,2.01,10,11,2082,3,2.08,24.8,119.4,25.6
105C26A707241149K1,AGM105_K1,4,2026-01-19,315.597,310.46,313.045,316.395,317.886,312.488,45.64,45.94,45.35,43.62,44.01,42.99,972.6,83.0,2.0,6,13,2128,3,2.07,30.3,111.8,27.1
105C26A811168283K1,AGM105_K1,2,2026-01-08,311.513,318.348,315.776,312.267,315.162,318.753,43.38,44.11,46.16,44.35,44.94,43.91,930.7,69.7,2.03,7,7,1955,5,2.11,27.3,115.0,27.3
105C26B766458310K1,AGM105_K1,3,2026-02-14,302.197,293.98,302.014,305.429,303.949,301.608,46.69,46.58,44.73,45.3,44.98,45.11,908.8,87.4,2.0,5,3,1631,6,2.05,26.1,120.4,26.9
105C26B444590173K1,AGM105_K1,1,2026-02-22,311.875,321.694,313.811,316.616,313.772,306.43,45.83,44.63,43.4,43.79,44.48,45.6,982.7,78.0,2.04,4,9,2476,2,2.07,25.3,122.2,25.9
105C26B238361788K1,AGM105_K1,3,2026-02-17,319.182,324.935,328.219,321.262,327.665,321.767,46.41,45.57,44.24,44.78,45.15,46.55,900.2,59.7,2.05,2,8,1917,3,2.08,26.9,120.3,21.6
105C26B267373967K1,AGM105_K1,4,2026-02-10,317.6,322.662,317.854,317.763,319.478,320.168,45.67,43.71,44.53,45.31,45.9,46.25,947.8,78.3,2.05,3,16,1988,3,2.05,17.4,113.4,22.5
105C26B901385170K1,AGM105_K1,2,2026-02-27,316.105,321.464,319.435,318.663,327.755,318.65,45.41,45.65,43.8,43.61,44.53,43.97,904.8,90.1,2.05,4,13,1941,3,2.12,28.1,105.0,25.7
105C26B351429417K1,AGM105_K1,4,2026-02-24,321.404,315.944,317.808,320.391,314.092,319.758,44.48,46.26,45.01,46.89,45.29,43.49,955.0,69.8,2.08,2,12,1936,3,2.09,23.1,131.2,31.6
105C26B909105970K1,AGM105_K1,4,2026-02-23,311.476,313.015,311.852,305.237,314.62,310.489,44.4,42.26,43.24,45.95,47.66,44.71,977.3,61.1,2.04,5,14,1536,4,2.06,23.7,121.9,24.4
105C26B483290059K1,AGM105_K1,2,2026-02-11,303.688,307.179,307.393,315.755,307.362,314.514,44.1,43.86,43.23,43.88,45.93,43.95,942.7,86.0,2.08,2,12,1669,1,2.1,27.8,116.3,26.5
105C26B594766018K1,AGM105_K1,3,2026-02-12,326.366,325.498,318.811,320.532,323.196,326.5,46.28,43.85,44.73,42.87,45.19,44.95,965.1,73.7,1.99,4,17,1999,2,2.06,23.2,117.3,20.2
105C26B850863466K1,AGM105_K1,4,2026-02-02,311.173,316.747,314.433,315.952,316.916,317.242,45.85,43.6,45.67,46.54,43.86,45.59,945.8,80.3,2.02,4,5,1664,4,2.07,24.0,112.5,21.6
105C26B851090707K1,AGM105_K1,5,2026-02-25,314.952,314.885,311.287,315.364,320.542,314.717,45.22,45.76,44.89,47.58,44.9,46.77,956.6,79.1,2.08,6,8,2481,4,2.09,28.6,120.1,25.2
105C26B342966375K1,AGM105_K1,3,2026-02-18,316.56,319.945,315.492,316.115,319.211,311.732,44.44,43.52,43.5,44.97,45.23,44.51,950.4,90.2,2.05,5,12,1548,4,2.12,24.0,111.6,26.4
105C26B405991366K1,AGM105_K1,2,2026-02-22,307.608,309.305,303.701,309.63,306.121,307.929,44.77,43.53,46.8,43.83,45.26,46.22,928.1,68.7,2.04,9,16,1683,3,2.13,28.6,120.5,25.8
105C26C583559479K1,AGM105_K1,2,2026-03-08,312.653,320.242,309.071,316.717,311.899,316.645,44.03,44.93,43.99,44.01,45.39,44.7,934.8,68.7,2.08,7,6,1736,3,2.07,32.7,121.8,19.4
105C26C216742256K1,AGM105_K1,2,2026-03-14,314.655,305.792,311.961,311.473,314.47,316.573,44.72,45.41,45.03,46.76,45.18,47.53,957.7,66.2,2.01,6,6,1371,4,2.07,27.4,122.7,24.5
105C26C001196923K1,AGM105_K1,3,2026-03-10,308.942,313.864,313.449,314.778,314.47,313.501,46.01,44.92,43.89,45.1,43.68,45.73,954.2,61.4,2.08,9,9,1592,4,2.08,26.2,122.8,21.3
105C26C713366184K1,AGM105_K1,2,2026-03-01,322.974,327.613,321.89,323.222,316.107,319.345,45.81,44.04,44.95,46.01,45.16,43.59,923.8,77.3,2.03,9,10,2399,2,2.09,27.2,112.2,22.6
105C26C961187113K1,AGM105_K1,4,2026-03-17,319.127,316.718,315.971,315.217,319.614,317.083,44.55,45.01,45.15,46.69,42.76,45.11,947.2,79.2,2.01,9,6,2303,3,2.08,23.3,110.3,20.3
105C26C015118664K1,AGM105_K1,3,2026-03-02,302.137,298.861,313.228,309.059,304.826,302.696,43.2,44.99,45.92,45.78,43.5,45.3,964.7,86.2,2.08,8,9,1558,5,2.07,26.7,116.2,22.6
105C26C142299511K1,AGM105_K1,3,2026-03-06,316.761,313.474,314.521,312.424,313.864,313.141,45.35,46.16,44.28,45.38,47.02,45.0,966.3,91.1,2.12,7,11,2058,3,2.12,26.6,113.2,28.3
105C26C208398408K1,AGM105_K1,3,2026-03-01,331.582,325.301,327.52,327.123,325.562,327.552,45.95,43.97,44.75,45.91,45.06,46.02,965.0,77.5,2.06,3,7,1820,3,2.1,23.3,118.9,23.5
105C26C769343551K1,AGM105_K1,2,2026-03-13,328.561,322.544,321.792,317.664,326.978,321.611,44.68,45.9,45.5,44.16,44.43,44.57,943.4,66.3,2.01,4,14,1891,3,2.13,25.7,117.5,26.0
105C26C694270068K1,AGM105_K1,2,2026-03-13,319.281,314.627,322.337,320.089,322.634,317.736,44.83,44.89,43.29,45.83,44.02,44.42,927.5,89.9,2.02,4,9,1373,3,2.11,25.9,105.0,25.8
105C26C672065922K1,AGM105_K1,2,2026-03-24,318.469,316.466,314.544,319.715,320.705,316.72,44.95,43.31,44.35,44.8,45.27,42.85,942.3,68.4,2.04,6,9,2035,3,2.11,28.3,108.4,24.1
105C26C526703637K1,AGM105_K1,4,2026-03-27,309.343,313.806,308.548,313.707,311.066,313.305,45.13,44.52,43.24,46.08,45.21,44.48,935.6,46.8,2.08,2,12,1555,3,2.13,27.8,127.3,22.4
105C26C841156526K1,AGM105_K1,2,2026-03-05,308.911,308.644,317.535,313.488,311.083,313.015,45.4,46.79,45.46,43.99,45.59,46.98,955.8,63.8,2.1,1,13,1716,4,2.13,23.1,121.5,27.0
105C26D642731977K1,AGM105_K1,4,2026-04-27,310.622,315.546,313.217,312.385,311.353,314.411,45.38,44.84,45.68,45.52,46.24,44.1,963.2,77.9,2.07,8,5,1960,3,2.09,24.0,122.4,27.8
105C26D709048335K1,AGM105_K1,4,2026-04-06,312.46,309.485,309.836,312.881,315.766,322.144,45.79,44.05,44.04,45.88,46.04,44.16,943.9,76.2,2.05,2,15,1832,2,2.1,25.1,120.6,29.8
105C26D980502036K1,AGM105_K1,2,2026-04-26,312.134,316.114,313.748,307.041,312.185,316.326,44.79,46.69,45.08,43.72,45.45,45.22,930.4,61.0,2.06,5,14,1908,3,2.08,27.1,110.5,20.2
105C26D551125463K1,AGM105_K1,2,2026-04-16,309.709,306.592,312.607,315.369,310.181,313.341,44.77,44.02,44.61,45.06,44.94,46.61,994.5,87.3,2.07,7,6,1669,3,2.07,24.4,109.2,25.5
105C26D868970826K1,AGM105_K1,1,2026-04-11,306.853,304.255,308.834,304.325,308.336,307.798,46.57,46.56,45.36,44.04,45.23,42.95,970.5,100.4,2.05,6,14,1955,5,2.13,23.4,119.1,22.6
105C26D061251999K1,AGM105_K1,4,2026-04-23,314.379,308.774,316.76,310.515,312.89,316.838,43.89,46.46,43.68,45.0,44.19,44.25,961.6,90.1,2.03,6,11,1661,3,2.06,22.4,118.2,19.3
105C26D224543337K1,AGM105_K1,4,2026-04-23,322.132,316.877,317.506,320.694,321.212,318.437,45.45,45.61,45.22,44.63,44.15,44.93,951.9,58.6,2.06,3,3,1980,2,2.12,26.8,114.6,22.2
105C26D435199702K1,AGM105_K1,2,2026-04-27,305.332,310.736,313.115,313.937,309.704,307.066,47.71,44.27,45.29,44.53,44.76,44.51,941.4,79.9,2.06,6,10,2102,3,2.08,27.6,119.5,28.3
105C26D889915129K1,AGM105_K1,4,2026-04-03,326.795,316.132,315.157,325.502,319.75,320.736,45.68,46.0,45.9,45.23,44.22,44.61,942.4,93.3,2.06,7,15,1729,1,2.07,26.8,124.0,29.3
105C26D332189250K1,AGM105_K1,3,2026-04-27,312.125,312.873,305.339,308.905,312.256,315.477,45.32,47.03,45.16,46.69,45.52,44.69,968.2,72.5,2.01,5,7,1700,3,2.13,27.5,118.3,22.0
105C26D433483940K1,AGM105_K1,2,2026-04-23,309.212,304.515,308.391,300.288,303.118,295.629,45.56,45.24,44.71,43.59,45.23,44.57,937.4,98.7,2.11,4,10,1653,3,2.09,20.9,117.9,28.6
105C26D342904527K1,AGM105_K1,3,2026-04-26,307.854,310.848,308.209,311.486,319.89,311.425,43.66,46.19,44.99,45.08,44.93,43.51,950.3,79.9,2.09,1,8,1381,3,2.09,24.2,123.3,27.6
105C26D938248792K1,AGM105_K1,2,2026-04-16,317.826,316.773,314.019,313.761,313.767,317.993,45.24,45.85,45.61,44.54,44.23,44.53,964.9,55.0,2.03,1,11,1985,3,2.12,25.4,127.8,23.8
105C26E104658751K1,AGM105_K1,3,2026-05-02,317.806,319.66,317.147,322.927,316.421,323.724,44.86,44.65,45.64,44.66,46.04,44.94,940.2,77.2,2.07,5,16,1401,3,2.03,23.3,112.2,29.1
105C26E269271839K1,AGM105_K1,3,2026-05-20,319.378,318.405,318.129,316.026,318.527,316.751,44.58,44.98,45.64,44.45,44.48,45.16,964.1,67.7,2.04,8,8,2355,2,2.06,25.1,128.0,23.7
105C26E829448657K1,AGM105_K1,2,2026-05-05,313.725,314.726,311.414,316.401,315.293,311.201,44.71,45.21,46.22,46.13,45.24,45.27,949.8,82.9,2.05,6,11,1758,1,2.03,21.7,107.1,22.3
105C26E497294828K1,AGM105_K1,4,2026-05-08,311.365,312.074,312.616,312.671,311.296,312.602,44.42,45.42,44.13,45.77,44.41,45.47,943.8,60.1,2.05,4,9,1255,4,2.1,23.3,123.0,23.7
105C26E872285224K1,AGM105_K1,1,2026-05-15,319.438,316.973,315.943,319.158,315.753,319.841,44.35,45.42,44.24,43.55,44.6,45.86,942.0,67.8,2.11,1,9,1754,5,2.09,24.3,117.4,32.7
105C26E925268193K1,AGM105_K1,3,2026-05-08,312.854,318.911,316.286,313.302,319.434,319.188,45.37,46.34,45.63,44.25,45.5,43.81,956.3,79.1,2.04,5,15,1809,3,2.11,23.9,114.2,24.1
105C26E629884750K1,AGM105_K1,2,2026-05-04,313.097,315.009,312.749,310.055,315.289,312.732,46.73,44.47,44.11,44.68,45.47,45.19,937.6,80.3,2.05,4,5,2060,3,2.12,21.4,116.3,28.1
105C26E759644473K1,AGM105_K1,4,2026-05-05,303.464,300.985,307.723,303.454,300.682,307.751,45.74,45.44,45.6,43.99,44.81,44.45,937.3,56.2,2.05,7,10,1766,5,2.15,20.8,130.9,24.3
105C26E416494882K1,AGM105_K1,3,2026-05-05,317.623,315.214,313.17,310.924,318.992,322.393,46.34,45.87,45.39,44.91,45.89,44.8,894.0,83.0,2.06,4,7,1567,2,2.16,26.9,116.5,24.5
105C26E383077198K1,AGM105_K1,4,2026-05-25,317.279,317.196,315.033,320.542,315.397,318.479,46.15,44.8,45.33,44.77,43.38,45.35,966.5,68.0,2.05,4,9,1577,2,2.08,27.2,116.0,25.4
105C26E192001976K1,AGM105_K1,2,2026-05-01,309.127,310.752,310.116,303.444,312.102,309.587,44.87,45.0,45.81,45.54,44.67,46.23,941.3,73.3,2.1,5,14,1238,3,2.11,28.9,113.0,20.1
105C26E279400892K1,AGM105_K1,4,2026-05-09,320.559,323.116,318.153,316.307,323.738,319.726,45.86,45.83,46.37,45.31,45.82,43.6,906.1,66.9,2.03,5,9,2026,1,2.09,26.2,107.8,25.3
105C26E875957712K1,AGM105_K1,2,2026-05-06,302.599,302.597,301.804,304.057,304.972,303.88,45.86,43.64,45.45,45.05,43.71,45.34,950.6,81.1,2.04,8,13,1420,3,2.09,24.8,117.8,28.7
105C26F816480171K1,AGM105_K1,5,2026-06-15,313.481,320.417,318.718,315.817,315.192,317.086,44.21,43.58,41.76,45.81,45.78,44.04,947.2,73.6,2.03,6,6,2035,3,2.07,29.1,121.6,25.4
105C26F856014726K1,AGM105_K1,5,2026-06-01,322.335,322.496,323.332,325.662,321.262,322.976,46.47,46.04,46.31,43.59,43.38,44.61,921.8,61.7,2.07,5,6,1823,3,2.11,24.9,117.4,23.1
105C26F524195776K1,AGM105_K1,3,2026-06-18,311.792,312.811,313.567,309.203,312.483,309.013,44.68,45.61,44.92,44.2,44.35,43.7,935.3,78.8,2.07,2,16,1500,4,2.12,19.4,116.2,27.3
105C26F374257175K1,AGM105_K1,3,2026-06-20,318.046,317.173,312.115,316.892,316.976,316.719,44.09,44.46,45.15,43.72,45.37,44.3,942.1,73.8,2.05,3,9,2096,4,2.08,21.3,112.9,27.0
105C26F674414596K1,AGM105_K1,4,2026-06-11,318.914,317.477,319.39,319.804,320.566,320.549,45.89,45.31,45.16,45.97,45.25,43.58,906.9,64.7,2.06,3,8,1782,1,2.11,27.5,125.2,22.7
105C26F240439008K1,AGM105_K1,3,2026-06-15,319.84,314.679,313.804,305.094,310.907,317.14,46.1,45.56,44.81,43.35,45.68,43.63,926.4,89.9,2.09,6,7,802,2,2.03,26.4,115.0,25.3
105C26F878127214K1,AGM105_K1,3,2026-06-21,317.863,317.59,316.288,317.312,314.504,318.006,44.06,45.49,43.51,45.08,45.09,44.82,971.5,72.4,2.07,7,4,1912,2,2.15,20.9,116.0,29.0
105C26F848953363K1,AGM105_K1,2,2026-06-04,313.799,315.563,315.707,324.247,316.776,316.89,45.45,45.93,45.04,46.97,42.71,45.17,952.8,84.7,2.0,4,10,2086,1,2.09,26.7,118.1,21.3
105C26F471729508K1,AGM105_K1,4,2026-06-15,328.943,322.364,321.104,328.073,326.281,323.179,43.38,43.32,44.67,45.25,46.35,46.3,936.9,77.2,2.11,7,14,1799,2,2.09,30.0,115.3,24.8
105C26F749456321K1,AGM105_K1,5,2026-06-03,323.681,319.841,324.291,320.024,316.881,322.95,45.25,46.19,46.01,42.7,44.29,46.86,959.0,91.5,2.02,5,8,2105,5,2.05,28.5,111.2,25.7
105C26F012796647K1,AGM105_K1,3,2026-06-11,314.426,317.117,316.485,318.569,319.983,318.25,45.09,45.55,42.49,45.65,44.92,45.3,941.9,61.6,2.07,1,3,2007,4,2.13,20.1,120.5,25.5
105C26F674616974K1,AGM105_K1,2,2026-06-17,301.126,297.503,300.138,299.912,298.035,297.719,44.66,44.41,43.65,45.29,45.27,43.38,938.2,76.9,2.04,6,5,2107,3,2.14,29.8,113.1,26.4
105C26F731201442K1,AGM105_K1,5,2026-06-12,324.743,324.984,325.252,328.619,327.579,320.46,44.29,45.89,45.1,45.19,45.49,46.77,953.2,73.0,1.98,1,12,1789,2,2.1,26.7,110.0,23.5
105C26G789325609K1,AGM105_K1,3,2026-07-10,316.503,320.516,318.221,323.03,316.022,318.925,46.01,44.37,45.27,43.75,43.56,43.56,937.8,85.3,2.05,6,17,1821,3,2.08,26.8,121.2,19.0
105C26G345163044K1,AGM105_K1,5,2026-07-20,318.565,315.247,322.419,322.367,315.02,315.953,44.88,45.27,43.78,43.17,45.14,44.87,899.7,65.8,2.05,5,2,1993,3,2.11,24.6,124.0,28.5
105C26G200730775K1,AGM105_K1,4,2026-07-24,318.43,318.038,312.849,314.651,313.33,310.87,43.95,44.82,45.96,45.24,45.34,44.84,920.1,70.0,2.04,4,8,2225,2,2.07,19.4,118.6,25.7
105C26G053957380K1,AGM105_K1,3,2026-07-23,304.202,308.932,308.074,309.206,308.26,308.996,44.34,46.33,45.21,45.27,45.48,45.3,955.6,76.3,1.97,6,4,1345,3,2.09,23.1,109.9,22.6
105C26G185826480K1,AGM105_K1,3,2026-07-11,322.38,319.262,321.04,316.95,320.078,324.549,45.4,44.72,44.72,44.04,45.55,45.6,948.0,76.8,2.07,8,9,1262,2,2.07,30.4,120.4,25.2
105C26G594672081K1,AGM105_K1,4,2026-07-12,324.168,317.516,323.493,321.375,322.126,320.205,45.04,46.64,44.35,45.88,47.18,43.86,979.2,67.5,2.05,6,12,1794,3,2.06,26.9,123.8,25.1
105C26G233694546K1,AGM105_K1,3,2026-07-03,315.808,324.239,317.414,317.621,319.341,320.575,44.69,45.86,45.78,45.58,44.84,44.71,955.0,86.8,2.07,3,10,1330,3,2.15,23.5,105.1,29.1
105C26G157752975K1,AGM105_K1,3,2026-07-13,301.426,299.817,298.369,300.176,299.251,300.897,44.54,45.09,45.4,44.3,44.65,43.78,980.1,69.2,1.97,3,12,1479,2,2.05,24.4,109.4,21.6
105C26G699593607K1,AGM105_K1,2,2026-07-23,308.368,318.552,315.161,325.801,306.849,316.998,46.99,45.51,45.54,45.88,44.72,45.4,969.2,102.2,2.06,8,10,1893,4,2.1,24.9,117.1,23.2
105C26G646798361K1,AGM105_K1,4,2026-07-11,330.275,330.538,330.808,332.756,326.715,330.452,43.36,44.83,45.52,44.23,45.05,46.42,914.7,71.0,2.09,4,9,2379,3,2.08,29.0,127.2,23.8
105C26G485481474K1,AGM105_K1,4,2026-07-12,314.717,309.69,302.784,310.454,312.054,312.631,45.19,44.46,44.28,44.73,44.89,44.37,962.0,67.5,2.1,7,12,1947,3,2.13,17.9,122.6,18.3
105C26G190946828K1,AGM105_K1,2,2026-07-25,308.744,311.614,309.915,308.874,309.662,315.197,44.04,45.13,45.22,46.12,45.42,45.91,948.5,74.2,2.1,4,8,1531,3,2.1,24.0,117.5,25.8
105C26G601546886K1,AGM105_K1,2,2026-07-23,314.79,310.131,322.46,322.888,310.274,312.331,44.07,45.66,44.85,44.67,45.23,44.75,926.1,72.7,2.11,3,8,1516,4,2.13,25.6,120.5,30.1
105C26H057145261K1,AGM105_K1,3,2026-08-25,312.273,310.747,310.242,313.325,310.9,308.482,45.37,45.35,46.28,44.04,45.98,45.24,947.9,37.9,2.08,3,11,1316,4,2.11,29.7,127.2,24.3
105C26H338810817K1,AGM105_K1,4,2026-08-24,323.743,319.647,318.482,322.05,325.137,326.987,46.15,44.71,45.71,46.4,43.7,45.42,945.6,113.5,2.07,3,13,1732,3,2.14,21.3,107.8,23.9
105C26H089815118K1,AGM105_K1,4,2026-08-15,325.052,320.967,325.615,322.272,321.204,320.187,46.17,45.45,44.29,44.31,45.92,44.83,940.0,112.8,2.06,6,6,1725,2,2.16,27.4,108.1,23.7
105C26H487518027K1,AGM105_K1,2,2026-08-14,319.684,318.163,314.495,318.77,317.142,316.051,44.45,43.88,44.59,44.93,45.02,44.57,954.1,89.4,2.05,2,7,1827,2,2.09,19.0,113.9,23.9
105C26H465151056K1,AGM105_K1,3,2026-08-09,306.099,310.352,313.429,310.548,312.921,314.449,44.9,46.22,45.72,43.98,43.87,45.44,941.7,78.8,2.03,7,8,1775,3,2.11,26.0,115.7,34.6
105C26H278932979K1,AGM105_K1,2,2026-08-16,314.564,308.446,324.577,324.76,311.435,305.087,45.29,43.56,45.59,45.19,44.75,45.25,961.2,96.3,2.0,4,6,1383,4,2.05,27.5,123.4,19.1
105C26H418121262K1,AGM105_K1,3,2026-08-22,316.633,319.243,324.098,319.032,318.266,310.525,44.9,44.57,43.06,44.15,42.62,44.18,974.4,82.5,1.98,6,14,2202,3,2.07,18.4,122.8,27.5
105C26H808734827K1,AGM105_K1,3,2026-08-25,320.447,313.0,319.262,317.648,322.817,318.702,44.21,44.78,47.7,45.96,45.05,46.17,939.3,64.6,2.05,5,13,1639,4,2.05,25.9,125.4,22.0
105C26H386839426K1,AGM105_K1,2,2026-08-25,315.441,313.03,313.012,311.518,312.105,316.709,45.45,46.51,45.47,45.51,44.47,44.83,924.9,78.1,2.04,6,12,2278,2,2.09,27.7,118.3,23.2
105C26H396678895K1,AGM105_K1,1,2026-08-20,315.438,319.058,319.336,314.663,317.073,318.691,44.69,45.93,43.98,45.42,44.48,45.22,904.8,59.6,2.04,4,7,1594,5,2.1,23.9,124.9,27.0
105C26H632502399K1,AGM105_K1,3,2026-08-21,305.323,301.785,299.572,299.799,307.274,302.927,46.11,45.8,44.81,44.39,45.39,40.89,936.2,74.9,2.05,4,18,2138,3,2.15,26.9,122.8,25.7
105C26H017000043K1,AGM105_K1,3,2026-08-15,317.268,316.737,315.894,320.026,320.741,313.906,44.88,44.88,47.43,44.79,44.93,44.93,955.0,38.2,2.03,6,6,1634,2,2.11,24.6,125.3,24.9
105C26H526449062K1,AGM105_K1,2,2026-08-02,317.401,317.154,319.762,317.99,320.127,316.495,43.9,44.33,42.59,43.02,45.48,44.78,893.7,52.1,2.08,7,18,1783,5,2.09,22.2,124.3,26.7
105C26I805825219K1,AGM105_K1,4,2026-09-12,318.013,318.054,317.796,319.916,315.023,317.913,44.73,44.99,46.64,45.99,48.72,44.78,983.4,64.9,2.01,4,14,1840,2,2.09,27.5,115.1,25.0
105C26I832272731K1,AGM105_K1,4,2026-09-10,319.597,317.666,319.405,317.119,316.05,318.077,44.78,42.94,46.21,43.86,46.23,44.29,918.2,50.0,2.07,5,15,1660,3,2.11,22.9,120.8,23.2
105C26I960144117K1,AGM105_K1,3,2026-09-20,325.593,324.023,326.556,321.212,326.089,327.636,45.8,46.06,44.86,44.39,47.26,44.31,922.3,56.8,1.99,3,13,1243,3,2.11,21.1,117.2,25.6
105C26I001597802K1,AGM105_K1,3,2026-09-14,316.461,319.831,313.492,312.945,316.241,316.911,45.97,45.46,44.59,44.56,45.17,43.94,931.4,64.0,2.02,4,12,1967,3,2.12,22.1,119.4,19.2
105C26I695157964K1,AGM105_K1,3,2026-09-23,322.206,323.325,322.916,322.031,325.997,322.545,46.22,45.15,44.19,45.66,44.37,44.82,936.2,78.7,2.09,10,5,1453,3,2.13,23.1,119.4,26.3
105C26I182342832K1,AGM105_K1,3,2026-09-22,309.137,306.405,309.464,307.546,308.86,305.929,44.75,44.72,45.72,45.34,43.71,47.02,923.5,77.8,2.06,4,14,1547,2,2.05,26.5,116.0,21.7
105C26I628803422K1,AGM105_K1,3,2026-09-13,324.065,319.424,321.326,323.275,328.477,322.213,45.32,43.68,45.78,46.21,44.77,44.05,956.9,101.8,2.04,5,11,1231,2,2.05,25.3,118.2,22.6
105C26I288549505K1,AGM105_K1,2,2026-09-01,322.008,324.907,317.549,318.424,324.719,322.717,45.17,43.35,44.94,44.97,45.25,45.85,945.1,59.4,2.06,3,15,1591,1,2.14,25.8,119.0,27.0
105C26I465987857K1,AGM105_K1,2,2026-09-12,314.474,313.98,310.789,317.28,312.664,313.39,43.47,45.23,44.03,45.1,43.54,44.8,922.5,84.5,2.04,4,18,2271,4,2.1,24.2,118.1,25.4
105C26I266469075K1,AGM105_K1,3,2026-09-14,318.066,324.169,327.347,319.907,329.552,318.313,47.1,45.59,43.93,46.35,46.29,45.91,961.1,87.7,2.05,7,11,1519,2,2.1,21.1,118.9,23.7
105C26I292048008K1,AGM105_K1,3,2026-09-07,317.343,315.471,313.874,312.649,311.669,313.578,44.75,46.2,44.35,45.02,44.59,43.5,962.8,65.4,2.06,6,6,1626,4,2.15,26.2,115.2,29.1
105C26I887127001K1,AGM105_K1,3,2026-09-01,330.621,327.894,331.183,329.064,327.358,327.405,42.97,46.6,45.46,44.9,43.57,45.97,943.9,84.5,2.0,6,7,1950,2,2.07,19.0,117.4,20.6
105C26I098352771K1,AGM105_K1,3,2026-09-24,319.509,319.482,317.671,322.13,319.624,319.263,45.22,45.56,45.16,43.83,46.54,43.81,939.8,73.1,2.08,5,7,1796,4,2.12,25.5,123.1,22.7
105C26J221592906K1,AGM105_K1,2,2026-10-05,329.027,327.32,331.05,324.798,330.893,328.728,45.43,44.88,44.23,45.44,44.61,46.69,978.8,63.5,2.09,3,8,2239,5,2.11,23.8,115.3,25.7
105C26J519736459K1,AGM105_K1,3,2026-10-16,308.861,312.435,312.877,316.156,310.984,306.585,44.32,45.05,44.13,45.22,44.61,44.84,954.6,102.0,2.06,5,1,2460,2,2.1,19.9,105.0,22.9
105C26J083062807K1,AGM105_K1,2,2026-10-17,309.482,309.206,310.324,306.814,308.148,309.553,44.79,44.86,45.43,44.42,46.26,43.89,917.6,62.0,2.02,4,12,1982,3,2.1,29.7,121.2,23.5
105C26J466532436K1,AGM105_K1,4,2026-10-10,318.958,315.948,314.603,316.173,314.882,313.511,45.06,45.97,45.94,45.45,46.09,45.69,914.6,70.1,2.01,5,8,1799,4,2.13,26.1,108.9,32.2
105C26J094862532K1,AGM105_K1,3,2026-10-02,311.578,312.727,317.711,316.837,322.302,317.994,43.88,44.89,43.85,45.59,45.34,44.69,952.2,77.4,2.04,5,13,1760,3,2.15,31.5,114.1,25.8
105C26J999657259K1,AGM105_K1,3,2026-10-21,314.834,321.826,317.537,313.38,319.019,314.928,45.81,43.26,45.12,44.53,44.51,46.13,942.8,80.8,2.06,2,8,1864,2,2.08,20.6,112.4,25.6
105C26J038322903K1,AGM105_K1,3,2026-10-06,323.994,310.933,316.661,316.001,319.87,322.268,44.1,44.5,43.86,45.47,43.74,44.77,965.6,77.4,2.02,4,6,2065,3,2.04,26.8,111.4,20.7
105C26J118198702K1,AGM105_K1,3,2026-10-05,319.398,318.096,317.487,317.97,314.602,321.959,46.08,45.62,45.1,45.1,45.36,44.81,972.8,84.1,2.06,6,8,1672,4,2.07,27.3,111.6,20.6
105C26J978817256K1,AGM105_K1,5,2026-10-13,311.684,323.499,307.75,307.197,316.616,310.02,45.56,45.61,45.87,46.24,46.3,47.01,934.4,66.4,2.03,4,2,2206,3,2.14,24.7,124.1,29.0
105C26J780727662K1,AGM105_K1,3,2026-10-14,314.243,318.85,313.87,313.639,318.16,314.787,44.93,45.33,46.14,45.74,44.83,44.78,966.0,67.8,2.01,3,8,1901,3,2.07,22.2,117.4,21.2
105C26J291307597K1,AGM105_K1,1,2026-10-09,322.526,323.694,324.613,323.958,324.154,315.781,44.78,45.83,47.29,43.47,45.15,45.44,964.2,89.6,2.0,8,10,1239,4,2.09,24.7,116.5,27.7
105C26J840286465K1,AGM105_K1,1,2026-10-21,308.673,309.86,312.408,312.306,310.777,308.152,44.64,43.87,44.31,43.21,45.11,45.24,910.1,76.1,2.04,3,12,2202,5,2.11,22.6,122.2,26.4
105C26J416939394K1,AGM105_K1,4,2026-10-15,312.068,312.362,309.483,309.16,313.404,313.983,44.55,43.72,45.49,45.83,46.66,44.24,948.7,62.6,2.05,5,17,1886,2,2.1,24.9,118.1,25.3
105C26K001009293K1,AGM105_K1,3,2026-11-10,315.41,314.446,316.619,324.948,310.19,319.895,44.52,43.91,44.7,45.34,45.54,43.76,947.5,83.7,2.05,5,10,2155,4,2.02,28.4,114.4,18.7
105C26K011377956K1,AGM105_K1,4,2026-11-24,311.696,303.292,306.561,293.615,298.033,297.761,43.09,44.89,45.57,43.06,44.51,45.06,964.6,89.1,2.03,6,11,1831,2,2.07,27.4,115.1,25.6
105C26K416205037K1,AGM105_K1,2,2026-11-08,315.079,316.489,314.045,314.917,312.133,314.64,44.72,44.92,47.08,44.53,44.89,44.45,980.0,71.2,2.11,5,9,2389,1,2.1,23.7,125.5,28.0
105C26K064577992K1,AGM105_K1,3,2026-11-06,316.942,316.921,318.497,324.029,321.832,315.3,44.87,45.54,44.26,43.6,43.24,45.79,921.1,68.2,2.07,7,3,2005,3,2.14,27.3,121.7,27.0
105C26K471341665K1,AGM105_K1,3,2026-11-14,313.875,312.529,319.816,321.563,318.365,313.193,44.43,43.5,46.22,45.19,45.16,42.52,912.6,77.1,2.09,7,8,1699,5,2.09,21.7,115.0,21.5
105C26K916700090K1,AGM105_K1,2,2026-11-11,306.855,305.53,308.559,309.404,312.748,305.019,44.59,43.57,44.85,44.85,44.29,43.29,922.3,60.8,2.01,8,14,2043,4,2.0,28.4,120.9,18.6
105C26K324668123K1,AGM105_K1,2,2026-11-19,306.163,312.34,303.096,309.054,307.336,312.119,45.5,46.63,44.81,43.02,45.44,44.36,934.8,94.9,2.09,3,12,1538,4,2.1,22.6,120.7,27.2
105C26K855474827K1,AGM105_K1,4,2026-11-12,323.873,321.35,321.824,322.694,324.933,328.072,46.57,44.84,45.45,44.95,44.15,45.08,925.9,81.8,2.05,7,10,2050,4,2.09,15.9,113.9,25.8
105C26K448617567K1,AGM105_K1,3,2026-11-14,313.381,308.999,312.302,306.927,308.28,313.697,45.01,45.53,44.38,45.91,45.13,44.43,965.2,65.9,2.02,5,6,1658,4,2.06,26.3,115.3,27.4
105C26K175202675K1,AGM105_K1,5,2026-11-25,316.003,315.013,318.447,318.897,317.726,316.08,45.28,44.78,44.44,46.24,45.76,46.15,972.8,68.9,2.02,4,15,1986,2,2.17,23.5,118.2,27.8
105C26K927615932K1,AGM105_K1,3,2026-11-10,322.159,326.361,324.197,320.719,323.696,327.708,45.93,42.79,45.7,44.66,43.33,45.32,1006.7,90.5,2.04,5,7,1571,3,2.15,27.1,110.5,23.4
105C26K719659755K1,AGM105_K1,1,2026-11-02,305.346,305.645,308.623,313.118,309.595,309.415,47.01,44.65,42.99,44.69,44.67,45.03,928.2,69.1,1.99,5,8,2240,4,2.09,28.9,113.2,23.0
105C26K568058867K1,AGM105_K1,3,2026-11-27,317.174,311.62,308.535,312.809,309.908,314.049,46.97,44.28,44.16,44.79,45.46,45.29,933.0,63.2,2.07,4,10,1660,2,2.04,26.3,130.0,28.6
105C26L326413563K1,AGM105_K1,3,2026-12-21,306.666,311.98,311.813,309.081,310.808,314.64,44.23,44.28,44.45,45.21,44.92,43.23,936.6,85.2,2.08,6,8,2102,3,2.15,27.8,118.8,30.3
105C26L868014817K1,AGM105_K1,3,2026-12-15,310.996,305.926,306.772,307.031,314.86,311.533,45.59,46.16,44.96,44.49,45.83,46.02,956.3,91.6,2.03,4,13,1869,2,2.12,26.5,108.9,22.8
105C26L173234780K1,AGM105_K1,2,2026-12-18,315.845,308.338,305.758,308.011,308.969,305.19,45.15,44.82,45.56,45.34,43.89,45.47,928.4,68.2,2.05,8,14,1942,4,2.13,26.6,121.3,21.7
105C26L568639770K1,AGM105_K1,2,2026-12-05,315.658,316.283,315.118,319.035,317.748,315.536,46.74,44.3,45.29,44.25,44.99,44.89,947.8,75.9,2.08,5,15,1720,3,2.07,25.7,115.2,28.6
105C26L097380814K1,AGM105_K1,3,2026-12-02,337.403,331.561,329.219,330.663,330.159,325.823,44.41,44.39,43.94,44.65,46.48,45.34,965.6,84.3,2.06,5,10,1512,2,2.07,27.0,112.7,26.4
105C26L518142315K1,AGM105_K1,3,2026-12-07,316.524,319.346,316.85,316.971,318.291,310.457,43.41,45.92,43.45,45.01,45.67,45.36,943.6,63.5,2.04,5,8,2248,3,2.1,24.5,123.2,23.6
105C26L103142859K1,AGM105_K1,4,2026-12-15,297.475,309.074,303.543,304.182,301.288,303.234,44.17,46.73,43.45,44.05,45.13,44.7,959.9,84.6,2.01,4,11,1327,4,2.1,25.6,117.4,26.8
105C26L662468609K1,AGM105_K1,3,2026-12-02,310.462,309.84,310.157,310.376,308.973,309.057,43.98,44.63,44.16,43.81,45.38,45.26,916.5,67.3,2.1,4,14,1496,5,2.05,27.7,109.3,28.4
105C26L458463127K1,AGM105_K1,4,2026-12-15,313.583,313.339,309.537,310.343,308.213,310.187,44.59,45.01,45.18,45.97,44.24,43.93,932.6,70.9,2.05,5,12,1968,3,2.09,22.4,124.7,28.2
105C26L167107233K1,AGM105_K1,5,2026-12-07,307.269,308.045,309.738,313.848,309.193,310.374,45.37,45.35,43.73,45.59,45.66,43.96,936.4,77.2,2.06,2,7,1973,3,2.11,26.2,120.1,19.2
105C26L872768706K1,AGM105_K1,2,2026-12-05,314.064,318.228,316.782,317.584,316.419,315.167,44.08,44.47,45.46,45.05,45.81,45.16,919.9,75.2,2.04,5,15,2079,3,2.1,32.9,120.9,29.0
105C26L187544391K1,AGM105_K1,2,2026-12-11,307.981,313.101,314.888,312.908,310.302,313.568,43.8,44.49,45.55,43.52,44.75,43.26,984.9,84.5,2.03,8,10,1568,4,2.09,22.4,118.5,29.9
105C26L263051672K1,AGM105_K1,4,2026-12-14,306.383,304.735,306.215,303.403,305.383,305.974,45.98,46.28,45.24,43.9,44.55,44.37,954.0,82.0,2.07,6,15,1849,2,2.13,28.7,110.4,24.8
105C26A849692920S1,AGM105_S1,4,2026-01-17,316.983,319.019,314.359,316.073,315.775,315.346,45.28,44.03,44.32,45.69,45.47,46.05,945.0,74.2,2.07,3,5,1841,3,2.12,27.4,108.4,28.2
105C26A398720254S1,AGM105_S1,3,2026-01-19,315.563,317.168,314.956,315.987,315.032,322.044,46.16,43.22,45.63,45.0,46.56,42.78,949.6,83.5,2.07,8,8,1567,4,2.14,25.0,108.3,20.7
105C26A724129140S1,AGM105_S1,2,2026-01-07,304.582,305.639,307.722,306.776,305.229,308.495,45.33,45.95,45.62,44.88,44.51,44.05,961.2,73.2,2.06,4,5,2316,3,2.09,19.9,116.4,22.3
105C26A429016364S1,AGM105_S1,3,2026-01-06,308.631,310.687,313.464,304.083,312.086,315.157,45.28,44.4,43.73,43.93,46.3,45.69,961.7,76.9,2.01,4,11,1633,5,2.09,22.1,112.8,25.0
105C26A498755733S1,AGM105_S1,2,2026-01-08,324.148,320.942,327.455,327.606,324.959,327.16,42.93,45.14,46.2,44.68,44.74,44.45,947.2,65.2,2.02,5,9,1568,3,2.12,29.3,119.0,22.7
105C26A261583418S1,AGM105_S1,4,2026-01-11,311.911,309.66,306.453,306.508,303.58,303.755,44.47,44.13,44.34,44.38,46.28,44.28,968.9,67.8,2.04,7,13,2129,4,2.13,25.7,126.4,25.3
105C26A545756912S1,AGM105_S1,2,2026-01-14,321.834,318.065,312.0,312.256,317.193,315.164,44.04,45.56,44.74,47.13,44.6,42.32,922.4,69.7,2.09,6,10,1535,3,2.04,20.9,119.1,24.1
105C26A083173145S1,AGM105_S1,4,2026-01-14,316.621,323.641,326.67,327.09,327.227,317.019,45.72,43.34,45.05,43.07,44.54,45.12,913.4,77.7,2.05,4,6,1968,1,2.13,22.5,115.9,28.3
105C26A333240261S1,AGM105_S1,2,2026-01-12,298.809,307.176,298.204,301.929,295.801,303.254,45.23,45.28,44.08,44.66,45.35,44.77,948.4,88.2,2.04,2,6,2505,4,2.04,24.6,116.3,23.3
105C26A648919246S1,AGM105_S1,2,2026-01-27,325.771,326.811,331.625,327.322,328.172,326.315,42.81,43.95,44.54,45.81,45.88,45.7,946.2,74.8,1.98,5,13,2260,4,2.08,26.4,114.6,20.4
105C26A995194860S1,AGM105_S1,3,2026-01-20,311.766,306.266,300.791,306.784,313.602,310.231,43.61,45.07,45.84,43.2,44.69,43.92,952.7,74.6,2.07,4,16,1765,3,2.1,23.4,128.5,22.5
105C26A928347901S1,AGM105_S1,2,2026-01-21,315.345,322.208,319.992,320.59,325.935,326.631,44.92,45.99,43.65,46.62,44.58,44.6,925.6,87.9,2.15,4,8,1413,4,2.1,23.3,113.0,23.4
105C26A843793175S1,AGM105_S1,4,2026-01-01,314.339,308.883,315.641,312.642,315.679,310.226,45.24,44.28,43.44,44.42,46.63,45.98,898.7,80.3,2.04,5,9,1396,3,2.08,24.5,116.4,25.3
105C26B044031831S1,AGM105_S1,4,2026-02-23,313.533,313.283,318.761,320.208,316.487,321.133,44.74,45.18,44.68,45.85,44.32,46.77,971.2,79.2,2.04,4,11,2242,3,2.09,24.5,107.1,26.1
105C26B268654545S1,AGM105_S1,2,2026-02-17,315.416,317.934,322.921,325.495,323.88,314.803,43.61,44.98,44.74,44.09,45.15,44.72,934.3,87.0,2.0,5,8,1679,4,2.08,28.2,109.6,28.8
105C26B689417989S1,AGM105_S1,2,2026-02-23,316.553,320.409,311.683,310.011,310.372,313.3,45.13,44.16,45.8,43.84,45.02,44.93,965.4,91.1,2.06,2,16,2215,4,2.09,26.5,107.4,24.2
105C26B916852538S1,AGM105_S1,3,2026-02-19,307.932,306.183,309.013,312.776,310.049,307.176,44.66,43.22,45.54,45.21,45.0,43.78,956.4,68.8,2.03,2,8,1483,3,2.09,22.3,111.7,27.1
105C26B117987767S1,AGM105_S1,5,2026-02-26,317.904,313.012,317.953,314.056,313.811,324.01,44.11,45.22,45.39,45.74,44.76,43.65,949.8,79.5,2.08,4,10,1497,3,2.13,26.2,111.0,28.4
105C26B743259607S1,AGM105_S1,3,2026-02-23,316.201,314.793,316.254,315.121,314.929,314.97,44.48,45.13,44.57,44.61,44.48,46.56,912.4,58.6,2.05,2,2,958,2,2.07,22.5,114.3,23.9
105C26B500679039S1,AGM105_S1,3,2026-02-22,303.634,303.609,302.482,303.213,303.874,303.557,44.73,44.08,45.18,44.12,44.77,44.11,960.2,55.3,2.06,3,19,1624,2,2.13,23.4,121.5,22.7
105C26B485222070S1,AGM105_S1,4,2026-02-10,312.555,316.588,314.422,316.776,316.488,318.39,44.35,44.06,44.88,45.62,43.72,45.62,949.0,77.0,2.01,5,12,2039,3,2.04,25.6,119.6,27.7
105C26B797376665S1,AGM105_S1,4,2026-02-26,303.304,311.442,314.739,307.379,309.418,306.018,45.16,44.64,45.29,46.61,43.91,46.45,950.3,85.9,2.07,7,7,1493,2,2.12,27.0,113.4,25.7
105C26B680279602S1,AGM105_S1,3,2026-02-08,314.409,319.888,319.872,313.997,310.995,318.871,44.17,45.28,44.13,43.69,47.84,45.86,945.5,63.9,2.04,7,3,1839,3,2.12,23.1,116.1,21.3
105C26B093183897S1,AGM105_S1,4,2026-02-05,310.51,309.305,309.573,309.563,309.255,308.72,45.93,43.47,44.52,45.89,44.9,45.47,926.9,63.4,2.09,5,9,2015,2,2.09,25.5,122.9,27.9
105C26B609891111S1,AGM105_S1,2,2026-02-22,315.52,323.834,323.176,323.286,317.735,318.646,44.7,43.15,45.05,44.78,43.48,44.66,910.8,68.2,2.02,5,13,1926,3,2.12,31.8,121.7,25.6
105C26B315479146S1,AGM105_S1,2,2026-02-17,308.426,313.862,310.046,308.698,312.03,308.969,45.17,45.6,45.38,44.66,42.95,46.9,947.0,78.4,2.05,7,14,1977,3,2.11,29.0,113.0,25.6
105C26C744759260S1,AGM105_S1,4,2026-03-03,314.07,310.675,310.324,312.349,310.593,313.045,45.81,44.26,44.91,45.32,43.22,44.02,919.5,57.6,2.04,5,4,1429,6,2.11,28.3,109.8,21.5
105C26C470306635S1,AGM105_S1,3,2026-03-22,317.85,317.036,317.032,316.341,317.073,317.27,44.03,43.28,47.16,43.86,44.17,45.85,921.6,52.1,2.07,4,7,1166,3,2.12,28.6,111.8,26.7
105C26C811563325S1,AGM105_S1,3,2026-03-24,320.0,322.279,318.214,319.699,319.746,319.479,47.0,46.35,45.08,45.39,44.84,44.99,928.1,63.9,2.09,4,5,1961,3,2.11,23.7,119.9,24.8
105C26C151735303S1,AGM105_S1,3,2026-03-19,312.45,311.762,311.69,313.062,311.849,313.679,46.22,45.36,45.18,44.3,44.62,43.75,931.1,68.3,2.06,6,7,1516,3,2.07,20.7,116.4,24.3
105C26C863373412S1,AGM105_S1,3,2026-03-06,311.87,311.214,305.477,312.566,303.401,311.433,44.41,44.6,45.94,46.19,44.95,43.36,947.0,66.8,2.05,4,9,1688,3,2.14,24.5,111.5,20.2
105C26C107355048S1,AGM105_S1,3,2026-03-09,308.367,311.71,312.569,315.02,311.967,311.282,43.44,44.94,45.61,46.37,43.42,45.47,942.0,68.4,2.01,5,8,2003,5,2.15,28.2,125.3,21.4
105C26C876547666S1,AGM105_S1,1,2026-03-20,321.325,322.313,320.721,321.617,322.409,322.209,45.56,44.97,42.68,45.06,44.35,42.99,896.6,63.6,2.08,5,11,1815,3,2.05,24.5,114.4,28.8
105C26C700984634S1,AGM105_S1,3,2026-03-02,323.588,323.64,323.943,322.991,324.058,322.639,45.36,46.08,46.27,44.27,43.63,44.99,916.8,63.8,2.04,5,11,2067,3,2.13,28.6,119.9,27.4
105C26C043838546S1,AGM105_S1,4,2026-03-26,311.215,309.164,310.948,315.282,313.14,314.523,44.02,44.64,44.69,44.23,44.2,43.84,938.1,76.8,2.07,2,15,1506,3,2.14,22.8,110.9,22.0
105C26C206866813S1,AGM105_S1,4,2026-03-27,312.311,314.016,315.52,311.342,313.772,312.81,45.43,47.29,44.75,44.35,46.24,43.9,927.0,51.1,2.0,4,19,1473,4,2.15,21.6,124.4,22.4
105C26C604768454S1,AGM105_S1,4,2026-03-12,320.592,316.62,317.894,313.957,317.173,318.174,44.37,45.18,44.37,46.08,45.7,43.8,951.4,49.5,2.09,3,9,1937,5,2.14,24.9,131.0,31.3
105C26C047615143S1,AGM105_S1,2,2026-03-27,305.537,307.768,309.693,306.783,300.962,307.244,45.81,46.86,45.91,45.08,44.38,46.13,929.7,53.3,2.03,4,10,2163,3,2.08,27.6,116.5,23.1
105C26C246647498S1,AGM105_S1,2,2026-03-16,321.392,318.446,318.782,320.65,317.528,316.2,44.84,44.1,43.46,45.51,46.58,43.28,944.4,75.9,2.08,3,8,1571,2,2.09,29.9,123.3,28.7
105C26D534029168S1,AGM105_S1,3,2026-04-07,313.059,316.246,312.785,315.991,322.028,321.755,45.12,44.99,46.7,46.64,44.13,44.77,959.9,80.6,2.03,3,12,1408,4,2.09,24.1,109.4,28.0
105C26D261183276S1,AGM105_S1,1,2026-04-03,297.549,302.495,302.963,305.662,308.32,298.794,45.36,45.37,45.29,44.36,45.52,45.4,962.9,86.5,1.99,3,10,1857,4,2.06,24.1,111.9,29.0
105C26D437349871S1,AGM105_S1,3,2026-04-19,315.969,310.157,318.579,318.488,314.526,314.945,44.94,45.66,45.17,46.16,46.22,45.41,923.6,84.7,2.02,7,9,2251,3,2.1,22.2,121.1,27.9
105C26D632033906S1,AGM105_S1,4,2026-04-17,321.068,319.693,320.304,318.424,320.508,318.718,45.24,45.62,44.63,46.47,43.43,45.54,940.1,70.6,2.0,2,15,1850,3,2.1,23.4,108.0,23.9
105C26D291276231S1,AGM105_S1,2,2026-04-09,309.142,302.533,306.4,304.446,305.684,305.344,44.54,43.73,44.71,45.47,46.25,45.19,969.7,81.2,2.07,5,7,1390,5,2.11,25.7,127.3,25.3
105C26D223697818S1,AGM105_S1,3,2026-04-11,327.983,329.888,326.895,326.063,329.805,322.012,44.39,44.29,41.86,42.73,44.38,43.64,921.4,76.0,2.07,8,10,1241,4,2.06,29.0,109.9,28.9
105C26D972500469S1,AGM105_S1,3,2026-04-14,320.362,316.106,316.916,318.823,321.32,312.015,44.93,43.66,46.66,44.59,44.98,44.98,965.1,67.3,2.03,3,16,1727,4,2.12,28.9,114.2,22.5
105C26D503296661S1,AGM105_S1,2,2026-04-01,317.689,324.103,323.205,321.933,322.394,321.408,44.75,44.97,45.3,45.73,43.95,46.25,910.0,78.0,2.04,6,12,2233,3,2.12,19.2,105.0,23.8
105C26D899137302S1,AGM105_S1,2,2026-04-08,324.932,325.798,325.853,321.819,323.698,317.1,44.03,44.81,45.94,46.97,44.25,45.38,948.7,83.0,2.01,7,12,1361,3,2.16,24.7,111.9,31.1
105C26D279752447S1,AGM105_S1,2,2026-04-16,317.064,322.355,319.482,314.933,318.045,317.562,44.5,43.3,45.26,47.15,44.61,45.96,922.1,79.8,2.06,9,9,2100,2,2.11,27.5,111.6,24.3
105C26D624495010S1,AGM105_S1,3,2026-04-19,321.688,323.607,323.946,325.508,324.005,320.105,45.44,43.83,44.82,46.28,44.92,45.95,947.6,52.9,2.05,9,12,1681,4,2.11,21.9,123.6,26.0
105C26D202382448S1,AGM105_S1,3,2026-04-11,312.759,318.316,320.53,310.735,314.22,319.314,44.95,44.97,46.17,46.09,44.01,44.95,972.0,100.7,2.09,3,11,1848,1,2.1,24.2,117.0,29.9
105C26D843875976S1,AGM105_S1,4,2026-04-06,319.634,322.617,320.025,321.277,318.763,318.707,45.95,43.38,45.54,46.27,46.31,45.33,958.0,72.2,2.07,6,12,2165,3,2.12,27.6,123.0,25.9
105C26E146126218S1,AGM105_S1,3,2026-05-17,312.727,320.524,316.747,311.176,308.153,306.513,44.98,44.71,45.34,43.47,45.63,46.08,960.3,85.3,2.03,8,15,1997,3,2.11,29.1,113.3,24.4
105C26E314478869S1,AGM105_S1,3,2026-05-12,321.429,324.503,316.153,318.647,312.833,319.29,43.42,42.44,46.31,45.46,45.34,44.76,943.2,92.6,2.06,3,12,2141,1,2.07,27.0,112.0,20.6
105C26E610260672S1,AGM105_S1,4,2026-05-20,299.16,303.065,312.791,306.859,300.76,305.86,45.08,44.17,46.75,45.08,45.42,44.05,919.0,67.2,2.07,4,13,1994,3,2.07,27.1,118.2,24.9
105C26E710581224S1,AGM105_S1,4,2026-05-08,324.142,319.393,322.667,322.805,326.175,323.766,45.14,44.07,44.68,44.69,43.85,44.75,952.3,77.2,2.11,6,7,2092,3,2.17,23.9,122.3,29.5
105C26E341757882S1,AGM105_S1,4,2026-05-11,309.0,308.108,309.67,314.16,310.791,308.331,45.33,44.49,45.37,46.62,44.97,45.56,945.3,58.7,2.06,6,13,1782,2,2.13,28.4,116.9,28.9
105C26E544398037S1,AGM105_S1,3,2026-05-08,309.206,312.772,312.261,314.068,305.289,310.174,45.75,44.15,43.63,44.86,44.16,42.61,937.7,57.8,2.04,3,5,1385,5,2.0,29.3,116.3,30.2
105C26E353426942S1,AGM105_S1,3,2026-05-25,307.577,308.295,310.435,307.238,307.952,305.651,42.78,44.27,44.58,43.19,44.06,45.22,912.3,71.9,2.04,4,16,1674,5,2.11,33.2,119.1,26.3
105C26E304107705S1,AGM105_S1,3,2026-05-17,318.302,316.318,320.296,321.462,319.019,319.166,45.04,44.95,45.86,44.59,45.23,44.76,916.7,74.3,2.1,9,16,1236,1,2.11,25.3,111.4,22.4
105C26E264238609S1,AGM105_S1,5,2026-05-11,312.781,308.78,308.047,308.748,309.059,305.855,44.47,43.43,45.28,46.85,44.09,43.42,956.9,97.5,2.12,4,9,1002,2,2.01,24.1,110.1,24.1
105C26E453260044S1,AGM105_S1,2,2026-05-01,315.823,310.22,313.274,311.623,311.398,312.596,44.45,44.46,45.64,44.3,45.78,45.99,963.4,75.6,2.02,5,10,1809,3,2.06,26.0,117.0,23.1
105C26E394929898S1,AGM105_S1,3,2026-05-12,309.444,311.444,308.337,308.824,310.443,309.913,43.58,45.71,44.4,43.41,43.82,44.06,951.2,78.9,2.05,6,12,2210,3,2.1,27.2,110.2,25.8
105C26E636635479S1,AGM105_S1,3,2026-05-02,311.095,311.924,321.325,316.738,315.735,315.401,46.82,46.06,45.62,47.33,44.8,44.84,917.1,82.7,2.11,5,6,1122,3,2.08,24.1,115.8,22.9
105C26E566758535S1,AGM105_S1,2,2026-05-03,317.762,324.06,318.013,320.499,318.225,322.888,43.77,44.2,45.44,44.66,43.05,44.16,930.6,75.7,2.04,4,14,2026,2,2.13,30.4,116.8,25.9
105C26F929991363S1,AGM105_S1,4,2026-06-03,318.231,312.299,311.998,310.685,306.459,305.879,47.03,45.08,46.14,46.53,45.38,48.07,936.5,83.6,2.03,6,7,1914,4,2.09,26.5,126.1,31.1
105C26F484743966S1,AGM105_S1,3,2026-06-26,314.309,314.972,314.5,315.611,315.21,319.405,43.97,45.65,45.03,43.85,45.06,45.51,951.6,94.0,2.01,7,13,2230,3,2.17,22.7,121.3,28.3
105C26F036836447S1,AGM105_S1,1,2026-06-23,323.357,319.29,324.952,317.794,326.979,323.399,44.61,44.09,45.89,45.86,45.57,45.96,918.0,70.4,2.09,6,8,1892,5,2.11,20.8,118.7,22.3
105C26F996546845S1,AGM105_S1,4,2026-06-11,306.656,303.244,300.333,309.58,299.247,304.951,46.36,44.76,44.41,45.07,43.84,45.92,941.9,92.9,2.07,4,16,1548,3,2.16,21.1,109.7,27.0
105C26F611444165S1,AGM105_S1,3,2026-06-05,320.011,328.322,324.11,326.253,321.056,323.342,44.89,43.77,45.39,44.53,45.37,45.61,936.8,66.9,2.01,1,12,1776,2,2.1,29.1,118.8,27.2
105C26F644064966S1,AGM105_S1,4,2026-06-14,334.411,325.77,333.377,328.254,330.766,326.744,46.73,45.43,43.53,45.65,44.15,45.04,959.5,74.0,2.03,5,11,1864,4,2.09,24.4,123.1,22.7
105C26F816737446S1,AGM105_S1,3,2026-06-18,312.592,309.1,309.844,310.004,314.708,312.39,43.4,44.35,44.41,43.74,45.0,45.08,966.0,67.4,2.04,5,3,1912,3,2.13,21.3,124.6,24.5
105C26F027015537S1,AGM105_S1,2,2026-06-03,303.497,308.066,308.706,317.679,313.032,310.882,44.57,45.17,43.23,45.19,44.56,43.38,940.8,100.7,2.06,4,10,2183,4,2.11,24.2,107.7,30.3
105C26F321258463S1,AGM105_S1,3,2026-06-26,308.557,305.837,305.98,305.729,309.284,311.466,45.96,45.32,44.16,45.39,46.15,45.85,957.3,86.6,2.06,4,12,1532,3,2.08,28.3,115.1,24.3
105C26F484192134S1,AGM105_S1,2,2026-06-17,314.105,314.227,312.221,313.664,316.914,314.056,44.87,42.41,45.0,43.87,45.26,43.14,923.1,67.6,2.03,5,10,1917,4,2.06,27.4,128.1,22.9
105C26F626384569S1,AGM105_S1,3,2026-06-22,316.969,310.703,307.567,303.732,310.317,312.515,45.01,45.34,45.77,45.29,44.21,43.32,969.4,78.4,2.0,5,15,1850,3,2.11,24.9,123.0,25.8
105C26F986500717S1,AGM105_S1,3,2026-06-23,306.579,303.112,307.823,306.792,302.131,311.811,44.82,46.87,44.26,45.59,45.95,44.11,934.9,74.9,2.06,3,10,1642,3,2.13,26.5,117.5,23.5
105C26F603721985S1,AGM105_S1,3,2026-06-08,329.162,312.908,310.901,305.96,313.601,318.494,45.69,43.49,45.03,46.37,46.46,45.23,963.0,75.5,2.0,3,13,1594,4,2.17,25.9,130.9,30.2
105C26G086506725S1,AGM105_S1,3,2026-07-07,306.963,314.107,313.338,306.349,314.137,308.756,44.48,43.61,45.15,45.94,44.65,44.29,916.2,72.1,2.02,7,12,1911,1,2.11,23.0,115.0,28.6
105C26G211327582S1,AGM105_S1,2,2026-07-03,315.573,310.735,311.234,316.063,315.841,309.272,43.97,45.93,45.61,45.46,44.8,46.06,903.6,70.2,2.03,6,8,2177,3,2.1,25.7,118.9,22.8
105C26G277064873S1,AGM105_S1,3,2026-07-01,328.96,332.202,327.511,323.478,324.209,327.206,45.91,46.14,46.04,44.45,42.78,45.48,962.3,82.6,2.0,5,6,1501,5,2.12,24.9,117.2,22.3
105C26G246169311S1,AGM105_S1,3,2026-07-11,301.539,301.995,301.003,301.958,302.19,302.119,43.86,43.66,47.22,43.52,46.3,45.33,956.8,44.1,2.07,4,7,2421,3,2.03,23.4,120.7,18.4
105C26G128296902S1,AGM105_S1,3,2026-07-27,315.611,315.815,313.204,314.255,312.379,313.402,45.3,43.23,46.59,43.54,43.81,44.55,913.3,72.2,2.05,5,14,1757,2,2.06,24.1,113.3,26.9
105C26G909549776S1,AGM105_S1,1,2026-07-25,315.009,324.523,316.301,319.176,323.275,318.629,45.06,43.37,44.85,45.12,44.07,44.11,936.7,88.3,2.06,4,5,2447,4,2.1,23.4,120.3,27.0
105C26G135580434S1,AGM105_S1,4,2026-07-02,314.42,316.239,314.355,315.525,318.418,312.473,43.78,45.06,45.05,45.32,44.62,45.98,948.8,80.4,2.07,4,9,1788,2,2.14,21.1,112.8,25.2
105C26G903145187S1,AGM105_S1,2,2026-07-03,313.872,314.046,313.36,307.662,319.011,312.979,43.91,47.03,45.64,44.39,45.98,44.26,938.5,92.1,2.08,3,11,1633,4,2.07,28.9,119.6,25.5
105C26G303631970S1,AGM105_S1,2,2026-07-27,320.257,320.461,322.987,323.208,325.023,322.333,44.14,47.32,44.33,45.21,45.83,45.04,940.2,55.5,2.06,4,9,1505,4,2.13,30.8,123.6,26.1
105C26G323975087S1,AGM105_S1,4,2026-07-07,322.148,310.842,316.827,321.959,310.276,316.053,46.44,45.26,46.4,43.98,43.6,44.8,957.7,91.0,2.05,1,11,1849,2,2.12,25.2,106.9,17.9
105C26G037447427S1,AGM105_S1,4,2026-07-27,316.148,319.449,317.341,314.17,314.878,315.417,47.01,45.3,45.74,44.2,45.23,45.6,939.8,74.2,2.06,6,9,1722,3,2.09,22.6,119.9,24.0
105C26G040864190S1,AGM105_S1,4,2026-07-08,312.833,306.767,308.728,308.17,305.088,306.807,43.99,45.29,46.76,46.7,46.05,46.01,935.4,77.5,2.06,2,14,1421,6,2.1,30.5,122.4,24.2
105C26G970814688S1,AGM105_S1,3,2026-07-15,319.391,321.994,319.358,323.968,316.119,316.163,45.14,45.17,45.42,44.97,45.27,45.54,920.8,103.1,2.04,6,7,1672,4,2.12,23.5,112.4,28.4
105C26H874742090S1,AGM105_S1,1,2026-08-10,317.611,319.274,317.656,323.06,319.28,321.008,45.31,45.57,42.96,45.15,44.37,45.96,959.6,73.9,2.07,2,15,2193,3,2.14,30.2,111.6,27.5
105C26H759430793S1,AGM105_S1,3,2026-08-10,322.183,311.156,320.557,304.843,314.295,315.94,45.87,46.49,44.26,45.77,45.52,45.11,967.2,87.0,2.03,6,17,1428,3,2.09,24.3,110.3,24.2
105C26H416586546S1,AGM105_S1,3,2026-08-11,314.525,313.001,314.461,311.572,312.252,309.082,44.68,42.6,44.97,44.52,45.76,45.8,983.1,101.5,2.05,7,14,1611,4,2.11,19.3,106.4,23.0
105C26H415945442S1,AGM105_S1,4,2026-08-09,329.089,324.598,324.963,325.527,326.701,327.095,42.95,46.0,43.7,45.68,45.01,46.43,951.2,74.4,2.0,4,4,1999,3,2.07,23.4,113.9,26.5
105C26H241091883S1,AGM105_S1,2,2026-08-07,315.995,319.7,316.317,314.614,320.066,315.874,46.01,43.84,44.08,45.13,46.08,45.79,911.7,71.8,2.09,4,2,2067,3,2.1,23.9,124.3,23.9
105C26H731988702S1,AGM105_S1,3,2026-08-21,325.291,322.539,323.591,320.723,325.44,325.233,44.41,43.26,46.04,45.15,44.58,44.27,931.6,70.8,2.01,3,9,1685,2,2.1,20.4,116.4,24.2
105C26H200150566S1,AGM105_S1,1,2026-08-04,328.606,327.992,324.87,327.979,327.929,324.114,43.76,45.4,46.13,43.3,45.76,44.42,947.1,68.6,2.04,7,5,1719,4,2.12,25.3,106.5,24.1
105C26H032276589S1,AGM105_S1,2,2026-08-24,323.537,321.545,320.83,325.341,319.561,323.719,44.99,43.58,45.79,44.98,44.37,44.0,941.8,54.3,2.01,7,8,1781,2,2.11,24.7,124.4,22.9
105C26H756568651S1,AGM105_S1,1,2026-08-01,315.504,311.402,312.406,309.657,313.371,316.824,45.48,43.19,43.55,44.04,44.82,45.06,928.3,72.1,2.08,2,8,1521,1,2.12,30.8,111.9,22.3
105C26H969158971S1,AGM105_S1,4,2026-08-10,320.338,320.628,319.049,324.061,319.471,324.206,45.28,45.62,44.61,43.5,46.3,45.38,947.5,85.4,2.08,4,4,1577,4,2.05,25.6,105.0,28.4
105C26H010805688S1,AGM105_S1,5,2026-08-11,311.626,314.15,312.58,310.529,309.901,308.772,46.5,45.08,44.96,46.08,46.22,44.54,942.2,72.2,2.02,7,3,2041,3,2.07,25.1,121.0,22.1
105C26H974036269S1,AGM105_S1,4,2026-08-03,316.706,307.672,318.441,320.283,319.042,313.832,45.32,46.79,43.68,45.32,44.72,42.84,929.0,73.6,2.03,7,15,1161,3,2.08,27.3,114.0,29.4
105C26H237333652S1,AGM105_S1,3,2026-08-06,309.847,313.549,319.151,313.194,317.641,311.519,44.44,43.87,43.89,44.27,44.66,45.99,926.8,84.2,2.04,6,3,2070,3,2.08,24.8,111.6,24.3
105C26I770941794S1,AGM105_S1,3,2026-09-06,316.135,312.839,317.477,318.775,311.582,316.114,43.08,44.86,47.2,45.6,45.91,45.47,967.4,70.2,2.13,4,10,1590,2,2.08,28.4,108.5,19.1
105C26I887830717S1,AGM105_S1,5,2026-09-11,309.214,308.105,307.092,309.242,306.584,307.493,44.51,44.96,45.3,45.0,43.35,45.14,946.3,64.4,2.04,6,6,1370,3,2.09,30.4,115.4,24.6
105C26I597330370S1,AGM105_S1,1,2026-09-04,322.644,325.611,326.42,319.354,328.916,316.23,46.52,45.58,44.56,45.88,45.44,43.78,942.1,99.6,2.08,4,11,1854,3,2.1,28.5,115.8,24.5
105C26I868576859S1,AGM105_S1,5,2026-09-21,329.278,326.548,335.89,323.024,333.92,336.111,44.92,44.29,45.27,43.71,46.57,44.93,958.6,106.3,2.04,3,5,1775,4,2.11,21.9,113.7,27.7
105C26I589605711S1,AGM105_S1,5,2026-09-08,313.736,311.083,310.955,315.162,313.451,316.494,43.49,45.48,45.72,45.28,45.35,44.95,946.2,66.9,2.09,3,5,1829,1,2.15,22.9,116.5,21.4
105C26I156273371S1,AGM105_S1,5,2026-09-11,312.598,310.237,314.051,310.876,314.93,309.007,45.46,44.19,44.55,44.23,44.33,41.7,934.1,71.2,2.04,6,5,1717,2,2.09,24.5,114.0,25.3
105C26I061760780S1,AGM105_S1,2,2026-09-12,316.344,315.988,319.769,324.639,311.138,314.52,46.53,43.8,46.24,44.73,45.12,44.73,948.8,82.6,2.05,1,15,1970,4,2.07,22.6,115.7,23.7
105C26I142262642S1,AGM105_S1,2,2026-09-04,310.473,311.521,308.322,309.075,308.539,312.068,42.9,47.2,43.53,45.27,45.5,46.4,961.6,69.8,2.06,5,10,1758,3,2.06,25.8,119.9,26.7
105C26I307993430S1,AGM105_S1,2,2026-09-18,321.206,324.882,324.002,323.248,325.802,325.542,44.25,44.21,45.23,43.28,44.8,44.34,935.6,78.3,2.03,5,14,1794,3,2.05,26.7,131.2,21.6
105C26I378655328S1,AGM105_S1,5,2026-09-02,319.294,318.253,315.652,318.763,317.673,316.202,43.89,45.99,43.78,44.71,44.56,44.64,956.0,100.0,2.04,7,16,2020,3,2.08,24.1,108.4,22.3
105C26I638646418S1,AGM105_S1,2,2026-09-05,303.771,305.376,303.623,303.235,301.888,303.275,44.8,44.81,43.09,45.47,43.36,43.54,974.8,47.0,2.05,3,5,1706,4,2.09,27.5,127.9,24.7
105C26I955702370S1,AGM105_S1,5,2026-09-04,323.796,318.189,317.28,316.416,317.825,316.296,44.41,45.68,44.59,43.02,44.75,46.31,937.9,89.5,2.03,4,18,1317,3,2.14,28.0,115.8,24.0
105C26I006586734S1,AGM105_S1,2,2026-09-04,307.446,303.559,307.28,308.343,310.42,306.536,44.1,44.23,46.25,44.76,44.99,44.58,943.7,81.4,2.08,7,14,1687,3,2.1,28.2,117.8,27.6
105C26J760219755S1,AGM105_S1,4,2026-10-20,315.69,320.202,324.39,323.285,327.561,322.375,45.73,44.75,45.04,46.55,44.62,44.62,953.0,77.4,2.03,3,12,1310,3,2.12,26.2,112.1,23.7
105C26J295310253S1,AGM105_S1,3,2026-10-08,303.631,315.892,314.514,320.329,311.588,313.082,45.37,44.34,42.19,45.35,44.26,45.31,909.9,95.9,2.03,2,15,1368,3,2.06,20.5,116.0,23.0
105C26J684479633S1,AGM105_S1,3,2026-10-17,319.196,320.689,314.756,317.124,321.659,322.046,44.71,45.8,43.62,45.02,44.46,45.91,918.8,69.4,2.04,5,8,1700,3,2.11,21.9,112.4,23.5
105C26J168947603S1,AGM105_S1,4,2026-10-10,319.568,312.858,318.248,307.071,308.4,312.259,45.15,44.13,45.09,45.8,44.75,46.49,922.7,80.6,2.03,1,8,1944,2,2.11,21.8,117.5,23.6
105C26J427743114S1,AGM105_S1,3,2026-10-19,319.233,317.029,318.746,319.578,321.273,321.112,43.55,44.18,43.4,45.63,46.31,46.11,933.0,75.2,2.05,5,12,1974,4,2.1,26.4,117.4,27.5
105C26J336484114S1,AGM105_S1,3,2026-10-12,310.451,303.545,294.331,310.617,299.744,305.846,44.15,43.82,45.63,44.01,43.64,45.02,902.8,90.5,1.99,6,7,2525,3,2.08,25.9,117.5,19.6
105C26J944034505S1,AGM105_S1,4,2026-10-03,315.317,315.568,315.498,316.118,313.723,313.766,45.24,44.58,44.08,47.24,44.71,43.49,933.3,68.2,2.05,6,14,1879,2,2.15,26.6,112.8,23.7
105C26J924186907S1,AGM105_S1,1,2026-10-05,310.647,320.11,322.179,318.917,316.796,318.836,46.6,44.95,45.39,44.25,45.93,42.86,976.9,109.0,2.06,1,4,1287,4,2.09,25.7,114.2,25.6
105C26J345202516S1,AGM105_S1,1,2026-10-17,308.88,302.648,307.007,305.566,308.214,310.522,46.81,45.59,44.45,44.6,44.34,44.19,936.6,72.1,2.06,1,6,1389,4,2.12,18.6,118.3,26.4
105C26J701637622S1,AGM105_S1,2,2026-10-09,320.234,318.518,315.84,318.983,319.04,323.546,44.55,46.03,43.41,45.53,45.61,43.79,988.6,67.0,2.07,1,6,1390,2,2.11,27.0,128.2,24.4
105C26J303921273S1,AGM105_S1,5,2026-10-18,316.126,318.772,308.497,313.238,309.955,311.025,46.74,45.51,44.31,44.97,45.38,45.7,942.0,77.7,2.02,10,11,2137,2,2.09,21.6,117.1,23.6
105C26J243542594S1,AGM105_S1,2,2026-10-18,318.532,318.42,322.502,318.126,320.562,314.862,45.4,45.63,44.63,42.91,46.55,46.13,914.9,72.3,2.09,7,8,1962,1,2.08,26.1,122.8,30.2
105C26J049344461S1,AGM105_S1,2,2026-10-14,315.66,313.977,313.218,308.673,315.401,319.203,45.66,46.69,44.91,45.93,44.52,44.2,944.6,83.0,2.06,6,1,1848,4,2.05,29.8,116.9,26.2
105C26K365542197S1,AGM105_S1,3,2026-11-24,325.221,319.858,315.671,317.747,318.369,316.251,44.2,44.58,45.91,44.04,45.05,45.28,939.0,62.8,2.05,5,10,1810,1,2.07,25.0,124.5,25.9
105C26K865218520S1,AGM105_S1,1,2026-11-13,316.04,316.661,321.293,323.147,320.16,311.663,44.98,43.91,43.24,45.02,44.64,45.43,970.2,95.9,2.05,4,13,2042,3,2.1,24.9,106.4,27.5
105C26K188998372S1,AGM105_S1,4,2026-11-18,310.707,316.256,315.175,317.685,314.572,317.099,43.55,45.51,45.49,45.27,47.47,46.05,910.4,74.7,2.07,6,12,2103,4,2.12,27.5,108.7,27.7
105C26K308553977S1,AGM105_S1,3,2026-11-06,307.732,309.075,305.402,307.665,300.461,309.237,46.44,46.88,44.59,42.94,44.61,43.36,917.0,89.0,2.05,6,16,1449,2,2.1,23.3,116.8,22.8
105C26K555172830S1,AGM105_S1,5,2026-11-01,322.296,320.382,324.279,320.087,326.091,323.74,44.66,43.19,44.33,44.32,47.05,46.45,928.6,74.2,2.04,8,7,1693,4,2.12,30.1,120.8,24.8
105C26K088846514S1,AGM105_S1,3,2026-11-26,307.041,307.639,306.035,306.925,308.435,305.892,44.3,45.96,44.28,46.84,45.88,44.2,937.5,54.8,2.08,1,2,1762,2,2.13,25.2,118.4,21.3
105C26K583433685S1,AGM105_S1,2,2026-11-17,323.91,322.485,323.163,319.292,318.974,318.412,45.71,44.43,45.49,43.96,45.3,45.99,971.6,76.5,2.04,7,14,2504,2,2.06,27.9,113.7,27.3
105C26K912556798S1,AGM105_S1,3,2026-11-23,316.109,318.663,326.021,320.229,316.767,317.699,43.15,45.46,45.49,44.77,46.17,44.21,959.1,82.1,2.1,6,10,1742,4,2.09,28.9,105.4,28.0
105C26K713401575S1,AGM105_S1,2,2026-11-02,315.984,316.99,316.481,316.675,316.27,317.392,44.31,44.13,45.17,44.87,43.23,45.66,957.7,44.2,2.1,6,9,1601,2,2.15,19.6,118.0,25.1
105C26K731133847S1,AGM105_S1,3,2026-11-06,312.24,310.49,311.374,314.315,311.529,311.806,45.9,45.25,46.09,45.23,45.21,44.86,931.8,52.0,2.1,6,7,1445,2,2.1,21.1,121.3,27.3
105C26K579200053S1,AGM105_S1,4,2026-11-06,316.561,313.488,311.48,312.875,311.664,317.271,45.36,45.98,45.24,47.49,42.93,44.05,973.3,95.2,1.98,4,13,2012,3,2.11,23.7,114.5,30.3
105C26K553512943S1,AGM105_S1,4,2026-11-23,310.595,319.722,306.363,309.12,310.511,303.818,45.18,45.23,43.9,43.32,47.22,46.37,938.7,90.0,2.05,4,12,1967,3,2.14,20.6,109.8,26.1
105C26K531423192S1,AGM105_S1,3,2026-11-09,320.548,320.943,317.625,321.845,315.026,323.262,45.79,46.02,45.78,44.76,43.55,45.04,962.1,69.6,2.07,6,12,1682,2,2.08,31.7,114.2,28.2
105C26L414497375S1,AGM105_S1,4,2026-12-27,310.858,311.495,309.241,309.0,307.617,303.565,44.29,45.0,43.19,45.52,43.96,44.5,949.5,81.8,2.04,5,5,1722,3,2.03,27.7,122.7,19.7
105C26L059816647S1,AGM105_S1,2,2026-12-02,319.477,323.043,319.891,325.25,321.686,321.87,44.26,43.04,46.01,45.03,45.19,44.74,965.2,99.6,2.01,4,7,2029,4,2.13,22.2,109.4,30.0
105C26L936810714S1,AGM105_S1,3,2026-12-10,324.862,314.962,321.876,320.343,317.052,320.391,44.89,43.8,45.16,44.63,43.37,45.18,903.6,82.0,2.02,1,10,2404,2,2.1,32.0,111.5,29.2
105C26L407361573S1,AGM105_S1,2,2026-12-22,317.109,318.162,320.613,315.243,316.792,318.605,44.28,46.45,44.3,44.7,45.38,44.45,943.4,69.5,2.04,4,9,1825,3,2.09,24.6,124.0,19.4
105C26L753646598S1,AGM105_S1,5,2026-12-16,313.148,318.466,313.484,317.804,316.81,319.224,45.16,45.22,44.57,45.23,46.19,44.69,933.9,74.5,2.05,5,15,1704,4,2.1,23.2,118.0,26.6
105C26L300401021S1,AGM105_S1,3,2026-12-05,324.805,315.617,320.904,320.186,318.472,323.941,44.89,43.94,43.7,44.73,45.76,46.95,909.6,53.4,2.02,7,12,1153,6,2.09,25.6,131.2,28.7
105C26L025728907S1,AGM105_S1,1,2026-12-24,324.169,320.967,320.404,318.635,322.928,321.886,44.22,45.23,45.04,43.42,45.96,45.21,900.3,68.7,2.05,7,12,1067,4,2.11,23.2,117.3,33.3
105C26L172107708S1,AGM105_S1,4,2026-12-21,322.484,308.302,308.1,318.343,307.408,305.277,44.53,44.87,45.85,45.94,44.96,45.68,982.2,92.9,2.01,3,15,1650,3,2.11,26.0,118.7,24.7
105C26L140374159S1,AGM105_S1,3,2026-12-09,308.024,313.072,314.908,315.827,313.559,318.577,43.19,44.71,44.26,45.38,44.75,43.25,938.3,83.0,2.06,6,5,1265,3,2.08,29.5,110.2,27.6
105C26L622160829S1,AGM105_S1,3,2026-12-12,320.551,322.831,326.139,325.383,322.158,323.077,44.87,44.88,42.61,44.38,44.28,45.66,941.8,78.5,2.03,1,5,1507,3,2.12,26.1,117.6,22.8
105C26L841688428S1,AGM105_S1,3,2026-12-27,310.763,310.966,312.454,312.846,311.364,308.848,46.24,42.84,45.57,45.72,45.37,45.16,912.2,83.2,2.09,5,7,1675,3,2.1,22.7,116.7,21.0
105C26L072541220S1,AGM105_S1,3,2026-12-13,305.461,311.781,308.051,305.903,308.187,313.533,46.95,45.99,46.19,44.91,48.06,45.29,951.1,79.6,2.13,3,14,1277,6,2.1,24.3,124.1,23.1
105C26L154776636S1,AGM105_S1,2,2026-12-03,310.301,313.253,320.378,316.887,311.869,315.621,45.31,44.74,46.08,45.81,44.95,43.57,987.3,63.5,2.01,1,6,1959,4,2.17,28.3,118.5,19.2
